{"type":"FeatureCollection","generatedAt":"2026-08-12T12:59:15.589Z","attribution":"NASA Earth Observatory Natural Event Tracker (EONET)","sourceName":"NASA EONET","sourceUrl":"https://eonet.gsfc.nasa.gov/","methodologyUrl":"https://eonet.gsfc.nasa.gov/docs/v3","note":"One latest known point per currently open EONET event. Event locations and open status reflect source curation and may change.","features":[{"type":"Feature","properties":{"id":"EONET_22385","title":"Tropical Storm Peilou","description":"","date":"2026-08-12T06:00:00Z","categoryId":"severeStorms","category":"Severe Storms","sourceName":"JTWC","sourceUrl":"https://www.metoc.navy.mil/jtwc/products/wp1326.tcw","eventUrl":"https://eonet.gsfc.nasa.gov/api/v3/events/EONET_22385/geojson","magnitude":"30 kts","magnitudeDescription":""},"geometry":{"type":"Point","coordinates":[162.7,30.1]}},{"type":"Feature","properties":{"id":"EONET_22306","title":"Tropical Cyclone Chan-Hom","description":"","date":"2026-08-11T18:00:00Z","categoryId":"severeStorms","category":"Severe Storms","sourceName":"JTWC","sourceUrl":"https://www.metoc.navy.mil/jtwc/products/wp1426.tcw","eventUrl":"https://eonet.gsfc.nasa.gov/api/v3/events/EONET_22306/geojson","magnitude":"30 kts","magnitudeDescription":""},"geometry":{"type":"Point","coordinates":[137.4,35.8]}},{"type":"Feature","properties":{"id":"EONET_22386","title":"Tropical Storm 15W","description":"","date":"2026-08-11T00:00:00Z","categoryId":"severeStorms","category":"Severe Storms","sourceName":"JTWC","sourceUrl":"https://www.metoc.navy.mil/jtwc/products/wp1526.tcw","eventUrl":"https://eonet.gsfc.nasa.gov/api/v3/events/EONET_22386/geojson","magnitude":"25 kts","magnitudeDescription":""},"geometry":{"type":"Point","coordinates":[160.8,28.4]}},{"type":"Feature","properties":{"id":"EONET_22430","title":"Wildfire Harris, Rosebud, Montana","description":"30 Miles SW from Ashland, MT","date":"2026-08-09T16:55:00Z","categoryId":"wildfires","category":"Wildfires","sourceName":"IRWIN","sourceUrl":"https://irwin.doi.gov/observer/incidents/2026-MTMCD-000676","eventUrl":"https://eonet.gsfc.nasa.gov/api/v3/events/EONET_22430/geojson","magnitude":"924.3 acres","magnitudeDescription":""},"geometry":{"type":"Point","coordinates":[-106.634317,45.195183]}},{"type":"Feature","properties":{"id":"EONET_22424","title":"Wildfire WEISER KNOLL, Fremont, Wyoming","description":"13 Miles SE from Lander, WY","date":"2026-08-09T16:32:00Z","categoryId":"wildfires","category":"Wildfires","sourceName":"IRWIN","sourceUrl":"https://irwin.doi.gov/observer/incidents/2026-WYWBD-000294","eventUrl":"https://eonet.gsfc.nasa.gov/api/v3/events/EONET_22424/geojson","magnitude":"8500 acres","magnitudeDescription":""},"geometry":{"type":"Point","coordinates":[-108.607547,42.636437]}},{"type":"Feature","properties":{"id":"EONET_22428","title":"Wildfire Brown, Oldham, Texas","description":"","date":"2026-08-09T14:21:00Z","categoryId":"wildfires","category":"Wildfires","sourceName":"IRWIN","sourceUrl":"https://irwin.doi.gov/observer/incidents/2026-TXTXS-266753","eventUrl":"https://eonet.gsfc.nasa.gov/api/v3/events/EONET_22428/geojson","magnitude":"800 acres","magnitudeDescription":""},"geometry":{"type":"Point","coordinates":[-102.989,35.3735]}},{"type":"Feature","properties":{"id":"EONET_22427","title":"Wildfire Fred Mt, Washoe, Nevada","description":"","date":"2026-08-09T13:39:00Z","categoryId":"wildfires","category":"Wildfires","sourceName":"IRWIN","sourceUrl":"https://irwin.doi.gov/observer/incidents/2026-NVTMFX-030694","eventUrl":"https://eonet.gsfc.nasa.gov/api/v3/events/EONET_22427/geojson","magnitude":"1400 acres","magnitudeDescription":""},"geometry":{"type":"Point","coordinates":[-119.8492,39.762667]}},{"type":"Feature","properties":{"id":"EONET_21776","title":"Super Typhoon Dolphin","description":"","date":"2026-08-09T12:00:00Z","categoryId":"severeStorms","category":"Severe Storms","sourceName":"JTWC","sourceUrl":"https://www.metoc.navy.mil/jtwc/products/wp1226.tcw","eventUrl":"https://eonet.gsfc.nasa.gov/api/v3/events/EONET_21776/geojson","magnitude":"65 kts","magnitudeDescription":""},"geometry":{"type":"Point","coordinates":[120.6,27.9]}},{"type":"Feature","properties":{"id":"EONET_22431","title":"Wildfire Timber, Monterey, California","description":"","date":"2026-08-09T00:36:00Z","categoryId":"wildfires","category":"Wildfires","sourceName":"IRWIN","sourceUrl":"https://irwin.doi.gov/observer/incidents/2026-CALPF-002271","eventUrl":"https://eonet.gsfc.nasa.gov/api/v3/events/EONET_22431/geojson","magnitude":"800 acres","magnitudeDescription":""},"geometry":{"type":"Point","coordinates":[-121.717508,36.215894]}},{"type":"Feature","properties":{"id":"EONET_22434","title":"Wildfire PALOUSE RIVER, Whitman, Washington","description":"2 Miles E from Colfax, WA","date":"2026-08-08T20:58:00Z","categoryId":"wildfires","category":"Wildfires","sourceName":"IRWIN","sourceUrl":"https://irwin.doi.gov/observer/incidents/2026-WAWFS-001934","eventUrl":"https://eonet.gsfc.nasa.gov/api/v3/events/EONET_22434/geojson","magnitude":"637 acres","magnitudeDescription":""},"geometry":{"type":"Point","coordinates":[-117.307978,46.870892]}},{"type":"Feature","properties":{"id":"EONET_22432","title":"Wildfire Bug, Lassen, California","description":"3 Miles S from Hallelujah Junction, CA","date":"2026-08-08T18:49:00Z","categoryId":"wildfires","category":"Wildfires","sourceName":"IRWIN","sourceUrl":"https://irwin.doi.gov/observer/incidents/2026-NVCCD-030683","eventUrl":"https://eonet.gsfc.nasa.gov/api/v3/events/EONET_22432/geojson","magnitude":"15000 acres","magnitudeDescription":""},"geometry":{"type":"Point","coordinates":[-120.038117,39.727883]}},{"type":"Feature","properties":{"id":"EONET_22436","title":"Wildfire WELLS ROAD, Whitman, Washington","description":"14 Miles NE from St. John, WA","date":"2026-08-08T18:36:00Z","categoryId":"wildfires","category":"Wildfires","sourceName":"IRWIN","sourceUrl":"https://irwin.doi.gov/observer/incidents/2026-WAWFS-001933","eventUrl":"https://eonet.gsfc.nasa.gov/api/v3/events/EONET_22436/geojson","magnitude":"1812 acres","magnitudeDescription":""},"geometry":{"type":"Point","coordinates":[-117.51,47.24]}},{"type":"Feature","properties":{"id":"EONET_22426","title":"Wildfire NUNAMAKER ROAD, Franklin, Washington","description":"10 Miles S from Washtucna, WA","date":"2026-08-08T14:16:00Z","categoryId":"wildfires","category":"Wildfires","sourceName":"IRWIN","sourceUrl":"https://irwin.doi.gov/observer/incidents/2026-WASPD-260605","eventUrl":"https://eonet.gsfc.nasa.gov/api/v3/events/EONET_22426/geojson","magnitude":"20870 acres","magnitudeDescription":""},"geometry":{"type":"Point","coordinates":[-118.4075,46.5942]}},{"type":"Feature","properties":{"id":"EONET_22425","title":"Wildfire LITTLE GOOSE, Columbia, Washington","description":"18 Miles N from DAYTON, WA","date":"2026-08-07T21:01:00Z","categoryId":"wildfires","category":"Wildfires","sourceName":"IRWIN","sourceUrl":"https://irwin.doi.gov/observer/incidents/2026-WAWFS-001924","eventUrl":"https://eonet.gsfc.nasa.gov/api/v3/events/EONET_22425/geojson","magnitude":"8524 acres","magnitudeDescription":""},"geometry":{"type":"Point","coordinates":[-118.09,46.536]}},{"type":"Feature","properties":{"id":"EONET_22433","title":"Wildfire MP18, Humboldt, California","description":"2 Miles N from Hoopa, CA","date":"2026-08-07T19:52:00Z","categoryId":"wildfires","category":"Wildfires","sourceName":"IRWIN","sourceUrl":"https://irwin.doi.gov/observer/incidents/2026-CAHVT-000753","eventUrl":"https://eonet.gsfc.nasa.gov/api/v3/events/EONET_22433/geojson","magnitude":"1500 acres","magnitudeDescription":""},"geometry":{"type":"Point","coordinates":[-123.685,41.1330556]}},{"type":"Feature","properties":{"id":"EONET_22446","title":"Wildfire Rocky Canyon, Morgan, Utah","description":"6 Miles SW from Hennifer, UT","date":"2026-08-07T18:30:00Z","categoryId":"wildfires","category":"Wildfires","sourceName":"IRWIN","sourceUrl":"https://irwin.doi.gov/observer/incidents/2026-UTNWS-200580","eventUrl":"https://eonet.gsfc.nasa.gov/api/v3/events/EONET_22446/geojson","magnitude":"4372 acres","magnitudeDescription":""},"geometry":{"type":"Point","coordinates":[-111.642133,40.939517]}},{"type":"Feature","properties":{"id":"EONET_22442","title":"Wildfire RIDGE, Los Angeles, California","description":"25 Miles S from Bakersfield, CA","date":"2026-08-07T17:44:00Z","categoryId":"wildfires","category":"Wildfires","sourceName":"IRWIN","sourceUrl":"https://irwin.doi.gov/observer/incidents/2026-CALAC-278844","eventUrl":"https://eonet.gsfc.nasa.gov/api/v3/events/EONET_22442/geojson","magnitude":"1134 acres","magnitudeDescription":""},"geometry":{"type":"Point","coordinates":[-118.82999,34.79108]}},{"type":"Feature","properties":{"id":"EONET_22449","title":"Wildfire MM115 HWY 20, Elmore, Idaho","description":"12 Miles NE from MOUNTAIN HOME, ID","date":"2026-08-07T17:42:00Z","categoryId":"wildfires","category":"Wildfires","sourceName":"IRWIN","sourceUrl":"https://irwin.doi.gov/observer/incidents/2026-IDSWS-000901","eventUrl":"https://eonet.gsfc.nasa.gov/api/v3/events/EONET_22449/geojson","magnitude":"4936 acres","magnitudeDescription":""},"geometry":{"type":"Point","coordinates":[-115.447144,43.302]}},{"type":"Feature","properties":{"id":"EONET_22454","title":"Wildfire Montgomery Draw, Campbell, Wyoming","description":"15 Miles NW from Gillitte, WY","date":"2026-08-06T19:19:00Z","categoryId":"wildfires","category":"Wildfires","sourceName":"IRWIN","sourceUrl":"https://irwin.doi.gov/observer/incidents/2026-WYCMX-000389","eventUrl":"https://eonet.gsfc.nasa.gov/api/v3/events/EONET_22454/geojson","magnitude":"536 acres","magnitudeDescription":""},"geometry":{"type":"Point","coordinates":[-105.8556,44.366767]}},{"type":"Feature","properties":{"id":"EONET_22445","title":"Wildfire COTTONWOOD, Grant, Oregon","description":"15 Miles SW from LONG CREEK, OR","date":"2026-08-06T18:41:00Z","categoryId":"wildfires","category":"Wildfires","sourceName":"IRWIN","sourceUrl":"https://irwin.doi.gov/observer/incidents/2026-OR952S-026181","eventUrl":"https://eonet.gsfc.nasa.gov/api/v3/events/EONET_22445/geojson","magnitude":"723 acres","magnitudeDescription":""},"geometry":{"type":"Point","coordinates":[-119.380383,44.628133]}},{"type":"Feature","properties":{"id":"EONET_22444","title":"Wildfire 310, Garfield, Colorado","description":"1 Miles E from Battlement Mesa, CO","date":"2026-08-06T15:40:00Z","categoryId":"wildfires","category":"Wildfires","sourceName":"IRWIN","sourceUrl":"https://irwin.doi.gov/observer/incidents/2026-COGFX-260411","eventUrl":"https://eonet.gsfc.nasa.gov/api/v3/events/EONET_22444/geojson","magnitude":"601 acres","magnitudeDescription":""},"geometry":{"type":"Point","coordinates":[-107.983983,39.44445]}},{"type":"Feature","properties":{"id":"EONET_22447","title":"Wildfire B.B, Osage, Oklahoma","description":"6 Miles NE from Foraker, OK","date":"2026-08-06T12:56:00Z","categoryId":"wildfires","category":"Wildfires","sourceName":"IRWIN","sourceUrl":"https://irwin.doi.gov/observer/incidents/2026-OKOSA-002275","eventUrl":"https://eonet.gsfc.nasa.gov/api/v3/events/EONET_22447/geojson","magnitude":"2304 acres","magnitudeDescription":""},"geometry":{"type":"Point","coordinates":[-96.461093,36.907919]}},{"type":"Feature","properties":{"id":"EONET_22196","title":"Wildfire Wrights Spring, Klamath, Oregon","description":"","date":"2026-08-05T18:00:00Z","categoryId":"wildfires","category":"Wildfires","sourceName":"IRWIN","sourceUrl":"https://irwin.doi.gov/observer/incidents/2026-ORFWF-260286","eventUrl":"https://eonet.gsfc.nasa.gov/api/v3/events/EONET_22196/geojson","magnitude":"1200 acres","magnitudeDescription":""},"geometry":{"type":"Point","coordinates":[-121.728667,42.4695]}},{"type":"Feature","properties":{"id":"EONET_22195","title":"Wildfire BUZZARD, Kern, California","description":"6 Miles NW from LEBEC, CA","date":"2026-08-05T11:08:00Z","categoryId":"wildfires","category":"Wildfires","sourceName":"IRWIN","sourceUrl":"https://irwin.doi.gov/observer/incidents/2026-CAKRN-032905","eventUrl":"https://eonet.gsfc.nasa.gov/api/v3/events/EONET_22195/geojson","magnitude":"500 acres","magnitudeDescription":""},"geometry":{"type":"Point","coordinates":[-118.9227778,34.8997222]}},{"type":"Feature","properties":{"id":"EONET_22429","title":"Wildfire Frijoles, Santa Fe, New Mexico","description":"3 Miles E from Cundiyo, NM","date":"2026-08-05T10:05:00Z","categoryId":"wildfires","category":"Wildfires","sourceName":"IRWIN","sourceUrl":"https://irwin.doi.gov/observer/incidents/2026-NMSNF-000444","eventUrl":"https://eonet.gsfc.nasa.gov/api/v3/events/EONET_22429/geojson","magnitude":"3000 acres","magnitudeDescription":""},"geometry":{"type":"Point","coordinates":[-105.848167,35.908667]}},{"type":"Feature","properties":{"id":"EONET_22197","title":"Wildfire Bare, Sublette, Wyoming","description":"20 Miles NW from Big Piney, WY","date":"2026-08-04T17:46:00Z","categoryId":"wildfires","category":"Wildfires","sourceName":"IRWIN","sourceUrl":"https://irwin.doi.gov/observer/incidents/2026-WYBTF-002621","eventUrl":"https://eonet.gsfc.nasa.gov/api/v3/events/EONET_22197/geojson","magnitude":"800 acres","magnitudeDescription":""},"geometry":{"type":"Point","coordinates":[-110.48225,42.758633]}},{"type":"Feature","properties":{"id":"EONET_22201","title":"Wildfire Butte, Gila, Arizona","description":"20 Miles SW from San Carlos, AZ","date":"2026-08-03T21:15:00Z","categoryId":"wildfires","category":"Wildfires","sourceName":"IRWIN","sourceUrl":"https://irwin.doi.gov/observer/incidents/2026-AZSCA-001192","eventUrl":"https://eonet.gsfc.nasa.gov/api/v3/events/EONET_22201/geojson","magnitude":"670 acres","magnitudeDescription":""},"geometry":{"type":"Point","coordinates":[-110.163611,33.509722]}},{"type":"Feature","properties":{"id":"EONET_22198","title":"Wildfire GANN, Calaveras, California","description":"6 Miles SE from Valley Springs, CA","date":"2026-08-03T20:28:00Z","categoryId":"wildfires","category":"Wildfires","sourceName":"IRWIN","sourceUrl":"https://irwin.doi.gov/observer/incidents/2026-CATCU-011483","eventUrl":"https://eonet.gsfc.nasa.gov/api/v3/events/EONET_22198/geojson","magnitude":"10373 acres","magnitudeDescription":""},"geometry":{"type":"Point","coordinates":[-120.77336,38.111446]}},{"type":"Feature","properties":{"id":"EONET_22101","title":"Wildfire Middle Coulee, Chouteau, Montana","description":"4 Miles N from Carter, MT","date":"2026-08-02T22:17:00Z","categoryId":"wildfires","category":"Wildfires","sourceName":"IRWIN","sourceUrl":"https://irwin.doi.gov/observer/incidents/2026-MTLG19-000260","eventUrl":"https://eonet.gsfc.nasa.gov/api/v3/events/EONET_22101/geojson","magnitude":"1200 acres","magnitudeDescription":""},"geometry":{"type":"Point","coordinates":[-110.990383,47.733335]}},{"type":"Feature","properties":{"id":"EONET_22108","title":"Wildfire Antelope Creek, Elko, Nevada","description":"25 Miles N from Dunphy, NV","date":"2026-08-02T14:31:00Z","categoryId":"wildfires","category":"Wildfires","sourceName":"IRWIN","sourceUrl":"https://irwin.doi.gov/observer/incidents/2026-NVEKD-010378","eventUrl":"https://eonet.gsfc.nasa.gov/api/v3/events/EONET_22108/geojson","magnitude":"6500 acres","magnitudeDescription":""},"geometry":{"type":"Point","coordinates":[-116.543867,41.049033]}},{"type":"Feature","properties":{"id":"EONET_22105","title":"Wildfire Bluegill, Miami-Dade, Florida","description":"7 Miles W from Miami, FL","date":"2026-08-02T12:47:00Z","categoryId":"wildfires","category":"Wildfires","sourceName":"IRWIN","sourceUrl":"https://irwin.doi.gov/observer/incidents/2026-FLEVP-002390","eventUrl":"https://eonet.gsfc.nasa.gov/api/v3/events/EONET_22105/geojson","magnitude":"750 acres","magnitudeDescription":""},"geometry":{"type":"Point","coordinates":[-80.606167,25.75775]}},{"type":"Feature","properties":{"id":"EONET_22107","title":"Wildfire MITRE ROCK, Stevens, Washington","description":"19 Miles NW from Davenport, WA","date":"2026-08-01T21:42:00Z","categoryId":"wildfires","category":"Wildfires","sourceName":"IRWIN","sourceUrl":"https://irwin.doi.gov/observer/incidents/2026-WASPA-001868","eventUrl":"https://eonet.gsfc.nasa.gov/api/v3/events/EONET_22107/geojson","magnitude":"1547 acres","magnitudeDescription":""},"geometry":{"type":"Point","coordinates":[-118.328486,47.911635]}},{"type":"Feature","properties":{"id":"EONET_22109","title":"Wildfire Johnson Canyon, Box Elder, Utah","description":"13 Miles NW from Tremonton, UT","date":"2026-08-01T21:07:00Z","categoryId":"wildfires","category":"Wildfires","sourceName":"IRWIN","sourceUrl":"https://irwin.doi.gov/observer/incidents/2026-UTBRS-200554","eventUrl":"https://eonet.gsfc.nasa.gov/api/v3/events/EONET_22109/geojson","magnitude":"6500 acres","magnitudeDescription":""},"geometry":{"type":"Point","coordinates":[-112.304918,41.874782]}},{"type":"Feature","properties":{"id":"EONET_22443","title":"Wildfire Black Bear, Ravalli, Montana","description":"15 Miles E from Hamilton, MT","date":"2026-08-01T20:58:00Z","categoryId":"wildfires","category":"Wildfires","sourceName":"IRWIN","sourceUrl":"https://irwin.doi.gov/observer/incidents/2026-MTBRF-000282","eventUrl":"https://eonet.gsfc.nasa.gov/api/v3/events/EONET_22443/geojson","magnitude":"1469 acres","magnitudeDescription":""},"geometry":{"type":"Point","coordinates":[-113.8895,46.167967]}},{"type":"Feature","properties":{"id":"EONET_22127","title":"Wildfire Semi 270, Woodward, Oklahoma","description":"8 Miles NW from Woodward, OK","date":"2026-08-01T20:51:00Z","categoryId":"wildfires","category":"Wildfires","sourceName":"IRWIN","sourceUrl":"https://irwin.doi.gov/observer/incidents/2026-OKOKS-260786","eventUrl":"https://eonet.gsfc.nasa.gov/api/v3/events/EONET_22127/geojson","magnitude":"682 acres","magnitudeDescription":""},"geometry":{"type":"Point","coordinates":[-99.5161667,36.5143333]}},{"type":"Feature","properties":{"id":"EONET_22115","title":"Wildfire Eggo, Wallowa, Oregon","description":"17 Miles NE from Enterprise, OR","date":"2026-08-01T20:28:00Z","categoryId":"wildfires","category":"Wildfires","sourceName":"IRWIN","sourceUrl":"https://irwin.doi.gov/observer/incidents/2026-OR974S-000423","eventUrl":"https://eonet.gsfc.nasa.gov/api/v3/events/EONET_22115/geojson","magnitude":"3774 acres","magnitudeDescription":""},"geometry":{"type":"Point","coordinates":[-117.0871,45.6696]}},{"type":"Feature","properties":{"id":"EONET_22125","title":"Wildfire HUDSPETH, Stevens, Washington","description":"3 Miles SE from HUNTERS, WA","date":"2026-08-01T19:32:00Z","categoryId":"wildfires","category":"Wildfires","sourceName":"IRWIN","sourceUrl":"https://irwin.doi.gov/observer/incidents/2026-WANES-001860","eventUrl":"https://eonet.gsfc.nasa.gov/api/v3/events/EONET_22125/geojson","magnitude":"4211 acres","magnitudeDescription":""},"geometry":{"type":"Point","coordinates":[-118.158917,48.08845]}},{"type":"Feature","properties":{"id":"EONET_22104","title":"Wildfire AUTUMN LANE, Spokane, Washington","description":"7 Miles NW from Spokane, WA","date":"2026-08-01T18:49:00Z","categoryId":"wildfires","category":"Wildfires","sourceName":"IRWIN","sourceUrl":"https://irwin.doi.gov/observer/incidents/2026-WANES-001857","eventUrl":"https://eonet.gsfc.nasa.gov/api/v3/events/EONET_22104/geojson","magnitude":"3351 acres","magnitudeDescription":""},"geometry":{"type":"Point","coordinates":[-117.612833,47.7945]}},{"type":"Feature","properties":{"id":"EONET_22110","title":"Wildfire FELIZ, Mendocino, California","description":"4 Miles NW from Hopland, CA","date":"2026-08-01T18:39:00Z","categoryId":"wildfires","category":"Wildfires","sourceName":"IRWIN","sourceUrl":"https://irwin.doi.gov/observer/incidents/2026-CAMEU-008929","eventUrl":"https://eonet.gsfc.nasa.gov/api/v3/events/EONET_22110/geojson","magnitude":"872 acres","magnitudeDescription":""},"geometry":{"type":"Point","coordinates":[-123.16114,38.99246]}},{"type":"Feature","properties":{"id":"EONET_22119","title":"Wildfire 0658 ROUND BUTTE, Jefferson, Oregon","description":"10 Miles W from Madras, OR","date":"2026-08-01T18:32:00Z","categoryId":"wildfires","category":"Wildfires","sourceName":"IRWIN","sourceUrl":"https://irwin.doi.gov/observer/incidents/2026-OROCF-000658","eventUrl":"https://eonet.gsfc.nasa.gov/api/v3/events/EONET_22119/geojson","magnitude":"1039 acres","magnitudeDescription":""},"geometry":{"type":"Point","coordinates":[-121.224778,44.600111]}},{"type":"Feature","properties":{"id":"EONET_22111","title":"Wildfire FAIRVIEW, Spokane, Washington","description":"2 Miles NE from SPOKANE, WA","date":"2026-08-01T17:42:00Z","categoryId":"wildfires","category":"Wildfires","sourceName":"IRWIN","sourceUrl":"https://irwin.doi.gov/observer/incidents/2026-WANES-001852","eventUrl":"https://eonet.gsfc.nasa.gov/api/v3/events/EONET_22111/geojson","magnitude":"1056 acres","magnitudeDescription":""},"geometry":{"type":"Point","coordinates":[-117.3577,47.750926]}},{"type":"Feature","properties":{"id":"EONET_22116","title":"Wildfire Sand Creek, Beaverhead, Montana","description":"5 Miles E from Wisdom, MT","date":"2026-08-01T16:39:00Z","categoryId":"wildfires","category":"Wildfires","sourceName":"IRWIN","sourceUrl":"https://irwin.doi.gov/observer/incidents/2026-MTBDF-266319","eventUrl":"https://eonet.gsfc.nasa.gov/api/v3/events/EONET_22116/geojson","magnitude":"1000 acres","magnitudeDescription":""},"geometry":{"type":"Point","coordinates":[-113.325667,45.554667]}},{"type":"Feature","properties":{"id":"EONET_22112","title":"Wildfire OLD TRAILS, Spokane, Washington","description":"3 Miles W from SPOKANE, WA","date":"2026-08-01T15:11:00Z","categoryId":"wildfires","category":"Wildfires","sourceName":"IRWIN","sourceUrl":"https://irwin.doi.gov/observer/incidents/2026-WANES-001845","eventUrl":"https://eonet.gsfc.nasa.gov/api/v3/events/EONET_22112/geojson","magnitude":"3619 acres","magnitudeDescription":""},"geometry":{"type":"Point","coordinates":[-117.533414,47.683851]}},{"type":"Feature","properties":{"id":"EONET_22128","title":"Wildfire Potato Creek, Jackson, South Dakota","description":"","date":"2026-08-01T12:10:00Z","categoryId":"wildfires","category":"Wildfires","sourceName":"IRWIN","sourceUrl":"https://irwin.doi.gov/observer/incidents/2026-SDPRA-260748","eventUrl":"https://eonet.gsfc.nasa.gov/api/v3/events/EONET_22128/geojson","magnitude":"8969.3 acres","magnitudeDescription":""},"geometry":{"type":"Point","coordinates":[-102.07303,43.563356]}},{"type":"Feature","properties":{"id":"EONET_22106","title":"Wildfire Big Rock, Jefferson, Idaho","description":"20 Miles E from Idaho Falls, ID","date":"2026-07-31T20:27:00Z","categoryId":"wildfires","category":"Wildfires","sourceName":"IRWIN","sourceUrl":"https://irwin.doi.gov/observer/incidents/2026-IDIFD-000152","eventUrl":"https://eonet.gsfc.nasa.gov/api/v3/events/EONET_22106/geojson","magnitude":"2482 acres","magnitudeDescription":""},"geometry":{"type":"Point","coordinates":[-111.664267,43.63805]}},{"type":"Feature","properties":{"id":"EONET_22121","title":"Wildfire Bobcat Lakes, Beaverhead, Montana","description":"12 Miles E from Wisdom, MT","date":"2026-07-31T18:29:00Z","categoryId":"wildfires","category":"Wildfires","sourceName":"IRWIN","sourceUrl":"https://irwin.doi.gov/observer/incidents/2026-MTBDF-266313","eventUrl":"https://eonet.gsfc.nasa.gov/api/v3/events/EONET_22121/geojson","magnitude":"755 acres","magnitudeDescription":""},"geometry":{"type":"Point","coordinates":[-113.203883,45.636817]}},{"type":"Feature","properties":{"id":"EONET_22100","title":"Wildfire Lumin, Sheridan, Wyoming","description":"22 Miles E from Sheridan, WY","date":"2026-07-31T17:46:00Z","categoryId":"wildfires","category":"Wildfires","sourceName":"IRWIN","sourceUrl":"https://irwin.doi.gov/observer/incidents/2026-WYSHX-000363","eventUrl":"https://eonet.gsfc.nasa.gov/api/v3/events/EONET_22100/geojson","magnitude":"7267 acres","magnitudeDescription":""},"geometry":{"type":"Point","coordinates":[-106.4085,44.8235]}},{"type":"Feature","properties":{"id":"EONET_22114","title":"Wildfire Ant Park, Meagher, Montana","description":"15 Miles NE from White Sulphur Springs, MT","date":"2026-07-31T17:46:00Z","categoryId":"wildfires","category":"Wildfires","sourceName":"IRWIN","sourceUrl":"https://irwin.doi.gov/observer/incidents/2026-MTHLF-000529","eventUrl":"https://eonet.gsfc.nasa.gov/api/v3/events/EONET_22114/geojson","magnitude":"700 acres","magnitudeDescription":""},"geometry":{"type":"Point","coordinates":[-110.639667,46.7365]}},{"type":"Feature","properties":{"id":"EONET_22103","title":"Wildfire Ward, White Pine, Nevada","description":"10 Miles S from Ely, NV","date":"2026-07-31T14:03:00Z","categoryId":"wildfires","category":"Wildfires","sourceName":"IRWIN","sourceUrl":"https://irwin.doi.gov/observer/incidents/2026-NVHTF-040303","eventUrl":"https://eonet.gsfc.nasa.gov/api/v3/events/EONET_22103/geojson","magnitude":"8200 acres","magnitudeDescription":""},"geometry":{"type":"Point","coordinates":[-114.89485,39.103167]}},{"type":"Feature","properties":{"id":"EONET_22120","title":"Wildfire Black Canyon, Sanpete, Utah","description":"29 Miles SW from Price, UT","date":"2026-07-30T21:26:00Z","categoryId":"wildfires","category":"Wildfires","sourceName":"IRWIN","sourceUrl":"https://irwin.doi.gov/observer/incidents/2026-UTMLF-005244","eventUrl":"https://eonet.gsfc.nasa.gov/api/v3/events/EONET_22120/geojson","magnitude":"500 acres","magnitudeDescription":""},"geometry":{"type":"Point","coordinates":[-111.307967,39.383]}},{"type":"Feature","properties":{"id":"EONET_22202","title":"Wildfire Moose Mountain, Clearwater, Idaho","description":"27 Miles NE from Pierce, ID","date":"2026-07-30T12:37:00Z","categoryId":"wildfires","category":"Wildfires","sourceName":"IRWIN","sourceUrl":"https://irwin.doi.gov/observer/incidents/2026-IDNCF-000349","eventUrl":"https://eonet.gsfc.nasa.gov/api/v3/events/EONET_22202/geojson","magnitude":"660 acres","magnitudeDescription":""},"geometry":{"type":"Point","coordinates":[-115.2167,46.774933]}},{"type":"Feature","properties":{"id":"EONET_21965","title":"Wildfire Camden McCarthy Overpass Fire, Camden, Georgia","description":"3 Miles NE from Woodbine, GA","date":"2026-07-30T00:14:00Z","categoryId":"wildfires","category":"Wildfires","sourceName":"IRWIN","sourceUrl":"https://irwin.doi.gov/observer/incidents/2026-GAGAS-042702","eventUrl":"https://eonet.gsfc.nasa.gov/api/v3/events/EONET_21965/geojson","magnitude":"600 acres","magnitudeDescription":""},"geometry":{"type":"Point","coordinates":[-81.6666667,30.9780556]}},{"type":"Feature","properties":{"id":"EONET_22448","title":"Wildfire Lake Channel, Power, Idaho","description":"","date":"2026-07-29T21:36:00Z","categoryId":"wildfires","category":"Wildfires","sourceName":"IRWIN","sourceUrl":"https://irwin.doi.gov/observer/incidents/2026-IDTFD-000999","eventUrl":"https://eonet.gsfc.nasa.gov/api/v3/events/EONET_22448/geojson","magnitude":"2516.39 acres","magnitudeDescription":""},"geometry":{"type":"Point","coordinates":[-113.020005,42.665061]}},{"type":"Feature","properties":{"id":"EONET_22123","title":"Wildfire Skillet, Lincoln, Montana","description":"15 Miles W from Olney, MT","date":"2026-07-29T18:55:00Z","categoryId":"wildfires","category":"Wildfires","sourceName":"IRWIN","sourceUrl":"https://irwin.doi.gov/observer/incidents/2026-MTFNF-000306","eventUrl":"https://eonet.gsfc.nasa.gov/api/v3/events/EONET_22123/geojson","magnitude":"1318 acres","magnitudeDescription":""},"geometry":{"type":"Point","coordinates":[-114.86665,48.491333]}},{"type":"Feature","properties":{"id":"EONET_21968","title":"Wildfire Duhamel, Pennington, South Dakota","description":"40 Miles N from Wall, SD","date":"2026-07-29T18:24:00Z","categoryId":"wildfires","category":"Wildfires","sourceName":"IRWIN","sourceUrl":"https://irwin.doi.gov/observer/incidents/2026-SDPNX-260761","eventUrl":"https://eonet.gsfc.nasa.gov/api/v3/events/EONET_21968/geojson","magnitude":"531 acres","magnitudeDescription":""},"geometry":{"type":"Point","coordinates":[-102.269833,44.437]}},{"type":"Feature","properties":{"id":"EONET_21976","title":"Wildfire HOLEY LAND (6), Broward, Florida","description":"53 Miles NW from MIA AIRPORT, FL","date":"2026-07-28T19:53:00Z","categoryId":"wildfires","category":"Wildfires","sourceName":"IRWIN","sourceUrl":"https://irwin.doi.gov/observer/incidents/2026-FLFLS-261800117","eventUrl":"https://eonet.gsfc.nasa.gov/api/v3/events/EONET_21976/geojson","magnitude":"3900 acres","magnitudeDescription":""},"geometry":{"type":"Point","coordinates":[-80.8119444,26.26]}},{"type":"Feature","properties":{"id":"EONET_22118","title":"Wildfire Rio Blanco, Archuleta, Colorado","description":"10 Miles S from Pagosa Springs, CO","date":"2026-07-28T17:28:00Z","categoryId":"wildfires","category":"Wildfires","sourceName":"IRWIN","sourceUrl":"https://irwin.doi.gov/observer/incidents/2026-COSJF-000806","eventUrl":"https://eonet.gsfc.nasa.gov/api/v3/events/EONET_22118/geojson","magnitude":"1083 acres","magnitudeDescription":""},"geometry":{"type":"Point","coordinates":[-106.985207,37.124649]}},{"type":"Feature","properties":{"id":"EONET_21977","title":"Wildfire L 28, Broward, Florida","description":"20 Miles NW from Pembroke Pines, FL","date":"2026-07-28T09:53:00Z","categoryId":"wildfires","category":"Wildfires","sourceName":"IRWIN","sourceUrl":"https://irwin.doi.gov/observer/incidents/2026-FLSET-002349","eventUrl":"https://eonet.gsfc.nasa.gov/api/v3/events/EONET_21977/geojson","magnitude":"1000 acres","magnitudeDescription":""},"geometry":{"type":"Point","coordinates":[-80.8295,26.240333]}},{"type":"Feature","properties":{"id":"EONET_21966","title":"Wildfire Widemouth 2, Millard, Utah","description":"2 Miles SW from Kanosh, UT","date":"2026-07-27T19:19:00Z","categoryId":"wildfires","category":"Wildfires","sourceName":"IRWIN","sourceUrl":"https://irwin.doi.gov/observer/incidents/2026-UTFIF-260341","eventUrl":"https://eonet.gsfc.nasa.gov/api/v3/events/EONET_21966/geojson","magnitude":"5926 acres","magnitudeDescription":""},"geometry":{"type":"Point","coordinates":[-112.498983,38.728917]}},{"type":"Feature","properties":{"id":"EONET_21973","title":"Wildfire Potato Creek, Jackson, South Dakota","description":"13 Miles NE from Kyle, SD","date":"2026-07-27T17:22:00Z","categoryId":"wildfires","category":"Wildfires","sourceName":"IRWIN","sourceUrl":"https://irwin.doi.gov/observer/incidents/2026-SDPRA-000126","eventUrl":"https://eonet.gsfc.nasa.gov/api/v3/events/EONET_21973/geojson","magnitude":"9000 acres","magnitudeDescription":""},"geometry":{"type":"Point","coordinates":[-102.0730299,43.56335643]}},{"type":"Feature","properties":{"id":"EONET_21971","title":"Wildfire FISH, Kern, California","description":"3 Miles NW from HART FLAT, CA","date":"2026-07-27T15:11:00Z","categoryId":"wildfires","category":"Wildfires","sourceName":"IRWIN","sourceUrl":"https://irwin.doi.gov/observer/incidents/2026-CAKRN-031524","eventUrl":"https://eonet.gsfc.nasa.gov/api/v3/events/EONET_21971/geojson","magnitude":"4201 acres","magnitudeDescription":""},"geometry":{"type":"Point","coordinates":[-118.65,35.2816667]}},{"type":"Feature","properties":{"id":"EONET_21969","title":"Wildfire Rayado Mesa, Colfax, New Mexico","description":"5 Miles SW from Miami, NM","date":"2026-07-27T15:09:00Z","categoryId":"wildfires","category":"Wildfires","sourceName":"IRWIN","sourceUrl":"https://irwin.doi.gov/observer/incidents/2026-NMN2S-000560","eventUrl":"https://eonet.gsfc.nasa.gov/api/v3/events/EONET_21969/geojson","magnitude":"934 acres","magnitudeDescription":""},"geometry":{"type":"Point","coordinates":[-104.8503,36.3258]}},{"type":"Feature","properties":{"id":"EONET_21829","title":"Wildfire Fairpoint, Meade, South Dakota","description":"3 Miles W from Fairpoint, SD","date":"2026-07-27T11:21:00Z","categoryId":"wildfires","category":"Wildfires","sourceName":"IRWIN","sourceUrl":"https://irwin.doi.gov/observer/incidents/2026-SDSDS-260728","eventUrl":"https://eonet.gsfc.nasa.gov/api/v3/events/EONET_21829/geojson","magnitude":"510 acres","magnitudeDescription":""},"geometry":{"type":"Point","coordinates":[-102.8436111,44.7638889]}},{"type":"Feature","properties":{"id":"EONET_21972","title":"Wildfire Kohns, Campbell, Wyoming","description":"20 Miles NE from Gillette, WY","date":"2026-07-27T10:36:00Z","categoryId":"wildfires","category":"Wildfires","sourceName":"IRWIN","sourceUrl":"https://irwin.doi.gov/observer/incidents/2026-WYCMX-000338","eventUrl":"https://eonet.gsfc.nasa.gov/api/v3/events/EONET_21972/geojson","magnitude":"2700 acres","magnitudeDescription":""},"geometry":{"type":"Point","coordinates":[-105.096105,44.456138]}},{"type":"Feature","properties":{"id":"EONET_21835","title":"Wildfire Twin Butte Ck, Corson, South Dakota","description":" ","date":"2026-07-27T00:31:00Z","categoryId":"wildfires","category":"Wildfires","sourceName":"IRWIN","sourceUrl":"https://irwin.doi.gov/observer/incidents/2026-NDSRA-000101","eventUrl":"https://eonet.gsfc.nasa.gov/api/v3/events/EONET_21835/geojson","magnitude":"890 acres","magnitudeDescription":""},"geometry":{"type":"Point","coordinates":[-101.8215463,45.50605836]}},{"type":"Feature","properties":{"id":"EONET_22122","title":"Wildfire Moose, Granite, Montana","description":"24 Miles SW from Philipsburg, MT","date":"2026-07-26T18:07:00Z","categoryId":"wildfires","category":"Wildfires","sourceName":"IRWIN","sourceUrl":"https://irwin.doi.gov/observer/incidents/2026-MTBDF-266293","eventUrl":"https://eonet.gsfc.nasa.gov/api/v3/events/EONET_22122/geojson","magnitude":"594 acres","magnitudeDescription":""},"geometry":{"type":"Point","coordinates":[-113.69075,46.0722]}},{"type":"Feature","properties":{"id":"EONET_21821","title":"Wildfire SINLAHEKIN, Okanogan, Washington","description":"12 Miles W from TONASKET, WA","date":"2026-07-26T17:21:00Z","categoryId":"wildfires","category":"Wildfires","sourceName":"IRWIN","sourceUrl":"https://irwin.doi.gov/observer/incidents/2026-WANES-001791","eventUrl":"https://eonet.gsfc.nasa.gov/api/v3/events/EONET_21821/geojson","magnitude":"939 acres","magnitudeDescription":""},"geometry":{"type":"Point","coordinates":[-119.693117,48.704617]}},{"type":"Feature","properties":{"id":"EONET_21856","title":"Wildfire RANSIER, Yakima, Washington","description":"2 Miles S from White Swan, WA","date":"2026-07-26T16:56:00Z","categoryId":"wildfires","category":"Wildfires","sourceName":"IRWIN","sourceUrl":"https://irwin.doi.gov/observer/incidents/2026-WAYAA-000072","eventUrl":"https://eonet.gsfc.nasa.gov/api/v3/events/EONET_21856/geojson","magnitude":"500 acres","magnitudeDescription":""},"geometry":{"type":"Point","coordinates":[-120.742096,46.366533]}},{"type":"Feature","properties":{"id":"EONET_21846","title":"Wildfire Alice, Harding, South Dakota","description":"32 Miles NW from Camp Crook, SD","date":"2026-07-26T15:42:00Z","categoryId":"wildfires","category":"Wildfires","sourceName":"IRWIN","sourceUrl":"https://irwin.doi.gov/observer/incidents/2026-MTMCD-000565","eventUrl":"https://eonet.gsfc.nasa.gov/api/v3/events/EONET_21846/geojson","magnitude":"500 acres","magnitudeDescription":""},"geometry":{"type":"Point","coordinates":[-103.533033,45.85795]}},{"type":"Feature","properties":{"id":"EONET_21859","title":"Wildfire KAWAIHAE ROAD, Hawaii, Hawaii","description":"","date":"2026-07-26T15:26:00Z","categoryId":"wildfires","category":"Wildfires","sourceName":"IRWIN","sourceUrl":"https://irwin.doi.gov/observer/incidents/2026-HIHAWX-001140","eventUrl":"https://eonet.gsfc.nasa.gov/api/v3/events/EONET_21859/geojson","magnitude":"500 acres","magnitudeDescription":""},"geometry":{"type":"Point","coordinates":[-155.792517,20.01978]}},{"type":"Feature","properties":{"id":"EONET_21818","title":"Wildfire Chimney, Elko, Nevada","description":"16 Miles SE from Midas, NV","date":"2026-07-26T12:37:00Z","categoryId":"wildfires","category":"Wildfires","sourceName":"IRWIN","sourceUrl":"https://irwin.doi.gov/observer/incidents/2026-NVEKD-010352","eventUrl":"https://eonet.gsfc.nasa.gov/api/v3/events/EONET_21818/geojson","magnitude":"12000 acres","magnitudeDescription":""},"geometry":{"type":"Point","coordinates":[-116.988933,41.441783]}},{"type":"Feature","properties":{"id":"EONET_21819","title":"Wildfire New Pass, Churchill, Nevada","description":"30 Miles NW from Austin, NV","date":"2026-07-26T12:28:00Z","categoryId":"wildfires","category":"Wildfires","sourceName":"IRWIN","sourceUrl":"https://irwin.doi.gov/observer/incidents/2026-NVCCD-030614","eventUrl":"https://eonet.gsfc.nasa.gov/api/v3/events/EONET_21819/geojson","magnitude":"5000 acres","magnitudeDescription":""},"geometry":{"type":"Point","coordinates":[-117.486992,39.698784]}},{"type":"Feature","properties":{"id":"EONET_21831","title":"Wildfire SR - Buffalo, Sheridan, Wyoming","description":"32 Miles E from Sheridan, WY","date":"2026-07-26T09:17:00Z","categoryId":"wildfires","category":"Wildfires","sourceName":"IRWIN","sourceUrl":"https://irwin.doi.gov/observer/incidents/2026-WYSHX-000328","eventUrl":"https://eonet.gsfc.nasa.gov/api/v3/events/EONET_21831/geojson","magnitude":"1200 acres","magnitudeDescription":""},"geometry":{"type":"Point","coordinates":[-106.320165,44.792721]}},{"type":"Feature","properties":{"id":"EONET_21861","title":"Wildfire Island, La Paz, Arizona","description":"7 Miles S from Cibola, AZ","date":"2026-07-26T02:14:00Z","categoryId":"wildfires","category":"Wildfires","sourceName":"IRWIN","sourceUrl":"https://irwin.doi.gov/observer/incidents/2026-AZCBR-000843","eventUrl":"https://eonet.gsfc.nasa.gov/api/v3/events/EONET_21861/geojson","magnitude":"2815 acres","magnitudeDescription":""},"geometry":{"type":"Point","coordinates":[-114.681482,33.279651]}},{"type":"Feature","properties":{"id":"EONET_21813","title":"Wildfire Secret Pass, Elko, Nevada","description":"30 Miles E from Elko, NV","date":"2026-07-25T21:45:00Z","categoryId":"wildfires","category":"Wildfires","sourceName":"IRWIN","sourceUrl":"https://irwin.doi.gov/observer/incidents/2026-NVECFX-010343","eventUrl":"https://eonet.gsfc.nasa.gov/api/v3/events/EONET_21813/geojson","magnitude":"4500 acres","magnitudeDescription":""},"geometry":{"type":"Point","coordinates":[-115.260002,40.896454]}},{"type":"Feature","properties":{"id":"EONET_21828","title":"Wildfire Bob Creek, Baker, Oregon","description":"48 Miles NE from Baker City, OR","date":"2026-07-25T19:38:00Z","categoryId":"wildfires","category":"Wildfires","sourceName":"IRWIN","sourceUrl":"https://irwin.doi.gov/observer/incidents/2026-ORVAD-000402","eventUrl":"https://eonet.gsfc.nasa.gov/api/v3/events/EONET_21828/geojson","magnitude":"600 acres","magnitudeDescription":""},"geometry":{"type":"Point","coordinates":[-116.8869,44.9956]}},{"type":"Feature","properties":{"id":"EONET_21850","title":"Wildfire PEARL HILL, Douglas, Washington","description":"10 Miles SE from Bridgeport, WA","date":"2026-07-25T18:35:00Z","categoryId":"wildfires","category":"Wildfires","sourceName":"IRWIN","sourceUrl":"https://irwin.doi.gov/observer/incidents/2026-WASPD-260521","eventUrl":"https://eonet.gsfc.nasa.gov/api/v3/events/EONET_21850/geojson","magnitude":"8491 acres","magnitudeDescription":""},"geometry":{"type":"Point","coordinates":[-119.613157,47.983535]}},{"type":"Feature","properties":{"id":"EONET_21824","title":"Wildfire QUAIL SPRINGS, Lincoln, Nevada","description":"30 Miles W from Alamo, NV","date":"2026-07-25T18:31:00Z","categoryId":"wildfires","category":"Wildfires","sourceName":"IRWIN","sourceUrl":"https://irwin.doi.gov/observer/incidents/2026-NVSND-500738","eventUrl":"https://eonet.gsfc.nasa.gov/api/v3/events/EONET_21824/geojson","magnitude":"4450 acres","magnitudeDescription":""},"geometry":{"type":"Point","coordinates":[-115.71,37.4123]}},{"type":"Feature","properties":{"id":"EONET_21832","title":"Wildfire BRADEEN HILL, Stevens, Washington","description":"17 Miles SW from COLVILLE, WA","date":"2026-07-25T17:15:00Z","categoryId":"wildfires","category":"Wildfires","sourceName":"IRWIN","sourceUrl":"https://irwin.doi.gov/observer/incidents/2026-WANES-001782","eventUrl":"https://eonet.gsfc.nasa.gov/api/v3/events/EONET_21832/geojson","magnitude":"2595 acres","magnitudeDescription":""},"geometry":{"type":"Point","coordinates":[-118.114443,48.312618]}},{"type":"Feature","properties":{"id":"EONET_21855","title":"Incident Complex CINDER COMPLEX, Inyo, California","description":"5 Miles S from Bishop, CA 5 Miles S from Bishop, CA","date":"2026-07-25T14:30:00Z","categoryId":"wildfires","category":"Wildfires","sourceName":"IRWIN","sourceUrl":"https://irwin.doi.gov/observer/incidents/2026-CABDU-011401","eventUrl":"https://eonet.gsfc.nasa.gov/api/v3/events/EONET_21855/geojson","magnitude":"2784 acres","magnitudeDescription":""},"geometry":{"type":"Point","coordinates":[-118.2569444,36.9983333]}},{"type":"Feature","properties":{"id":"EONET_21817","title":"Wildfire Coleman Creek, Harney, Oregon","description":"15 Miles E from Juntura/Riverside, OR","date":"2026-07-25T11:35:00Z","categoryId":"wildfires","category":"Wildfires","sourceName":"IRWIN","sourceUrl":"https://irwin.doi.gov/observer/incidents/2026-ORBUD-002696","eventUrl":"https://eonet.gsfc.nasa.gov/api/v3/events/EONET_21817/geojson","magnitude":"34000 acres","magnitudeDescription":""},"geometry":{"type":"Point","coordinates":[-118.303917,43.589733]}},{"type":"Feature","properties":{"id":"EONET_21816","title":"Wildfire PEER, Owyhee, Idaho","description":"80 Miles S from BOISE, ID","date":"2026-07-25T10:13:00Z","categoryId":"wildfires","category":"Wildfires","sourceName":"IRWIN","sourceUrl":"https://irwin.doi.gov/observer/incidents/2026-IDBOD-000764","eventUrl":"https://eonet.gsfc.nasa.gov/api/v3/events/EONET_21816/geojson","magnitude":"1324 acres","magnitudeDescription":""},"geometry":{"type":"Point","coordinates":[-116.91625,42.5184]}},{"type":"Feature","properties":{"id":"EONET_21848","title":"Wildfire 4-May, Inyo, California","description":"null Miles null from null, ","date":"2026-07-25T02:54:00Z","categoryId":"wildfires","category":"Wildfires","sourceName":"IRWIN","sourceUrl":"https://irwin.doi.gov/observer/incidents/2026-CABDU-011386","eventUrl":"https://eonet.gsfc.nasa.gov/api/v3/events/EONET_21848/geojson","magnitude":"1318 acres","magnitudeDescription":""},"geometry":{"type":"Point","coordinates":[-118.258,37.015833]}},{"type":"Feature","properties":{"id":"EONET_21854","title":"Wildfire 3-May, Inyo, California","description":"null Miles null from null, ","date":"2026-07-25T02:54:00Z","categoryId":"wildfires","category":"Wildfires","sourceName":"IRWIN","sourceUrl":"https://irwin.doi.gov/observer/incidents/2026-CABDU-011385","eventUrl":"https://eonet.gsfc.nasa.gov/api/v3/events/EONET_21854/geojson","magnitude":"744 acres","magnitudeDescription":""},"geometry":{"type":"Point","coordinates":[-118.284,36.996167]}},{"type":"Feature","properties":{"id":"EONET_21839","title":"Wildfire Jackass Butte, Harney, Oregon","description":"40 Miles S from Burns, OR","date":"2026-07-24T22:40:00Z","categoryId":"wildfires","category":"Wildfires","sourceName":"IRWIN","sourceUrl":"https://irwin.doi.gov/observer/incidents/2026-ORBUD-002694","eventUrl":"https://eonet.gsfc.nasa.gov/api/v3/events/EONET_21839/geojson","magnitude":"18539 acres","magnitudeDescription":""},"geometry":{"type":"Point","coordinates":[-118.955667,43.045]}},{"type":"Feature","properties":{"id":"EONET_21862","title":"Wildfire Locust Grove, Benton, Washington","description":"3 Miles S from Kennewick, WA","date":"2026-07-24T21:39:00Z","categoryId":"wildfires","category":"Wildfires","sourceName":"IRWIN","sourceUrl":"https://irwin.doi.gov/observer/incidents/2026-WAWFS-000711","eventUrl":"https://eonet.gsfc.nasa.gov/api/v3/events/EONET_21862/geojson","magnitude":"750 acres","magnitudeDescription":""},"geometry":{"type":"Point","coordinates":[-119.1411111,46.1497222]}},{"type":"Feature","properties":{"id":"EONET_22098","title":"Wildfire Doublesprings, Custer, Idaho","description":"31 Miles NW from Mackay, ID","date":"2026-07-24T20:46:00Z","categoryId":"wildfires","category":"Wildfires","sourceName":"IRWIN","sourceUrl":"https://irwin.doi.gov/observer/incidents/2026-IDSCF-260103","eventUrl":"https://eonet.gsfc.nasa.gov/api/v3/events/EONET_22098/geojson","magnitude":"600 acres","magnitudeDescription":""},"geometry":{"type":"Point","coordinates":[-113.859033,44.325217]}},{"type":"Feature","properties":{"id":"EONET_21844","title":"Wildfire Second Flat, Harney, Oregon","description":"6 Miles NE from Riley, OR","date":"2026-07-24T20:07:00Z","categoryId":"wildfires","category":"Wildfires","sourceName":"IRWIN","sourceUrl":"https://irwin.doi.gov/observer/incidents/2026-ORBUD-002693","eventUrl":"https://eonet.gsfc.nasa.gov/api/v3/events/EONET_21844/geojson","magnitude":"76958 acres","magnitudeDescription":""},"geometry":{"type":"Point","coordinates":[-119.439167,43.608667]}},{"type":"Feature","properties":{"id":"EONET_21823","title":"Wildfire Signal Peak, Yakima, Washington","description":"1 Miles S from White Swan, WA","date":"2026-07-24T19:10:00Z","categoryId":"wildfires","category":"Wildfires","sourceName":"IRWIN","sourceUrl":"https://irwin.doi.gov/observer/incidents/2026-WAYAA-000069","eventUrl":"https://eonet.gsfc.nasa.gov/api/v3/events/EONET_21823/geojson","magnitude":"3000 acres","magnitudeDescription":""},"geometry":{"type":"Point","coordinates":[-120.732219,46.362281]}},{"type":"Feature","properties":{"id":"EONET_21836","title":"Wildfire HAT, Malheur, Oregon","description":"40 Miles E from BURNS, OR","date":"2026-07-24T18:58:00Z","categoryId":"wildfires","category":"Wildfires","sourceName":"IRWIN","sourceUrl":"https://irwin.doi.gov/observer/incidents/2026-ORVAD-260207","eventUrl":"https://eonet.gsfc.nasa.gov/api/v3/events/EONET_21836/geojson","magnitude":"42000 acres","magnitudeDescription":""},"geometry":{"type":"Point","coordinates":[-118.1498,43.274667]}},{"type":"Feature","properties":{"id":"EONET_21970","title":"Wildfire Elder 1, Missoula, Montana","description":"6 Miles SW from Frenchtown, MT","date":"2026-07-24T18:11:00Z","categoryId":"wildfires","category":"Wildfires","sourceName":"IRWIN","sourceUrl":"https://irwin.doi.gov/observer/incidents/2026-MTLNF-260296","eventUrl":"https://eonet.gsfc.nasa.gov/api/v3/events/EONET_21970/geojson","magnitude":"923 acres","magnitudeDescription":""},"geometry":{"type":"Point","coordinates":[-114.320867,46.94]}},{"type":"Feature","properties":{"id":"EONET_21975","title":"Wildfire Silvertip, Flathead, Montana","description":"30 Miles NE from Condon, MT","date":"2026-07-24T17:28:00Z","categoryId":"wildfires","category":"Wildfires","sourceName":"IRWIN","sourceUrl":"https://irwin.doi.gov/observer/incidents/2026-MTFNF-000280","eventUrl":"https://eonet.gsfc.nasa.gov/api/v3/events/EONET_21975/geojson","magnitude":"4126 acres","magnitudeDescription":""},"geometry":{"type":"Point","coordinates":[-113.2735,47.8355]}},{"type":"Feature","properties":{"id":"EONET_21864","title":"Wildfire 8 MILE, Wasco, Oregon","description":"","date":"2026-07-24T17:04:00Z","categoryId":"wildfires","category":"Wildfires","sourceName":"IRWIN","sourceUrl":"https://irwin.doi.gov/observer/incidents/2026-OR954S-000699","eventUrl":"https://eonet.gsfc.nasa.gov/api/v3/events/EONET_21864/geojson","magnitude":"532 acres","magnitudeDescription":""},"geometry":{"type":"Point","coordinates":[-121.245917,45.462631]}},{"type":"Feature","properties":{"id":"EONET_22102","title":"Wildfire MOUSE MEADOW, Nye, Nevada","description":"35 Miles SW from Rachel, NV","date":"2026-07-24T16:39:00Z","categoryId":"wildfires","category":"Wildfires","sourceName":"IRWIN","sourceUrl":"https://irwin.doi.gov/observer/incidents/2026-NVNAFQ-500729","eventUrl":"https://eonet.gsfc.nasa.gov/api/v3/events/EONET_22102/geojson","magnitude":"37553 acres","magnitudeDescription":""},"geometry":{"type":"Point","coordinates":[-116.157567,37.2667]}},{"type":"Feature","properties":{"id":"EONET_21843","title":"Wildfire 0611 GREEN MOUNTAIN, Crook, Oregon","description":"11 Miles N from Prineville, OR","date":"2026-07-24T13:51:00Z","categoryId":"wildfires","category":"Wildfires","sourceName":"IRWIN","sourceUrl":"https://irwin.doi.gov/observer/incidents/2026-OROCF-000611","eventUrl":"https://eonet.gsfc.nasa.gov/api/v3/events/EONET_21843/geojson","magnitude":"2136 acres","magnitudeDescription":""},"geometry":{"type":"Point","coordinates":[-120.691883,44.441967]}},{"type":"Feature","properties":{"id":"EONET_21822","title":"Wildfire Tartar, Washington, Idaho","description":"21 Miles NW from Weiser, ID","date":"2026-07-24T13:24:00Z","categoryId":"wildfires","category":"Wildfires","sourceName":"IRWIN","sourceUrl":"https://irwin.doi.gov/observer/incidents/2026-IDBOD-265460","eventUrl":"https://eonet.gsfc.nasa.gov/api/v3/events/EONET_21822/geojson","magnitude":"10399 acres","magnitudeDescription":""},"geometry":{"type":"Point","coordinates":[-117.093,44.541333]}},{"type":"Feature","properties":{"id":"EONET_21842","title":"Wildfire GRASSHOPPER, Wasco, Oregon","description":"3 Miles N from Sportsman Park, OR","date":"2026-07-23T23:39:00Z","categoryId":"wildfires","category":"Wildfires","sourceName":"IRWIN","sourceUrl":"https://irwin.doi.gov/observer/incidents/2026-ORMHF-000688","eventUrl":"https://eonet.gsfc.nasa.gov/api/v3/events/EONET_21842/geojson","magnitude":"15000 acres","magnitudeDescription":""},"geometry":{"type":"Point","coordinates":[-121.510133,45.252967]}},{"type":"Feature","properties":{"id":"EONET_21826","title":"Wildfire FOX, Baker, Oregon","description":"12 Miles NE from Huntington, OR","date":"2026-07-23T23:32:00Z","categoryId":"wildfires","category":"Wildfires","sourceName":"IRWIN","sourceUrl":"https://irwin.doi.gov/observer/incidents/2026-ORVAD-260204","eventUrl":"https://eonet.gsfc.nasa.gov/api/v3/events/EONET_21826/geojson","magnitude":"26445 acres","magnitudeDescription":""},"geometry":{"type":"Point","coordinates":[-117.212967,44.523917]}},{"type":"Feature","properties":{"id":"EONET_22441","title":"Wildfire HIGH LAVA, Skamania, Washington","description":"11 Miles NW from Stabler, WA","date":"2026-07-23T23:02:00Z","categoryId":"wildfires","category":"Wildfires","sourceName":"IRWIN","sourceUrl":"https://irwin.doi.gov/observer/incidents/2026-WAGPF-000684","eventUrl":"https://eonet.gsfc.nasa.gov/api/v3/events/EONET_22441/geojson","magnitude":"878 acres","magnitudeDescription":""},"geometry":{"type":"Point","coordinates":[-122.116167,45.8805]}},{"type":"Feature","properties":{"id":"EONET_21860","title":"Wildfire DUNCAN, Owyhee, Idaho","description":"50 Miles SW from MOUNTAIN HOME, ID","date":"2026-07-23T21:59:00Z","categoryId":"wildfires","category":"Wildfires","sourceName":"IRWIN","sourceUrl":"https://irwin.doi.gov/observer/incidents/2026-IDBOD-000742","eventUrl":"https://eonet.gsfc.nasa.gov/api/v3/events/EONET_21860/geojson","magnitude":"16362 acres","magnitudeDescription":""},"geometry":{"type":"Point","coordinates":[-116.087768,42.579329]}},{"type":"Feature","properties":{"id":"EONET_21857","title":"Wildfire Beachcomb, Jefferson, Oregon","description":"4 Miles S from Warm Springs, OR","date":"2026-07-23T21:57:00Z","categoryId":"wildfires","category":"Wildfires","sourceName":"IRWIN","sourceUrl":"https://irwin.doi.gov/observer/incidents/2026-ORWSA-000101","eventUrl":"https://eonet.gsfc.nasa.gov/api/v3/events/EONET_21857/geojson","magnitude":"13648 acres","magnitudeDescription":""},"geometry":{"type":"Point","coordinates":[-121.404444,44.695278]}},{"type":"Feature","properties":{"id":"EONET_21853","title":"Wildfire 0567 LITTLE BUCK, Wasco, Oregon","description":"21 Miles W from Fossil, OR","date":"2026-07-23T21:50:00Z","categoryId":"wildfires","category":"Wildfires","sourceName":"IRWIN","sourceUrl":"https://irwin.doi.gov/observer/incidents/2026-ORPRD-000567","eventUrl":"https://eonet.gsfc.nasa.gov/api/v3/events/EONET_21853/geojson","magnitude":"25772 acres","magnitudeDescription":""},"geometry":{"type":"Point","coordinates":[-120.646917,45.0403]}},{"type":"Feature","properties":{"id":"EONET_21840","title":"Wildfire Bald Mountain, Harney, Oregon","description":"50 Miles SE from Burns, OR","date":"2026-07-23T20:52:00Z","categoryId":"wildfires","category":"Wildfires","sourceName":"IRWIN","sourceUrl":"https://irwin.doi.gov/observer/incidents/2026-ORBUD-002687","eventUrl":"https://eonet.gsfc.nasa.gov/api/v3/events/EONET_21840/geojson","magnitude":"25992 acres","magnitudeDescription":""},"geometry":{"type":"Point","coordinates":[-118.474267,42.995608]}},{"type":"Feature","properties":{"id":"EONET_21841","title":"Wildfire Stubble, Harney, Oregon","description":"15 Miles SW from Lawen, OR","date":"2026-07-23T18:23:00Z","categoryId":"wildfires","category":"Wildfires","sourceName":"IRWIN","sourceUrl":"https://irwin.doi.gov/observer/incidents/2026-ORMAR-002683","eventUrl":"https://eonet.gsfc.nasa.gov/api/v3/events/EONET_21841/geojson","magnitude":"15673 acres","magnitudeDescription":""},"geometry":{"type":"Point","coordinates":[-118.92,43.18]}},{"type":"Feature","properties":{"id":"EONET_21845","title":"Wildfire Bench, Jefferson, Oregon","description":"4 Miles S from Warm Springs, OR","date":"2026-07-23T18:13:00Z","categoryId":"wildfires","category":"Wildfires","sourceName":"IRWIN","sourceUrl":"https://irwin.doi.gov/observer/incidents/2026-ORWSA-000100","eventUrl":"https://eonet.gsfc.nasa.gov/api/v3/events/EONET_21845/geojson","magnitude":"20180 acres","magnitudeDescription":""},"geometry":{"type":"Point","coordinates":[-121.350222,44.631778]}},{"type":"Feature","properties":{"id":"EONET_21837","title":"Wildfire 0587 SHINGLE, Wheeler, Oregon","description":"14 Miles SE from Mitchell, OR","date":"2026-07-23T16:58:00Z","categoryId":"wildfires","category":"Wildfires","sourceName":"IRWIN","sourceUrl":"https://irwin.doi.gov/observer/incidents/2026-OR953S-000587","eventUrl":"https://eonet.gsfc.nasa.gov/api/v3/events/EONET_21837/geojson","magnitude":"53976 acres","magnitudeDescription":""},"geometry":{"type":"Point","coordinates":[-119.8976,44.468717]}},{"type":"Feature","properties":{"id":"EONET_21834","title":"Wildfire FIELDS, Merced, California","description":"10 Miles NW from SNELLING, CA","date":"2026-07-23T16:53:00Z","categoryId":"wildfires","category":"Wildfires","sourceName":"IRWIN","sourceUrl":"https://irwin.doi.gov/observer/incidents/2026-CAMMU-015106","eventUrl":"https://eonet.gsfc.nasa.gov/api/v3/events/EONET_21834/geojson","magnitude":"1280 acres","magnitudeDescription":""},"geometry":{"type":"Point","coordinates":[-120.429683,37.528023]}},{"type":"Feature","properties":{"id":"EONET_21827","title":"Wildfire BIG GRASS, Malheur, Oregon","description":"25 Miles SW from JORDAN VALLEY, OR","date":"2026-07-23T16:43:00Z","categoryId":"wildfires","category":"Wildfires","sourceName":"IRWIN","sourceUrl":"https://irwin.doi.gov/observer/incidents/2026-ORVAD-260201","eventUrl":"https://eonet.gsfc.nasa.gov/api/v3/events/EONET_21827/geojson","magnitude":"280000 acres","magnitudeDescription":""},"geometry":{"type":"Point","coordinates":[-117.30335,42.6498]}},{"type":"Feature","properties":{"id":"EONET_21852","title":"Wildfire 0584 COTTONWOOD, Gilliam, Oregon","description":"16 Miles SE from Wasco, OR","date":"2026-07-23T13:20:00Z","categoryId":"wildfires","category":"Wildfires","sourceName":"IRWIN","sourceUrl":"https://irwin.doi.gov/observer/incidents/2026-ORPRD-000584","eventUrl":"https://eonet.gsfc.nasa.gov/api/v3/events/EONET_21852/geojson","magnitude":"15234 acres","magnitudeDescription":""},"geometry":{"type":"Point","coordinates":[-120.426363,45.453409]}},{"type":"Feature","properties":{"id":"EONET_21584","title":"Wildfire 0579 TEN MILE, Jefferson, Oregon","description":"","date":"2026-07-23T11:55:00Z","categoryId":"wildfires","category":"Wildfires","sourceName":"IRWIN","sourceUrl":"https://irwin.doi.gov/observer/incidents/2026-ORPRD-000579","eventUrl":"https://eonet.gsfc.nasa.gov/api/v3/events/EONET_21584/geojson","magnitude":"800 acres","magnitudeDescription":""},"geometry":{"type":"Point","coordinates":[-121.014327,44.796442]}},{"type":"Feature","properties":{"id":"EONET_21576","title":"Wildfire RAILROAD, Grant, Washington","description":"","date":"2026-07-23T10:05:00Z","categoryId":"wildfires","category":"Wildfires","sourceName":"IRWIN","sourceUrl":"https://irwin.doi.gov/observer/incidents/2026-WAWFS-260500","eventUrl":"https://eonet.gsfc.nasa.gov/api/v3/events/EONET_21576/geojson","magnitude":"660 acres","magnitudeDescription":""},"geometry":{"type":"Point","coordinates":[-119.939349,46.839052]}},{"type":"Feature","properties":{"id":"EONET_22130","title":"Wildfire RAILROAD, Grant, Washington","description":"9 Miles N from Mattawa, WA","date":"2026-07-23T10:05:00Z","categoryId":"wildfires","category":"Wildfires","sourceName":"IRWIN","sourceUrl":"https://irwin.doi.gov/observer/incidents/2026-WASPD-260500","eventUrl":"https://eonet.gsfc.nasa.gov/api/v3/events/EONET_22130/geojson","magnitude":"8216 acres","magnitudeDescription":""},"geometry":{"type":"Point","coordinates":[-119.939349,46.839052]}},{"type":"Feature","properties":{"id":"EONET_21838","title":"Wildfire Crater, Harney, Oregon","description":"35 Miles S from Burns, OR","date":"2026-07-23T05:04:00Z","categoryId":"wildfires","category":"Wildfires","sourceName":"IRWIN","sourceUrl":"https://irwin.doi.gov/observer/incidents/2026-ORBUD-002680","eventUrl":"https://eonet.gsfc.nasa.gov/api/v3/events/EONET_21838/geojson","magnitude":"745 acres","magnitudeDescription":""},"geometry":{"type":"Point","coordinates":[-118.803383,43.11995]}},{"type":"Feature","properties":{"id":"EONET_21825","title":"Wildfire Castle, Douglas, Oregon","description":"23 Miles NE from Tiller, OR","date":"2026-07-23T00:22:00Z","categoryId":"wildfires","category":"Wildfires","sourceName":"IRWIN","sourceUrl":"https://irwin.doi.gov/observer/incidents/2026-ORUPF-260297","eventUrl":"https://eonet.gsfc.nasa.gov/api/v3/events/EONET_21825/geojson","magnitude":"1400 acres","magnitudeDescription":""},"geometry":{"type":"Point","coordinates":[-122.563283,43.114033]}},{"type":"Feature","properties":{"id":"EONET_20822","title":"Iceberg D33D","description":"","date":"2026-07-23T00:00:00Z","categoryId":"seaLakeIce","category":"Sea and Lake Ice","sourceName":"NATICE","sourceUrl":"https://usicecenter.gov/pub/Iceberg_Tabular.csv","eventUrl":"https://eonet.gsfc.nasa.gov/api/v3/events/EONET_20822/geojson","magnitude":"90 NM^2","magnitudeDescription":""},"geometry":{"type":"Point","coordinates":[-55.47,-63.78]}},{"type":"Feature","properties":{"id":"EONET_21577","title":"Wildfire Gypsum Creek, King, Texas","description":"","date":"2026-07-22T19:04:00Z","categoryId":"wildfires","category":"Wildfires","sourceName":"IRWIN","sourceUrl":"https://irwin.doi.gov/observer/incidents/2026-TXTXS-266131","eventUrl":"https://eonet.gsfc.nasa.gov/api/v3/events/EONET_21577/geojson","magnitude":"530 acres","magnitudeDescription":""},"geometry":{"type":"Point","coordinates":[-100.0410599,33.46780108]}},{"type":"Feature","properties":{"id":"EONET_21575","title":"Wildfire West Blue Crab, Cameron, Louisiana","description":"10 Miles S from Coastal Marsh, LA","date":"2026-07-22T19:02:00Z","categoryId":"wildfires","category":"Wildfires","sourceName":"IRWIN","sourceUrl":"https://irwin.doi.gov/observer/incidents/2026-LASBR-000235","eventUrl":"https://eonet.gsfc.nasa.gov/api/v3/events/EONET_21575/geojson","magnitude":"1382 acres","magnitudeDescription":""},"geometry":{"type":"Point","coordinates":[-93.42765,29.880643]}},{"type":"Feature","properties":{"id":"EONET_21587","title":"Incident Complex COW CAMP COMPLEX, Malheur, Oregon","description":"25 Miles NW from VALE, OR","date":"2026-07-21T21:41:00Z","categoryId":"wildfires","category":"Wildfires","sourceName":"IRWIN","sourceUrl":"https://irwin.doi.gov/observer/incidents/2026-ORVAD-260194","eventUrl":"https://eonet.gsfc.nasa.gov/api/v3/events/EONET_21587/geojson","magnitude":"8044.3 acres","magnitudeDescription":""},"geometry":{"type":"Point","coordinates":[-117.561983,44.334159]}},{"type":"Feature","properties":{"id":"EONET_21586","title":"Wildfire 188, Malheur, Oregon","description":"null Miles null from null, ","date":"2026-07-21T20:57:00Z","categoryId":"wildfires","category":"Wildfires","sourceName":"IRWIN","sourceUrl":"https://irwin.doi.gov/observer/incidents/2026-ORVAD-260188","eventUrl":"https://eonet.gsfc.nasa.gov/api/v3/events/EONET_21586/geojson","magnitude":"1500 acres","magnitudeDescription":""},"geometry":{"type":"Point","coordinates":[-117.555283,44.352583]}},{"type":"Feature","properties":{"id":"EONET_21585","title":"Wildfire COW, Malheur, Oregon","description":"null Miles null from null, ","date":"2026-07-21T18:57:00Z","categoryId":"wildfires","category":"Wildfires","sourceName":"IRWIN","sourceUrl":"https://irwin.doi.gov/observer/incidents/2026-ORVAD-260187","eventUrl":"https://eonet.gsfc.nasa.gov/api/v3/events/EONET_21585/geojson","magnitude":"5997 acres","magnitudeDescription":""},"geometry":{"type":"Point","coordinates":[-117.521417,44.354133]}},{"type":"Feature","properties":{"id":"EONET_21578","title":"Wildfire Fuhr Gulch, Moffat, Colorado","description":"3 Miles SW from Craig, CO","date":"2026-07-21T18:39:00Z","categoryId":"wildfires","category":"Wildfires","sourceName":"IRWIN","sourceUrl":"https://irwin.doi.gov/observer/incidents/2026-COMFX-000964","eventUrl":"https://eonet.gsfc.nasa.gov/api/v3/events/EONET_21578/geojson","magnitude":"1646 acres","magnitudeDescription":""},"geometry":{"type":"Point","coordinates":[-107.747133,40.422217]}},{"type":"Feature","properties":{"id":"EONET_21596","title":"Wildfire 716 Complex 2, Treasure, Montana","description":"","date":"2026-07-21T18:04:00Z","categoryId":"wildfires","category":"Wildfires","sourceName":"IRWIN","sourceUrl":"https://irwin.doi.gov/observer/incidents/2026-MTLG33-260834","eventUrl":"https://eonet.gsfc.nasa.gov/api/v3/events/EONET_21596/geojson","magnitude":"623 acres","magnitudeDescription":""},"geometry":{"type":"Point","coordinates":[-107.48896,46.28964]}},{"type":"Feature","properties":{"id":"EONET_21595","title":"Wildfire Keystone, Rio Blanco, Colorado","description":"45 Miles NE from Meeker, CO","date":"2026-07-21T14:14:00Z","categoryId":"wildfires","category":"Wildfires","sourceName":"IRWIN","sourceUrl":"https://irwin.doi.gov/observer/incidents/2026-COWRD-000957","eventUrl":"https://eonet.gsfc.nasa.gov/api/v3/events/EONET_21595/geojson","magnitude":"3024 acres","magnitudeDescription":""},"geometry":{"type":"Point","coordinates":[-108.178133,40.220533]}},{"type":"Feature","properties":{"id":"EONET_21583","title":"Wildfire ROCK, Inyo, California","description":"10 Miles N from Independence, CA","date":"2026-07-20T19:34:00Z","categoryId":"wildfires","category":"Wildfires","sourceName":"IRWIN","sourceUrl":"https://irwin.doi.gov/observer/incidents/2026-CABDU-011136","eventUrl":"https://eonet.gsfc.nasa.gov/api/v3/events/EONET_21583/geojson","magnitude":"11141 acres","magnitudeDescription":""},"geometry":{"type":"Point","coordinates":[-118.241189,36.916815]}},{"type":"Feature","properties":{"id":"EONET_21594","title":"Wildfire 518 SULLY, Gilliam, Oregon","description":"8 Miles W from BOARDMAN, OR","date":"2026-07-18T21:19:00Z","categoryId":"wildfires","category":"Wildfires","sourceName":"IRWIN","sourceUrl":"https://irwin.doi.gov/observer/incidents/2026-ORPRD-000518","eventUrl":"https://eonet.gsfc.nasa.gov/api/v3/events/EONET_21594/geojson","magnitude":"640 acres","magnitudeDescription":""},"geometry":{"type":"Point","coordinates":[-120.021548,45.745867]}},{"type":"Feature","properties":{"id":"EONET_21421","title":"Wildfire BROOK, Shasta, California","description":"10 Miles NE from REDDING, CA 10 Miles NE from REDDING, CA","date":"2026-07-18T19:12:00Z","categoryId":"wildfires","category":"Wildfires","sourceName":"IRWIN","sourceUrl":"https://irwin.doi.gov/observer/incidents/2026-CASHU-008640","eventUrl":"https://eonet.gsfc.nasa.gov/api/v3/events/EONET_21421/geojson","magnitude":"502 acres","magnitudeDescription":""},"geometry":{"type":"Point","coordinates":[-122.197625,40.698456]}},{"type":"Feature","properties":{"id":"EONET_21404","title":"Wildfire Horse Island, Berkeley, South Carolina","description":"2 Miles W from Shullerville, SC","date":"2026-07-18T17:43:00Z","categoryId":"wildfires","category":"Wildfires","sourceName":"IRWIN","sourceUrl":"https://irwin.doi.gov/observer/incidents/2026-SCFMF-000363","eventUrl":"https://eonet.gsfc.nasa.gov/api/v3/events/EONET_21404/geojson","magnitude":"550 acres","magnitudeDescription":""},"geometry":{"type":"Point","coordinates":[-79.662533,33.188917]}},{"type":"Feature","properties":{"id":"EONET_22204","title":"Wildfire Cascade, Idaho, Idaho","description":"19 Miles E from Lowell, ID","date":"2026-07-18T16:33:00Z","categoryId":"wildfires","category":"Wildfires","sourceName":"IRWIN","sourceUrl":"https://irwin.doi.gov/observer/incidents/2026-IDNCF-000283","eventUrl":"https://eonet.gsfc.nasa.gov/api/v3/events/EONET_22204/geojson","magnitude":"2800 acres","magnitudeDescription":""},"geometry":{"type":"Point","coordinates":[-115.1353,46.095633]}},{"type":"Feature","properties":{"id":"EONET_21402","title":"Wildfire Ohio, Blaine, Idaho","description":"5 Miles E from Hailey, ID","date":"2026-07-18T15:52:00Z","categoryId":"wildfires","category":"Wildfires","sourceName":"IRWIN","sourceUrl":"https://irwin.doi.gov/observer/incidents/2026-IDEIS-000139","eventUrl":"https://eonet.gsfc.nasa.gov/api/v3/events/EONET_21402/geojson","magnitude":"2000 acres","magnitudeDescription":""},"geometry":{"type":"Point","coordinates":[-114.31795,43.588417]}},{"type":"Feature","properties":{"id":"EONET_21420","title":"Wildfire BISCAR, Lassen, California","description":"40 Miles NE from SUSANVILLE, CA","date":"2026-07-18T14:11:00Z","categoryId":"wildfires","category":"Wildfires","sourceName":"IRWIN","sourceUrl":"https://irwin.doi.gov/observer/incidents/2026-CANOD-004474","eventUrl":"https://eonet.gsfc.nasa.gov/api/v3/events/EONET_21420/geojson","magnitude":"12338 acres","magnitudeDescription":""},"geometry":{"type":"Point","coordinates":[-120.303833,40.618167]}},{"type":"Feature","properties":{"id":"EONET_21416","title":"Wildfire 0512 BOX SPRINGS, Jefferson, Oregon","description":"18 Miles W from MITCHELL, OR","date":"2026-07-17T21:13:00Z","categoryId":"wildfires","category":"Wildfires","sourceName":"IRWIN","sourceUrl":"https://irwin.doi.gov/observer/incidents/2026-OR951S-000512","eventUrl":"https://eonet.gsfc.nasa.gov/api/v3/events/EONET_21416/geojson","magnitude":"4000 acres","magnitudeDescription":""},"geometry":{"type":"Point","coordinates":[-120.4985,44.635333]}},{"type":"Feature","properties":{"id":"EONET_21433","title":"Wildfire WALLACE WALKER, Franklin, Washington","description":"5 Miles SW from Kahlotus, WA","date":"2026-07-17T19:33:00Z","categoryId":"wildfires","category":"Wildfires","sourceName":"IRWIN","sourceUrl":"https://irwin.doi.gov/observer/incidents/2026-WAWFS-260455","eventUrl":"https://eonet.gsfc.nasa.gov/api/v3/events/EONET_21433/geojson","magnitude":"798 acres","magnitudeDescription":""},"geometry":{"type":"Point","coordinates":[-118.567968,46.576482]}},{"type":"Feature","properties":{"id":"EONET_21426","title":"Wildfire DEVIL&#039;S CANYON, Franklin, Washington","description":"4 Miles S from Kahlotus, WA","date":"2026-07-17T19:31:00Z","categoryId":"wildfires","category":"Wildfires","sourceName":"IRWIN","sourceUrl":"https://irwin.doi.gov/observer/incidents/2026-WAWFS-260454","eventUrl":"https://eonet.gsfc.nasa.gov/api/v3/events/EONET_21426/geojson","magnitude":"4747 acres","magnitudeDescription":""},"geometry":{"type":"Point","coordinates":[-118.548791,46.600003]}},{"type":"Feature","properties":{"id":"EONET_21415","title":"Wildfire BERGER (50), Palm Beach, Florida","description":"10 Miles N from FLORIDA, FL","date":"2026-07-17T19:18:00Z","categoryId":"wildfires","category":"Wildfires","sourceName":"IRWIN","sourceUrl":"https://irwin.doi.gov/observer/incidents/2026-FLFLS-261800112","eventUrl":"https://eonet.gsfc.nasa.gov/api/v3/events/EONET_21415/geojson","magnitude":"11200 acres","magnitudeDescription":""},"geometry":{"type":"Point","coordinates":[-80.8444444,26.4466667]}},{"type":"Feature","properties":{"id":"EONET_22126","title":"Wildfire Mutual Aid Inc 20344, Asotin, Washington","description":"","date":"2026-07-17T18:32:00Z","categoryId":"wildfires","category":"Wildfires","sourceName":"IRWIN","sourceUrl":"https://irwin.doi.gov/observer/incidents/2026-WASES-020344","eventUrl":"https://eonet.gsfc.nasa.gov/api/v3/events/EONET_22126/geojson","magnitude":"2610 acres","magnitudeDescription":""},"geometry":{"type":"Point","coordinates":[-117.32632,46.37621]}},{"type":"Feature","properties":{"id":"EONET_21410","title":"Incident Complex HAY CREEK COMPLEX, Gilliam, Oregon","description":"5 Miles W from Condon, OR","date":"2026-07-17T17:16:00Z","categoryId":"wildfires","category":"Wildfires","sourceName":"IRWIN","sourceUrl":"https://irwin.doi.gov/observer/incidents/2026-ORPRD-000511","eventUrl":"https://eonet.gsfc.nasa.gov/api/v3/events/EONET_21410/geojson","magnitude":"92211 acres","magnitudeDescription":""},"geometry":{"type":"Point","coordinates":[-120.435846,45.26602]}},{"type":"Feature","properties":{"id":"EONET_21579","title":"Wildfire Burnt Creek, Wallowa, Oregon","description":"23 Miles N from Enterprise, OR","date":"2026-07-17T17:00:00Z","categoryId":"wildfires","category":"Wildfires","sourceName":"IRWIN","sourceUrl":"https://irwin.doi.gov/observer/incidents/2026-ORWWF-000342","eventUrl":"https://eonet.gsfc.nasa.gov/api/v3/events/EONET_21579/geojson","magnitude":"2530 acres","magnitudeDescription":""},"geometry":{"type":"Point","coordinates":[-117.25321,45.76802]}},{"type":"Feature","properties":{"id":"EONET_21425","title":"Wildfire NEFF JONES, Franklin, Washington","description":"17 Miles S from Kahlotus, WA","date":"2026-07-17T14:34:00Z","categoryId":"wildfires","category":"Wildfires","sourceName":"IRWIN","sourceUrl":"https://irwin.doi.gov/observer/incidents/2026-WAWFS-260423","eventUrl":"https://eonet.gsfc.nasa.gov/api/v3/events/EONET_21425/geojson","magnitude":"7123 acres","magnitudeDescription":""},"geometry":{"type":"Point","coordinates":[-118.65817,46.45851]}},{"type":"Feature","properties":{"id":"EONET_21427","title":"Wildfire Modrite, Ferry, Washington","description":"17 Miles SW from Inchelium, WA","date":"2026-07-17T13:59:00Z","categoryId":"wildfires","category":"Wildfires","sourceName":"IRWIN","sourceUrl":"https://irwin.doi.gov/observer/incidents/2026-WANES-260149","eventUrl":"https://eonet.gsfc.nasa.gov/api/v3/events/EONET_21427/geojson","magnitude":"5679 acres","magnitudeDescription":""},"geometry":{"type":"Point","coordinates":[-118.312583,48.069]}},{"type":"Feature","properties":{"id":"EONET_21588","title":"Wildfire PTARMIGAN, Okanogan, Washington","description":"25 Miles NW from Mazama, WA","date":"2026-07-17T13:09:00Z","categoryId":"wildfires","category":"Wildfires","sourceName":"IRWIN","sourceUrl":"https://irwin.doi.gov/observer/incidents/2026-WAOWF-260448","eventUrl":"https://eonet.gsfc.nasa.gov/api/v3/events/EONET_21588/geojson","magnitude":"1190 acres","magnitudeDescription":""},"geometry":{"type":"Point","coordinates":[-120.6095,48.942]}},{"type":"Feature","properties":{"id":"EONET_21591","title":"Wildfire 0501 PAT&#039;S CABIN, Wheeler, Oregon","description":"1 Miles E from town, OR","date":"2026-07-17T11:19:00Z","categoryId":"wildfires","category":"Wildfires","sourceName":"IRWIN","sourceUrl":"https://irwin.doi.gov/observer/incidents/2026-ORPRD-000501","eventUrl":"https://eonet.gsfc.nasa.gov/api/v3/events/EONET_21591/geojson","magnitude":"772 acres","magnitudeDescription":""},"geometry":{"type":"Point","coordinates":[-120.33328,44.72533]}},{"type":"Feature","properties":{"id":"EONET_21412","title":"Wildfire POWDER RIVER, Baker, Oregon","description":"4 Miles SW from RICHLAND, OR","date":"2026-07-17T07:27:00Z","categoryId":"wildfires","category":"Wildfires","sourceName":"IRWIN","sourceUrl":"https://irwin.doi.gov/observer/incidents/2026-ORVAD-260173","eventUrl":"https://eonet.gsfc.nasa.gov/api/v3/events/EONET_21412/geojson","magnitude":"18345 acres","magnitudeDescription":""},"geometry":{"type":"Point","coordinates":[-117.277667,44.75525]}},{"type":"Feature","properties":{"id":"EONET_21590","title":"Wildfire 0502, Wheeler, Oregon","description":"null Miles null from null, ","date":"2026-07-17T00:48:00Z","categoryId":"wildfires","category":"Wildfires","sourceName":"IRWIN","sourceUrl":"https://irwin.doi.gov/observer/incidents/2026-ORPRD-000502","eventUrl":"https://eonet.gsfc.nasa.gov/api/v3/events/EONET_21590/geojson","magnitude":"1816 acres","magnitudeDescription":""},"geometry":{"type":"Point","coordinates":[-120.297013,44.829331]}},{"type":"Feature","properties":{"id":"EONET_21408","title":"Wildfire 0462, Sherman, Oregon","description":"5 Miles E from Kent, OR","date":"2026-07-17T00:37:00Z","categoryId":"wildfires","category":"Wildfires","sourceName":"IRWIN","sourceUrl":"https://irwin.doi.gov/observer/incidents/2026-ORPRD-000462","eventUrl":"https://eonet.gsfc.nasa.gov/api/v3/events/EONET_21408/geojson","magnitude":"11581 acres","magnitudeDescription":""},"geometry":{"type":"Point","coordinates":[-120.495333,45.184333]}},{"type":"Feature","properties":{"id":"EONET_21589","title":"Wildfire 0432, Wasco, Oregon","description":"null Miles null from null, ","date":"2026-07-16T22:52:00Z","categoryId":"wildfires","category":"Wildfires","sourceName":"IRWIN","sourceUrl":"https://irwin.doi.gov/observer/incidents/2026-ORPRD-000432","eventUrl":"https://eonet.gsfc.nasa.gov/api/v3/events/EONET_21589/geojson","magnitude":"2183 acres","magnitudeDescription":""},"geometry":{"type":"Point","coordinates":[-120.759188,45.000137]}},{"type":"Feature","properties":{"id":"EONET_21422","title":"Wildfire COLUMBIA COUNTY, Columbia, Washington","description":"","date":"2026-07-16T22:12:00Z","categoryId":"wildfires","category":"Wildfires","sourceName":"IRWIN","sourceUrl":"https://irwin.doi.gov/observer/incidents/2026-WACCDN-260456","eventUrl":"https://eonet.gsfc.nasa.gov/api/v3/events/EONET_21422/geojson","magnitude":"750 acres","magnitudeDescription":""},"geometry":{"type":"Point","coordinates":[-118.103667,46.542667]}},{"type":"Feature","properties":{"id":"EONET_21580","title":"Wildfire Horse Ridge, Umatilla, Oregon","description":"25 Miles E from Pendleton, OR","date":"2026-07-16T22:09:00Z","categoryId":"wildfires","category":"Wildfires","sourceName":"IRWIN","sourceUrl":"https://irwin.doi.gov/observer/incidents/2026-ORUMF-000315","eventUrl":"https://eonet.gsfc.nasa.gov/api/v3/events/EONET_21580/geojson","magnitude":"675 acres","magnitudeDescription":""},"geometry":{"type":"Point","coordinates":[-118.345971,45.541808]}},{"type":"Feature","properties":{"id":"EONET_21974","title":"Wildfire Border 2, Whatcom, Washington","description":"36 Miles NE from Marblemount, WA","date":"2026-07-16T21:37:00Z","categoryId":"wildfires","category":"Wildfires","sourceName":"IRWIN","sourceUrl":"https://irwin.doi.gov/observer/incidents/2026-WANCP-000266","eventUrl":"https://eonet.gsfc.nasa.gov/api/v3/events/EONET_21974/geojson","magnitude":"2500 acres","magnitudeDescription":""},"geometry":{"type":"Point","coordinates":[-121.027683,48.9982]}},{"type":"Feature","properties":{"id":"EONET_21401","title":"Wildfire 0497 HENRY, Crook, Oregon","description":"5 Miles S from PAULINA GUARD STATION, OR","date":"2026-07-16T21:22:00Z","categoryId":"wildfires","category":"Wildfires","sourceName":"IRWIN","sourceUrl":"https://irwin.doi.gov/observer/incidents/2026-ORPRD-000497","eventUrl":"https://eonet.gsfc.nasa.gov/api/v3/events/EONET_21401/geojson","magnitude":"25000 acres","magnitudeDescription":""},"geometry":{"type":"Point","coordinates":[-119.947717,44.121117]}},{"type":"Feature","properties":{"id":"EONET_21406","title":"Wildfire Hagen, Umatilla, Oregon","description":"26 Miles E from Pendleton, OR","date":"2026-07-16T21:04:00Z","categoryId":"wildfires","category":"Wildfires","sourceName":"IRWIN","sourceUrl":"https://irwin.doi.gov/observer/incidents/2026-ORUMF-000324","eventUrl":"https://eonet.gsfc.nasa.gov/api/v3/events/EONET_21406/geojson","magnitude":"700 acres","magnitudeDescription":""},"geometry":{"type":"Point","coordinates":[-118.269,45.707]}},{"type":"Feature","properties":{"id":"EONET_21400","title":"Wildfire 0500 COYOTE, Crook, Oregon","description":"5 Miles S from POST, OR 5 Miles S from POST, OR","date":"2026-07-16T20:39:00Z","categoryId":"wildfires","category":"Wildfires","sourceName":"IRWIN","sourceUrl":"https://irwin.doi.gov/observer/incidents/2026-OROCF-000500","eventUrl":"https://eonet.gsfc.nasa.gov/api/v3/events/EONET_21400/geojson","magnitude":"15000 acres","magnitudeDescription":""},"geometry":{"type":"Point","coordinates":[-120.528667,44.1115]}},{"type":"Feature","properties":{"id":"EONET_21405","title":"Wildfire Egypt, Harney, Oregon","description":"12 Miles N from Riley, OR","date":"2026-07-16T20:11:00Z","categoryId":"wildfires","category":"Wildfires","sourceName":"IRWIN","sourceUrl":"https://irwin.doi.gov/observer/incidents/2026-ORMAF-002671","eventUrl":"https://eonet.gsfc.nasa.gov/api/v3/events/EONET_21405/geojson","magnitude":"4685 acres","magnitudeDescription":""},"geometry":{"type":"Point","coordinates":[-119.468417,43.727167]}},{"type":"Feature","properties":{"id":"EONET_21407","title":"Wildfire 0476 HOAG, Gilliam, Oregon","description":"20 Miles N from CONDON, OR","date":"2026-07-16T20:08:00Z","categoryId":"wildfires","category":"Wildfires","sourceName":"IRWIN","sourceUrl":"https://irwin.doi.gov/observer/incidents/2026-ORPRD-000476","eventUrl":"https://eonet.gsfc.nasa.gov/api/v3/events/EONET_21407/geojson","magnitude":"50403 acres","magnitudeDescription":""},"geometry":{"type":"Point","coordinates":[-120.405117,45.562183]}},{"type":"Feature","properties":{"id":"EONET_21418","title":"Wildfire 0485 DEEP CANYON, Wasco, Oregon","description":"8 Miles W from ANTELOPE, OR","date":"2026-07-16T20:08:00Z","categoryId":"wildfires","category":"Wildfires","sourceName":"IRWIN","sourceUrl":"https://irwin.doi.gov/observer/incidents/2026-ORPRD-000485","eventUrl":"https://eonet.gsfc.nasa.gov/api/v3/events/EONET_21418/geojson","magnitude":"8062 acres","magnitudeDescription":""},"geometry":{"type":"Point","coordinates":[-120.836,44.8645]}},{"type":"Feature","properties":{"id":"EONET_21413","title":"Wildfire 0494 AKAWA BUTTE, Jefferson, Oregon","description":"13 Miles NE from SISTERS, OR","date":"2026-07-16T18:18:00Z","categoryId":"wildfires","category":"Wildfires","sourceName":"IRWIN","sourceUrl":"https://irwin.doi.gov/observer/incidents/2026-OR955S-000494","eventUrl":"https://eonet.gsfc.nasa.gov/api/v3/events/EONET_21413/geojson","magnitude":"6856 acres","magnitudeDescription":""},"geometry":{"type":"Point","coordinates":[-121.453167,44.472367]}},{"type":"Feature","properties":{"id":"EONET_21411","title":"Wildfire Bologna, Grant, Oregon","description":"7 Miles NE from Kimberly, OR","date":"2026-07-16T17:52:00Z","categoryId":"wildfires","category":"Wildfires","sourceName":"IRWIN","sourceUrl":"https://irwin.doi.gov/observer/incidents/2026-ORUMF-000298","eventUrl":"https://eonet.gsfc.nasa.gov/api/v3/events/EONET_21411/geojson","magnitude":"2600 acres","magnitudeDescription":""},"geometry":{"type":"Point","coordinates":[-119.598,44.861167]}},{"type":"Feature","properties":{"id":"EONET_21432","title":"Wildfire Mile Marker 40- Broward (06), Broward, Florida","description":"10 Miles N from FLORIDA, FL","date":"2026-07-16T16:36:00Z","categoryId":"wildfires","category":"Wildfires","sourceName":"IRWIN","sourceUrl":"https://irwin.doi.gov/observer/incidents/2026-FLFLS-261800111","eventUrl":"https://eonet.gsfc.nasa.gov/api/v3/events/EONET_21432/geojson","magnitude":"6750 acres","magnitudeDescription":""},"geometry":{"type":"Point","coordinates":[-80.5405556,26.2566667]}},{"type":"Feature","properties":{"id":"EONET_21409","title":"Wildfire 0480 WILCOX, Sherman, Oregon","description":"5 Miles NW from KENT, OR","date":"2026-07-16T16:25:00Z","categoryId":"wildfires","category":"Wildfires","sourceName":"IRWIN","sourceUrl":"https://irwin.doi.gov/observer/incidents/2026-ORPRD-000480","eventUrl":"https://eonet.gsfc.nasa.gov/api/v3/events/EONET_21409/geojson","magnitude":"4112 acres","magnitudeDescription":""},"geometry":{"type":"Point","coordinates":[-120.6097,45.113583]}},{"type":"Feature","properties":{"id":"EONET_21419","title":"Incident Complex ROWE CREEK COMPLEX, Wheeler, Oregon","description":"10 Miles S from Fossil, OR","date":"2026-07-16T16:20:00Z","categoryId":"wildfires","category":"Wildfires","sourceName":"IRWIN","sourceUrl":"https://irwin.doi.gov/observer/incidents/2026-ORPRD-000491","eventUrl":"https://eonet.gsfc.nasa.gov/api/v3/events/EONET_21419/geojson","magnitude":"126009 acres","magnitudeDescription":""},"geometry":{"type":"Point","coordinates":[-120.316732,44.810126]}},{"type":"Feature","properties":{"id":"EONET_21581","title":"Wildfire Paradise, Wallowa, Oregon","description":"15 Miles S from Pendleton, OR","date":"2026-07-16T15:51:00Z","categoryId":"wildfires","category":"Wildfires","sourceName":"IRWIN","sourceUrl":"https://irwin.doi.gov/observer/incidents/2026-ORUMF-000302","eventUrl":"https://eonet.gsfc.nasa.gov/api/v3/events/EONET_21581/geojson","magnitude":"590 acres","magnitudeDescription":""},"geometry":{"type":"Point","coordinates":[-117.974282,45.998139]}},{"type":"Feature","properties":{"id":"EONET_21428","title":"Wildfire ROYAL LAKE, Adams, Washington","description":"8 Miles NW from Othello, WA","date":"2026-07-16T13:55:00Z","categoryId":"wildfires","category":"Wildfires","sourceName":"IRWIN","sourceUrl":"https://irwin.doi.gov/observer/incidents/2026-WAMCR-260429","eventUrl":"https://eonet.gsfc.nasa.gov/api/v3/events/EONET_21428/geojson","magnitude":"2037 acres","magnitudeDescription":""},"geometry":{"type":"Point","coordinates":[-119.361131,46.863295]}},{"type":"Feature","properties":{"id":"EONET_21423","title":"Wildfire LYONS FERRY, Franklin, Washington","description":"16 Miles E from Kahlotus, WA","date":"2026-07-16T13:04:00Z","categoryId":"wildfires","category":"Wildfires","sourceName":"IRWIN","sourceUrl":"https://irwin.doi.gov/observer/incidents/2026-WAWFS-260428","eventUrl":"https://eonet.gsfc.nasa.gov/api/v3/events/EONET_21423/geojson","magnitude":"34166 acres","magnitudeDescription":""},"geometry":{"type":"Point","coordinates":[-118.23915,46.6259]}},{"type":"Feature","properties":{"id":"EONET_21582","title":"Wildfire LITTLE GIANT, Chelan, Washington","description":"30 Miles NW from Leavenworth, WA","date":"2026-07-16T12:18:00Z","categoryId":"wildfires","category":"Wildfires","sourceName":"IRWIN","sourceUrl":"https://irwin.doi.gov/observer/incidents/2026-WAOWF-260406","eventUrl":"https://eonet.gsfc.nasa.gov/api/v3/events/EONET_21582/geojson","magnitude":"777 acres","magnitudeDescription":""},"geometry":{"type":"Point","coordinates":[-120.846617,48.016217]}},{"type":"Feature","properties":{"id":"EONET_21431","title":"Wildfire Kaiser Canyon, Okanogan, Washington","description":"1 Miles S from Nespelem, WA","date":"2026-07-16T11:08:00Z","categoryId":"wildfires","category":"Wildfires","sourceName":"IRWIN","sourceUrl":"https://irwin.doi.gov/observer/incidents/2026-WACOA-260140","eventUrl":"https://eonet.gsfc.nasa.gov/api/v3/events/EONET_21431/geojson","magnitude":"60226 acres","magnitudeDescription":""},"geometry":{"type":"Point","coordinates":[-118.958638,48.116777]}},{"type":"Feature","properties":{"id":"EONET_21374","title":"Wildfire 0460 HOPKIN, Gilliam, Oregon","description":"","date":"2026-07-16T08:04:00Z","categoryId":"wildfires","category":"Wildfires","sourceName":"IRWIN","sourceUrl":"https://irwin.doi.gov/observer/incidents/2026-ORPRD-000460","eventUrl":"https://eonet.gsfc.nasa.gov/api/v3/events/EONET_21374/geojson","magnitude":"2500 acres","magnitudeDescription":""},"geometry":{"type":"Point","coordinates":[-120.24295,45.336333]}},{"type":"Feature","properties":{"id":"EONET_21429","title":"Wildfire Turner, Boundary, Idaho","description":"9 Miles N from Bonners Ferry, ID","date":"2026-07-16T01:14:00Z","categoryId":"wildfires","category":"Wildfires","sourceName":"IRWIN","sourceUrl":"https://irwin.doi.gov/observer/incidents/2026-IDNIA-000405","eventUrl":"https://eonet.gsfc.nasa.gov/api/v3/events/EONET_21429/geojson","magnitude":"681 acres","magnitudeDescription":""},"geometry":{"type":"Point","coordinates":[-116.38025,48.825083]}},{"type":"Feature","properties":{"id":"EONET_21417","title":"Wildfire 0446 CAMEL HUMP, Wheeler, Oregon","description":"5 Miles SW from SERVICE CREEK, OR","date":"2026-07-16T01:13:00Z","categoryId":"wildfires","category":"Wildfires","sourceName":"IRWIN","sourceUrl":"https://irwin.doi.gov/observer/incidents/2026-ORPRD-000446","eventUrl":"https://eonet.gsfc.nasa.gov/api/v3/events/EONET_21417/geojson","magnitude":"4480 acres","magnitudeDescription":""},"geometry":{"type":"Point","coordinates":[-120.052,44.761667]}},{"type":"Feature","properties":{"id":"EONET_21375","title":"Wildfire 0445 CROSSWHITE, Wheeler, Oregon","description":"","date":"2026-07-16T00:17:00Z","categoryId":"wildfires","category":"Wildfires","sourceName":"IRWIN","sourceUrl":"https://irwin.doi.gov/observer/incidents/2026-ORPRD-000445","eventUrl":"https://eonet.gsfc.nasa.gov/api/v3/events/EONET_21375/geojson","magnitude":"1000 acres","magnitudeDescription":""},"geometry":{"type":"Point","coordinates":[-120.199167,44.803333]}},{"type":"Feature","properties":{"id":"EONET_21376","title":"Wildfire 0450 COVE CREEK, Wheeler, Oregon","description":"","date":"2026-07-16T00:08:00Z","categoryId":"wildfires","category":"Wildfires","sourceName":"IRWIN","sourceUrl":"https://irwin.doi.gov/observer/incidents/2026-ORPRD-000450","eventUrl":"https://eonet.gsfc.nasa.gov/api/v3/events/EONET_21376/geojson","magnitude":"1000 acres","magnitudeDescription":""},"geometry":{"type":"Point","coordinates":[-120.346403,44.942899]}},{"type":"Feature","properties":{"id":"EONET_21377","title":"Wildfire 0449 PORCUPINE RIDGE, Gilliam, Oregon","description":"","date":"2026-07-15T22:01:00Z","categoryId":"wildfires","category":"Wildfires","sourceName":"IRWIN","sourceUrl":"https://irwin.doi.gov/observer/incidents/2026-ORPRD-000449","eventUrl":"https://eonet.gsfc.nasa.gov/api/v3/events/EONET_21377/geojson","magnitude":"1000 acres","magnitudeDescription":""},"geometry":{"type":"Point","coordinates":[-120.350257,45.18894]}},{"type":"Feature","properties":{"id":"EONET_21414","title":"Wildfire 0433 BREWER, Jefferson, Oregon","description":"15 Miles E from MADRAS, OR","date":"2026-07-15T19:59:00Z","categoryId":"wildfires","category":"Wildfires","sourceName":"IRWIN","sourceUrl":"https://irwin.doi.gov/observer/incidents/2026-OR951S-000433","eventUrl":"https://eonet.gsfc.nasa.gov/api/v3/events/EONET_21414/geojson","magnitude":"17873 acres","magnitudeDescription":""},"geometry":{"type":"Point","coordinates":[-120.907094,44.588568]}},{"type":"Feature","properties":{"id":"EONET_21378","title":"Wildfire THORN, San Diego, California","description":"5 Miles N from Tierra del Sol, CA","date":"2026-07-15T18:49:00Z","categoryId":"wildfires","category":"Wildfires","sourceName":"IRWIN","sourceUrl":"https://irwin.doi.gov/observer/incidents/2026-CASDU-016203","eventUrl":"https://eonet.gsfc.nasa.gov/api/v3/events/EONET_21378/geojson","magnitude":"1201 acres","magnitudeDescription":""},"geometry":{"type":"Point","coordinates":[-116.332927,32.691104]}},{"type":"Feature","properties":{"id":"EONET_21395","title":"Wildfire Charger 2, Collier, Florida","description":"16 Miles NE from Ochopee, FL","date":"2026-07-15T11:57:00Z","categoryId":"wildfires","category":"Wildfires","sourceName":"IRWIN","sourceUrl":"https://irwin.doi.gov/observer/incidents/2026-FLBCP-002227","eventUrl":"https://eonet.gsfc.nasa.gov/api/v3/events/EONET_21395/geojson","magnitude":"974 acres","magnitudeDescription":""},"geometry":{"type":"Point","coordinates":[-81.0615,25.973667]}},{"type":"Feature","properties":{"id":"EONET_21387","title":"Wildfire BUCKET SHOP (53)~, Hillsborough, Florida","description":"21 Miles NE from BARTOW, FL","date":"2026-07-15T11:13:00Z","categoryId":"wildfires","category":"Wildfires","sourceName":"IRWIN","sourceUrl":"https://irwin.doi.gov/observer/incidents/2026-FLFLS-261400379","eventUrl":"https://eonet.gsfc.nasa.gov/api/v3/events/EONET_21387/geojson","magnitude":"553 acres","magnitudeDescription":""},"geometry":{"type":"Point","coordinates":[-82.0833333,27.6688889]}},{"type":"Feature","properties":{"id":"EONET_21388","title":"Prescribed Fire RX Flowing 24, Clay, Minnesota","description":"","date":"2026-07-15T11:10:00Z","categoryId":"wildfires","category":"Wildfires","sourceName":"IRWIN","sourceUrl":"https://irwin.doi.gov/observer/incidents/2025-MNMNS-RX2593380","eventUrl":"https://eonet.gsfc.nasa.gov/api/v3/events/EONET_21388/geojson","magnitude":"516 acres","magnitudeDescription":""},"geometry":{"type":"Point","coordinates":[-96.44761667,47.01508333]}},{"type":"Feature","properties":{"id":"EONET_21386","title":"Wildfire Little Knife, Lake, Minnesota","description":"","date":"2026-07-15T10:51:00Z","categoryId":"wildfires","category":"Wildfires","sourceName":"IRWIN","sourceUrl":"https://irwin.doi.gov/observer/incidents/2026-MNSUF-002510","eventUrl":"https://eonet.gsfc.nasa.gov/api/v3/events/EONET_21386/geojson","magnitude":"6000 acres","magnitudeDescription":""},"geometry":{"type":"Point","coordinates":[-91.104833,48.161067]}},{"type":"Feature","properties":{"id":"EONET_21389","title":"Prescribed Fire RX Chippewa Bottoms, Chippewa, Minnesota","description":"","date":"2026-07-13T16:49:00Z","categoryId":"wildfires","category":"Wildfires","sourceName":"IRWIN","sourceUrl":"https://irwin.doi.gov/observer/incidents/2025-MNMNS-RX259328","eventUrl":"https://eonet.gsfc.nasa.gov/api/v3/events/EONET_21389/geojson","magnitude":"700 acres","magnitudeDescription":""},"geometry":{"type":"Point","coordinates":[-96.01615,45.13868333]}},{"type":"Feature","properties":{"id":"EONET_21390","title":"Prescribed Fire RX Leach Impact Area, Morrison, Minnesota","description":"","date":"2026-07-13T15:46:00Z","categoryId":"wildfires","category":"Wildfires","sourceName":"IRWIN","sourceUrl":"https://irwin.doi.gov/observer/incidents/2025-MNMNS-RX259294","eventUrl":"https://eonet.gsfc.nasa.gov/api/v3/events/EONET_21390/geojson","magnitude":"2094 acres","magnitudeDescription":""},"geometry":{"type":"Point","coordinates":[-94.39675,46.27013333]}},{"type":"Feature","properties":{"id":"EONET_21380","title":"Wildfire P-L Gulch, Rio Blanco, Colorado","description":"19 Miles SW from Meeker, CO","date":"2026-07-13T15:02:00Z","categoryId":"wildfires","category":"Wildfires","sourceName":"IRWIN","sourceUrl":"https://irwin.doi.gov/observer/incidents/2026-COWRD-000853","eventUrl":"https://eonet.gsfc.nasa.gov/api/v3/events/EONET_21380/geojson","magnitude":"1500 acres","magnitudeDescription":""},"geometry":{"type":"Point","coordinates":[-108.22355,39.87355]}},{"type":"Feature","properties":{"id":"EONET_21322","title":"Prescribed Fire RX Infantry Platoon Battle Course, Morrison, Minnesota","description":"","date":"2026-07-13T11:54:00Z","categoryId":"wildfires","category":"Wildfires","sourceName":"IRWIN","sourceUrl":"https://irwin.doi.gov/observer/incidents/2025-MNMNS-RX259231","eventUrl":"https://eonet.gsfc.nasa.gov/api/v3/events/EONET_21322/geojson","magnitude":"503 acres","magnitudeDescription":""},"geometry":{"type":"Point","coordinates":[-94.39545,46.24695]}},{"type":"Feature","properties":{"id":"EONET_21323","title":"Prescribed Fire RX IPBC, Morrison, Minnesota","description":"","date":"2026-07-13T11:09:00Z","categoryId":"wildfires","category":"Wildfires","sourceName":"IRWIN","sourceUrl":"https://irwin.doi.gov/observer/incidents/2025-MNMNS-RX259215","eventUrl":"https://eonet.gsfc.nasa.gov/api/v3/events/EONET_21323/geojson","magnitude":"503 acres","magnitudeDescription":""},"geometry":{"type":"Point","coordinates":[-94.40005,46.24651667]}},{"type":"Feature","properties":{"id":"EONET_21324","title":"Prescribed Fire RX Center Range South, Morrison, Minnesota","description":"","date":"2026-07-13T11:07:00Z","categoryId":"wildfires","category":"Wildfires","sourceName":"IRWIN","sourceUrl":"https://irwin.doi.gov/observer/incidents/2025-MNMNS-RX259214","eventUrl":"https://eonet.gsfc.nasa.gov/api/v3/events/EONET_21324/geojson","magnitude":"503 acres","magnitudeDescription":""},"geometry":{"type":"Point","coordinates":[-94.44528333,46.16198333]}},{"type":"Feature","properties":{"id":"EONET_21320","title":"Wildfire 18 Mile, Elko, Nevada","description":"21 Miles N from Montello, NV","date":"2026-07-12T21:45:00Z","categoryId":"wildfires","category":"Wildfires","sourceName":"IRWIN","sourceUrl":"https://irwin.doi.gov/observer/incidents/2026-NVEKD-010270","eventUrl":"https://eonet.gsfc.nasa.gov/api/v3/events/EONET_21320/geojson","magnitude":"1326 acres","magnitudeDescription":""},"geometry":{"type":"Point","coordinates":[-114.267333,41.564667]}},{"type":"Feature","properties":{"id":"EONET_21318","title":"Wildfire Heavy Timber, Musselshell, Montana","description":"","date":"2026-07-12T21:00:00Z","categoryId":"wildfires","category":"Wildfires","sourceName":"IRWIN","sourceUrl":"https://irwin.doi.gov/observer/incidents/2026-MTLG23-260727","eventUrl":"https://eonet.gsfc.nasa.gov/api/v3/events/EONET_21318/geojson","magnitude":"500 acres","magnitudeDescription":""},"geometry":{"type":"Point","coordinates":[-108.146,46.44166]}},{"type":"Feature","properties":{"id":"EONET_21328","title":"Wildfire Cow Canyon, Oneida, Idaho","description":"4 Miles SE from Juniper, ID","date":"2026-07-12T16:15:00Z","categoryId":"wildfires","category":"Wildfires","sourceName":"IRWIN","sourceUrl":"https://irwin.doi.gov/observer/incidents/2026-IDIFD-000128","eventUrl":"https://eonet.gsfc.nasa.gov/api/v3/events/EONET_21328/geojson","magnitude":"2000 acres","magnitudeDescription":""},"geometry":{"type":"Point","coordinates":[-112.947187,42.11216]}},{"type":"Feature","properties":{"id":"EONET_21332","title":"Wildfire ELEPHANT, Plumas, California","description":"2 Miles NE from LOYALTON, CA","date":"2026-07-11T16:35:00Z","categoryId":"wildfires","category":"Wildfires","sourceName":"IRWIN","sourceUrl":"https://irwin.doi.gov/observer/incidents/2026-CATNF-001154","eventUrl":"https://eonet.gsfc.nasa.gov/api/v3/events/EONET_21332/geojson","magnitude":"6436 acres","magnitudeDescription":""},"geometry":{"type":"Point","coordinates":[-120.193167,39.710833]}},{"type":"Feature","properties":{"id":"EONET_21329","title":"Wildfire LOOMIS, Lassen, California","description":"5 Miles NE from LITTLE VALLEY, CA","date":"2026-07-11T15:03:00Z","categoryId":"wildfires","category":"Wildfires","sourceName":"IRWIN","sourceUrl":"https://irwin.doi.gov/observer/incidents/2026-CALMU-004291","eventUrl":"https://eonet.gsfc.nasa.gov/api/v3/events/EONET_21329/geojson","magnitude":"656 acres","magnitudeDescription":""},"geometry":{"type":"Point","coordinates":[-121.154667,40.965833]}},{"type":"Feature","properties":{"id":"EONET_21336","title":"Wildfire NINE CANYON, Benton, Washington","description":"","date":"2026-07-11T14:41:00Z","categoryId":"wildfires","category":"Wildfires","sourceName":"IRWIN","sourceUrl":"https://irwin.doi.gov/observer/incidents/2026-WABENN-260375","eventUrl":"https://eonet.gsfc.nasa.gov/api/v3/events/EONET_21336/geojson","magnitude":"600 acres","magnitudeDescription":""},"geometry":{"type":"Point","coordinates":[-119.04432,46.122786]}},{"type":"Feature","properties":{"id":"EONET_21331","title":"Wildfire Stookey, Tooele, Utah","description":"7 Miles W from Vernon, UT","date":"2026-07-10T19:51:00Z","categoryId":"wildfires","category":"Wildfires","sourceName":"IRWIN","sourceUrl":"https://irwin.doi.gov/observer/incidents/2026-UTWDD-200417","eventUrl":"https://eonet.gsfc.nasa.gov/api/v3/events/EONET_21331/geojson","magnitude":"4000 acres","magnitudeDescription":""},"geometry":{"type":"Point","coordinates":[-112.560267,40.1499]}},{"type":"Feature","properties":{"id":"EONET_21325","title":"Wildfire E Evans Creek Rd 18000, Jackson, Oregon","description":"14 Miles NE from Rogue River, OR","date":"2026-07-10T18:13:00Z","categoryId":"wildfires","category":"Wildfires","sourceName":"IRWIN","sourceUrl":"https://irwin.doi.gov/observer/incidents/2026-OR711S-000039","eventUrl":"https://eonet.gsfc.nasa.gov/api/v3/events/EONET_21325/geojson","magnitude":"3152 acres","magnitudeDescription":""},"geometry":{"type":"Point","coordinates":[-123.0018333,42.60395]}},{"type":"Feature","properties":{"id":"EONET_21333","title":"Wildfire SUMMIT, Los Angeles, California","description":"7 Miles W from Pinon Hills, CA","date":"2026-07-10T15:49:00Z","categoryId":"wildfires","category":"Wildfires","sourceName":"IRWIN","sourceUrl":"https://irwin.doi.gov/observer/incidents/2026-CALAC-240823","eventUrl":"https://eonet.gsfc.nasa.gov/api/v3/events/EONET_21333/geojson","magnitude":"2690 acres","magnitudeDescription":""},"geometry":{"type":"Point","coordinates":[-117.68601,34.45499]}},{"type":"Feature","properties":{"id":"EONET_21436","title":"Wildfire Nutmeg, Yukon-Koyukuk, Alaska","description":"4 Miles NW from Wiseman, AK","date":"2026-07-10T01:44:00Z","categoryId":"wildfires","category":"Wildfires","sourceName":"IRWIN","sourceUrl":"https://irwin.doi.gov/observer/incidents/2026-AKTAD-000397","eventUrl":"https://eonet.gsfc.nasa.gov/api/v3/events/EONET_21436/geojson","magnitude":"767.26 acres","magnitudeDescription":""},"geometry":{"type":"Point","coordinates":[-150.25392,67.447423]}},{"type":"Feature","properties":{"id":"EONET_21327","title":"Wildfire B AND O, Okanogan, Washington","description":"1 Miles SW from Okanogan, WA","date":"2026-07-09T18:09:00Z","categoryId":"wildfires","category":"Wildfires","sourceName":"IRWIN","sourceUrl":"https://irwin.doi.gov/observer/incidents/2026-WANES-001607","eventUrl":"https://eonet.gsfc.nasa.gov/api/v3/events/EONET_21327/geojson","magnitude":"2815 acres","magnitudeDescription":""},"geometry":{"type":"Point","coordinates":[-119.605515,48.352694]}},{"type":"Feature","properties":{"id":"EONET_21337","title":"Prescribed Fire RX Chippewa Prairie TNC, Chippewa, Minnesota","description":"","date":"2026-07-09T17:06:00Z","categoryId":"wildfires","category":"Wildfires","sourceName":"IRWIN","sourceUrl":"https://irwin.doi.gov/observer/incidents/2025-MNMNS-RX259196","eventUrl":"https://eonet.gsfc.nasa.gov/api/v3/events/EONET_21337/geojson","magnitude":"1030 acres","magnitudeDescription":""},"geometry":{"type":"Point","coordinates":[-95.99093333,45.12691667]}},{"type":"Feature","properties":{"id":"EONET_21338","title":"Prescribed Fire RX Terpstra W413-20-01, Lac qui Parle, Minnesota","description":"","date":"2026-07-09T17:03:00Z","categoryId":"wildfires","category":"Wildfires","sourceName":"IRWIN","sourceUrl":"https://irwin.doi.gov/observer/incidents/2025-MNMNS-RX259194","eventUrl":"https://eonet.gsfc.nasa.gov/api/v3/events/EONET_21338/geojson","magnitude":"670 acres","magnitudeDescription":""},"geometry":{"type":"Point","coordinates":[-96.01538333,45.10605]}},{"type":"Feature","properties":{"id":"EONET_21382","title":"Wildfire Wolfpack, St. Louis, Minnesota","description":"33 Miles NW from Ely, MN","date":"2026-07-09T16:14:00Z","categoryId":"wildfires","category":"Wildfires","sourceName":"IRWIN","sourceUrl":"https://irwin.doi.gov/observer/incidents/2026-MNSUF-002417","eventUrl":"https://eonet.gsfc.nasa.gov/api/v3/events/EONET_21382/geojson","magnitude":"2234 acres","magnitudeDescription":""},"geometry":{"type":"Point","coordinates":[-92.282167,48.1855]}},{"type":"Feature","properties":{"id":"EONET_21339","title":"Prescribed Fire RX Center Range North, Morrison, Minnesota","description":"","date":"2026-07-09T15:40:00Z","categoryId":"wildfires","category":"Wildfires","sourceName":"IRWIN","sourceUrl":"https://irwin.doi.gov/observer/incidents/2025-MNMNS-RX259130","eventUrl":"https://eonet.gsfc.nasa.gov/api/v3/events/EONET_21339/geojson","magnitude":"924 acres","magnitudeDescription":""},"geometry":{"type":"Point","coordinates":[-94.44471667,46.16963333]}},{"type":"Feature","properties":{"id":"EONET_21340","title":"Prescribed Fire RX Leach Impact Area, Morrison, Minnesota","description":"","date":"2026-07-09T15:27:00Z","categoryId":"wildfires","category":"Wildfires","sourceName":"IRWIN","sourceUrl":"https://irwin.doi.gov/observer/incidents/2025-MNMNS-RX259122","eventUrl":"https://eonet.gsfc.nasa.gov/api/v3/events/EONET_21340/geojson","magnitude":"2135 acres","magnitudeDescription":""},"geometry":{"type":"Point","coordinates":[-94.39906667,46.2736]}},{"type":"Feature","properties":{"id":"EONET_21858","title":"Wildfire Elk, Hinsdale, Colorado","description":"7 Miles NW from Lake City, CO","date":"2026-07-09T13:50:00Z","categoryId":"wildfires","category":"Wildfires","sourceName":"IRWIN","sourceUrl":"https://irwin.doi.gov/observer/incidents/2026-COGMF-000114","eventUrl":"https://eonet.gsfc.nasa.gov/api/v3/events/EONET_21858/geojson","magnitude":"2317 acres","magnitudeDescription":""},"geometry":{"type":"Point","coordinates":[-107.354823,38.124188]}},{"type":"Feature","properties":{"id":"EONET_21383","title":"Wildfire Sioux, St. Louis, Minnesota","description":"20 Miles NW from Ely, MN","date":"2026-07-09T12:37:00Z","categoryId":"wildfires","category":"Wildfires","sourceName":"IRWIN","sourceUrl":"https://irwin.doi.gov/observer/incidents/2026-MNSUF-002411","eventUrl":"https://eonet.gsfc.nasa.gov/api/v3/events/EONET_21383/geojson","magnitude":"7368 acres","magnitudeDescription":""},"geometry":{"type":"Point","coordinates":[-92.223926,48.153119]}},{"type":"Feature","properties":{"id":"EONET_21233","title":"Wildfire Rose Hill Bay, Duplin, North Carolina","description":"2 Miles SW from Rose Hill, NC","date":"2026-07-09T11:59:00Z","categoryId":"wildfires","category":"Wildfires","sourceName":"IRWIN","sourceUrl":"https://irwin.doi.gov/observer/incidents/2026-NCNCS-260064","eventUrl":"https://eonet.gsfc.nasa.gov/api/v3/events/EONET_21233/geojson","magnitude":"525 acres","magnitudeDescription":""},"geometry":{"type":"Point","coordinates":[-78.0655556,34.805]}},{"type":"Feature","properties":{"id":"EONET_21235","title":"Prescribed Fire RX Agassiz W413-21-20, Lac qui Parle, Minnesota","description":"","date":"2026-07-09T11:14:00Z","categoryId":"wildfires","category":"Wildfires","sourceName":"IRWIN","sourceUrl":"https://irwin.doi.gov/observer/incidents/2025-MNMNS-RX259094","eventUrl":"https://eonet.gsfc.nasa.gov/api/v3/events/EONET_21235/geojson","magnitude":"935 acres","magnitudeDescription":""},"geometry":{"type":"Point","coordinates":[-96.24231667,45.21431667]}},{"type":"Feature","properties":{"id":"EONET_21237","title":"Prescribed Fire RX Loen, Swift, Minnesota","description":"","date":"2026-07-09T10:44:00Z","categoryId":"wildfires","category":"Wildfires","sourceName":"IRWIN","sourceUrl":"https://irwin.doi.gov/observer/incidents/2025-MNMNS-RX259081","eventUrl":"https://eonet.gsfc.nasa.gov/api/v3/events/EONET_21237/geojson","magnitude":"580 acres","magnitudeDescription":""},"geometry":{"type":"Point","coordinates":[-95.5,45.38]}},{"type":"Feature","properties":{"id":"EONET_21238","title":"Prescribed Fire RX Loen, Swift, Minnesota","description":"","date":"2026-07-09T10:43:00Z","categoryId":"wildfires","category":"Wildfires","sourceName":"IRWIN","sourceUrl":"https://irwin.doi.gov/observer/incidents/2025-MNMNS-RX259080","eventUrl":"https://eonet.gsfc.nasa.gov/api/v3/events/EONET_21238/geojson","magnitude":"580 acres","magnitudeDescription":""},"geometry":{"type":"Point","coordinates":[-95.5,45.38]}},{"type":"Feature","properties":{"id":"EONET_21239","title":"Prescribed Fire RX Chippewa Prairie Unit 7 W413-20-28, Chippewa, Minnesota","description":"","date":"2026-07-09T10:39:00Z","categoryId":"wildfires","category":"Wildfires","sourceName":"IRWIN","sourceUrl":"https://irwin.doi.gov/observer/incidents/2025-MNMNS-RX259077","eventUrl":"https://eonet.gsfc.nasa.gov/api/v3/events/EONET_21239/geojson","magnitude":"914 acres","magnitudeDescription":""},"geometry":{"type":"Point","coordinates":[-96.01343333,45.13898333]}},{"type":"Feature","properties":{"id":"EONET_21317","title":"Wildfire Hogatza, Yukon-Koyukuk, Alaska","description":"33 Miles NW from Alatna, AK","date":"2026-07-08T22:46:00Z","categoryId":"wildfires","category":"Wildfires","sourceName":"IRWIN","sourceUrl":"https://irwin.doi.gov/observer/incidents/2026-AKTAD-000392","eventUrl":"https://eonet.gsfc.nasa.gov/api/v3/events/EONET_21317/geojson","magnitude":"3535.97 acres","magnitudeDescription":""},"geometry":{"type":"Point","coordinates":[-153.849167,66.664667]}},{"type":"Feature","properties":{"id":"EONET_21243","title":"Wildfire RYEGRASS COULEE, Kittitas, Washington","description":"1 Miles W from Vantage, WA","date":"2026-07-08T20:13:00Z","categoryId":"wildfires","category":"Wildfires","sourceName":"IRWIN","sourceUrl":"https://irwin.doi.gov/observer/incidents/2026-WASES-260359","eventUrl":"https://eonet.gsfc.nasa.gov/api/v3/events/EONET_21243/geojson","magnitude":"800 acres","magnitudeDescription":""},"geometry":{"type":"Point","coordinates":[-120.0208,46.949083]}},{"type":"Feature","properties":{"id":"EONET_21231","title":"Wildfire Getaway Pens, Dickens, Texas","description":"14 Miles E from Spur, TX","date":"2026-07-08T18:12:00Z","categoryId":"wildfires","category":"Wildfires","sourceName":"IRWIN","sourceUrl":"https://irwin.doi.gov/observer/incidents/2026-TXTXS-265848","eventUrl":"https://eonet.gsfc.nasa.gov/api/v3/events/EONET_21231/geojson","magnitude":"850 acres","magnitudeDescription":""},"geometry":{"type":"Point","coordinates":[-100.6149183,33.44265]}},{"type":"Feature","properties":{"id":"EONET_21241","title":"Wildfire VAN, Mariposa, California","description":"6 Miles SE from Catheys Valley, CA","date":"2026-07-08T16:53:00Z","categoryId":"wildfires","category":"Wildfires","sourceName":"IRWIN","sourceUrl":"https://irwin.doi.gov/observer/incidents/2026-CAMMU-013885","eventUrl":"https://eonet.gsfc.nasa.gov/api/v3/events/EONET_21241/geojson","magnitude":"1107 acres","magnitudeDescription":""},"geometry":{"type":"Point","coordinates":[-120.061317,37.327638]}},{"type":"Feature","properties":{"id":"EONET_21321","title":"Wildfire Anthony, Baker, Oregon","description":"34 Miles N from Baker City, OR","date":"2026-07-08T16:37:00Z","categoryId":"wildfires","category":"Wildfires","sourceName":"IRWIN","sourceUrl":"https://irwin.doi.gov/observer/incidents/2026-ORWWF-000227","eventUrl":"https://eonet.gsfc.nasa.gov/api/v3/events/EONET_21321/geojson","magnitude":"1643 acres","magnitudeDescription":""},"geometry":{"type":"Point","coordinates":[-118.200333,44.991867]}},{"type":"Feature","properties":{"id":"EONET_21326","title":"Wildfire Olive Butte, Grant, Oregon","description":"34 Miles SW from Baker City, OR","date":"2026-07-08T14:17:00Z","categoryId":"wildfires","category":"Wildfires","sourceName":"IRWIN","sourceUrl":"https://irwin.doi.gov/observer/incidents/2026-ORWWF-000224","eventUrl":"https://eonet.gsfc.nasa.gov/api/v3/events/EONET_21326/geojson","magnitude":"1642 acres","magnitudeDescription":""},"geometry":{"type":"Point","coordinates":[-118.452867,44.745217]}},{"type":"Feature","properties":{"id":"EONET_21430","title":"Wildfire Upper Smith, Boundary, Idaho","description":"6 Miles W from Porthill, ID","date":"2026-07-08T14:11:00Z","categoryId":"wildfires","category":"Wildfires","sourceName":"IRWIN","sourceUrl":"https://irwin.doi.gov/observer/incidents/2026-IDIPF-000347","eventUrl":"https://eonet.gsfc.nasa.gov/api/v3/events/EONET_21430/geojson","magnitude":"748 acres","magnitudeDescription":""},"geometry":{"type":"Point","coordinates":[-116.607783,48.9275]}},{"type":"Feature","properties":{"id":"EONET_21240","title":"Wildfire WHISKEY, Malheur, Oregon","description":"20 Miles E from CRANE, OR","date":"2026-07-08T12:32:00Z","categoryId":"wildfires","category":"Wildfires","sourceName":"IRWIN","sourceUrl":"https://irwin.doi.gov/observer/incidents/2026-ORVAD-260145","eventUrl":"https://eonet.gsfc.nasa.gov/api/v3/events/EONET_21240/geojson","magnitude":"999.3 acres","magnitudeDescription":""},"geometry":{"type":"Point","coordinates":[-118.18178,43.35394]}},{"type":"Feature","properties":{"id":"EONET_21250","title":"Prescribed Fire RX Artichoke Lake, Swift, Minnesota","description":"","date":"2026-07-08T10:24:00Z","categoryId":"wildfires","category":"Wildfires","sourceName":"IRWIN","sourceUrl":"https://irwin.doi.gov/observer/incidents/2025-MNMNS-RX259023","eventUrl":"https://eonet.gsfc.nasa.gov/api/v3/events/EONET_21250/geojson","magnitude":"615 acres","magnitudeDescription":""},"geometry":{"type":"Point","coordinates":[-96.0976,45.3332]}},{"type":"Feature","properties":{"id":"EONET_21251","title":"Prescribed Fire Meadow Creek WMA RX, Lyon, Minnesota","description":"","date":"2026-07-08T09:41:00Z","categoryId":"wildfires","category":"Wildfires","sourceName":"IRWIN","sourceUrl":"https://irwin.doi.gov/observer/incidents/2026-MNMNS-RX259013","eventUrl":"https://eonet.gsfc.nasa.gov/api/v3/events/EONET_21251/geojson","magnitude":"704 acres","magnitudeDescription":""},"geometry":{"type":"Point","coordinates":[-95.71371667,44.3772]}},{"type":"Feature","properties":{"id":"EONET_21236","title":"Wildfire Salmon, Grant, Oregon","description":"34 Miles SW from Baker City, OR","date":"2026-07-08T05:53:00Z","categoryId":"wildfires","category":"Wildfires","sourceName":"IRWIN","sourceUrl":"https://irwin.doi.gov/observer/incidents/2026-ORUMF-000222","eventUrl":"https://eonet.gsfc.nasa.gov/api/v3/events/EONET_21236/geojson","magnitude":"1000 acres","magnitudeDescription":""},"geometry":{"type":"Point","coordinates":[-118.510204,44.717021]}},{"type":"Feature","properties":{"id":"EONET_21330","title":"Wildfire Thumb, St. Louis, Minnesota","description":"6 Miles S from Gakijiwanong Anishnaabe Nation Canada, MN","date":"2026-07-07T18:38:00Z","categoryId":"wildfires","category":"Wildfires","sourceName":"IRWIN","sourceUrl":"https://irwin.doi.gov/observer/incidents/2026-MNSUF-002396","eventUrl":"https://eonet.gsfc.nasa.gov/api/v3/events/EONET_21330/geojson","magnitude":"500 acres","magnitudeDescription":""},"geometry":{"type":"Point","coordinates":[-92.192167,48.287667]}},{"type":"Feature","properties":{"id":"EONET_21384","title":"Wildfire Bear Trap, St. Louis, Minnesota","description":"20 Miles N from Ely, MN","date":"2026-07-07T18:28:00Z","categoryId":"wildfires","category":"Wildfires","sourceName":"IRWIN","sourceUrl":"https://irwin.doi.gov/observer/incidents/2026-MNSUF-002394","eventUrl":"https://eonet.gsfc.nasa.gov/api/v3/events/EONET_21384/geojson","magnitude":"13500 acres","magnitudeDescription":""},"geometry":{"type":"Point","coordinates":[-91.924667,48.1845]}},{"type":"Feature","properties":{"id":"EONET_21381","title":"Wildfire Camp, Lake, Minnesota","description":"5 Miles N from Winton, MN","date":"2026-07-07T18:11:00Z","categoryId":"wildfires","category":"Wildfires","sourceName":"IRWIN","sourceUrl":"https://irwin.doi.gov/observer/incidents/2026-MNSUF-002393","eventUrl":"https://eonet.gsfc.nasa.gov/api/v3/events/EONET_21381/geojson","magnitude":"2150 acres","magnitudeDescription":""},"geometry":{"type":"Point","coordinates":[-91.782917,47.998967]}},{"type":"Feature","properties":{"id":"EONET_21245","title":"Wildfire 3-1 PIT, Lassen, California","description":"4 Miles SE from LITTLE VALLEY, CA","date":"2026-07-07T16:35:00Z","categoryId":"wildfires","category":"Wildfires","sourceName":"IRWIN","sourceUrl":"https://irwin.doi.gov/observer/incidents/2026-CALMU-004201","eventUrl":"https://eonet.gsfc.nasa.gov/api/v3/events/EONET_21245/geojson","magnitude":"1055 acres","magnitudeDescription":""},"geometry":{"type":"Point","coordinates":[-121.2685,40.948833]}},{"type":"Feature","properties":{"id":"EONET_21242","title":"Wildfire Hoop, Harney, Oregon","description":"14 Miles SE from Frenchglen, OR","date":"2026-07-07T16:26:00Z","categoryId":"wildfires","category":"Wildfires","sourceName":"IRWIN","sourceUrl":"https://irwin.doi.gov/observer/incidents/2026-ORBUD-002650","eventUrl":"https://eonet.gsfc.nasa.gov/api/v3/events/EONET_21242/geojson","magnitude":"960 acres","magnitudeDescription":""},"geometry":{"type":"Point","coordinates":[-118.752133,42.637717]}},{"type":"Feature","properties":{"id":"EONET_21234","title":"Wildfire Avocado, Monroe, Florida","description":"30 Miles W from Homestead, FL","date":"2026-07-07T16:20:00Z","categoryId":"wildfires","category":"Wildfires","sourceName":"IRWIN","sourceUrl":"https://irwin.doi.gov/observer/incidents/2026-FLEVP-002146","eventUrl":"https://eonet.gsfc.nasa.gov/api/v3/events/EONET_21234/geojson","magnitude":"890 acres","magnitudeDescription":""},"geometry":{"type":"Point","coordinates":[-80.928833,25.423833]}},{"type":"Feature","properties":{"id":"EONET_21248","title":"Wildfire Mustang, Yukon-Koyukuk, Alaska","description":"19 Miles SE from Hughes, AK","date":"2026-07-06T18:47:00Z","categoryId":"wildfires","category":"Wildfires","sourceName":"IRWIN","sourceUrl":"https://irwin.doi.gov/observer/incidents/2026-AKTAD-000368","eventUrl":"https://eonet.gsfc.nasa.gov/api/v3/events/EONET_21248/geojson","magnitude":"587.39 acres","magnitudeDescription":""},"geometry":{"type":"Point","coordinates":[-154.11445,65.78555]}},{"type":"Feature","properties":{"id":"EONET_21021","title":"Wildfire RA 6 ADA CO CLAREMONT, Ada, Idaho","description":"","date":"2026-07-06T16:15:00Z","categoryId":"wildfires","category":"Wildfires","sourceName":"IRWIN","sourceUrl":"https://irwin.doi.gov/observer/incidents/2026-ID1AX-000618","eventUrl":"https://eonet.gsfc.nasa.gov/api/v3/events/EONET_21021/geojson","magnitude":"2000 acres","magnitudeDescription":""},"geometry":{"type":"Point","coordinates":[-116.175933,43.6347]}},{"type":"Feature","properties":{"id":"EONET_21007","title":"Wildfire Dutch Flat, Humboldt, Nevada","description":"9 Miles NE from Winnemucca, NV","date":"2026-07-05T19:33:00Z","categoryId":"wildfires","category":"Wildfires","sourceName":"IRWIN","sourceUrl":"https://irwin.doi.gov/observer/incidents/2026-NVHUMX-020340","eventUrl":"https://eonet.gsfc.nasa.gov/api/v3/events/EONET_21007/geojson","magnitude":"15409 acres","magnitudeDescription":""},"geometry":{"type":"Point","coordinates":[-117.614017,41.078633]}},{"type":"Feature","properties":{"id":"EONET_21010","title":"Wildfire NAVARRE COULEE, Chelan, Washington","description":"8 Miles SW from Chelan, WA","date":"2026-07-05T02:01:00Z","categoryId":"wildfires","category":"Wildfires","sourceName":"IRWIN","sourceUrl":"https://irwin.doi.gov/observer/incidents/2026-WASES-260329","eventUrl":"https://eonet.gsfc.nasa.gov/api/v3/events/EONET_21010/geojson","magnitude":"845 acres","magnitudeDescription":""},"geometry":{"type":"Point","coordinates":[-120.185178,47.773244]}},{"type":"Feature","properties":{"id":"EONET_21005","title":"Wildfire North Cayuse, Umatilla, Oregon","description":"15 Miles E from Pendleton, OR","date":"2026-07-04T18:37:00Z","categoryId":"wildfires","category":"Wildfires","sourceName":"IRWIN","sourceUrl":"https://irwin.doi.gov/observer/incidents/2026-OR973S-000206","eventUrl":"https://eonet.gsfc.nasa.gov/api/v3/events/EONET_21005/geojson","magnitude":"4663 acres","magnitudeDescription":""},"geometry":{"type":"Point","coordinates":[-118.480617,45.683083]}},{"type":"Feature","properties":{"id":"EONET_21247","title":"Wildfire Ishtalitna, Yukon-Koyukuk, Alaska","description":"47 Miles NW from Rampart, AK","date":"2026-07-04T17:39:00Z","categoryId":"wildfires","category":"Wildfires","sourceName":"IRWIN","sourceUrl":"https://irwin.doi.gov/observer/incidents/2026-AKTAD-000354","eventUrl":"https://eonet.gsfc.nasa.gov/api/v3/events/EONET_21247/geojson","magnitude":"846.63 acres","magnitudeDescription":""},"geometry":{"type":"Point","coordinates":[-151.57485,65.8547]}},{"type":"Feature","properties":{"id":"EONET_21000","title":"Wildfire CHELAN HILLS, Douglas, Washington","description":"1 Miles N from Orondo, WA","date":"2026-07-04T08:58:00Z","categoryId":"wildfires","category":"Wildfires","sourceName":"IRWIN","sourceUrl":"https://irwin.doi.gov/observer/incidents/2026-WASES-260321","eventUrl":"https://eonet.gsfc.nasa.gov/api/v3/events/EONET_21000/geojson","magnitude":"9735 acres","magnitudeDescription":""},"geometry":{"type":"Point","coordinates":[-119.97655,47.799583]}},{"type":"Feature","properties":{"id":"EONET_20999","title":"Wildfire Siruk, Yukon-Koyukuk, Alaska","description":"24 Miles NW from Allakaket, AK","date":"2026-07-01T00:11:00Z","categoryId":"wildfires","category":"Wildfires","sourceName":"IRWIN","sourceUrl":"https://irwin.doi.gov/observer/incidents/2026-AKTAD-000340","eventUrl":"https://eonet.gsfc.nasa.gov/api/v3/events/EONET_20999/geojson","magnitude":"589.57 acres","magnitudeDescription":""},"geometry":{"type":"Point","coordinates":[-153.440667,66.690333]}},{"type":"Feature","properties":{"id":"EONET_21043","title":"Wildfire Black Bird Ranch (14), DeSoto, Florida","description":"11 Miles SE from ARCADIA, FL","date":"2026-06-30T14:26:00Z","categoryId":"wildfires","category":"Wildfires","sourceName":"IRWIN","sourceUrl":"https://irwin.doi.gov/observer/incidents/2026-FLFLS-261500472","eventUrl":"https://eonet.gsfc.nasa.gov/api/v3/events/EONET_21043/geojson","magnitude":"750 acres","magnitudeDescription":""},"geometry":{"type":"Point","coordinates":[-81.6786111,27.1283333]}},{"type":"Feature","properties":{"id":"EONET_21067","title":"Wildfire ATLANTIC (06), Broward, Florida","description":"8 Miles W from POMPANO BEACH, FL","date":"2026-06-29T20:42:00Z","categoryId":"wildfires","category":"Wildfires","sourceName":"IRWIN","sourceUrl":"https://irwin.doi.gov/observer/incidents/2026-FLFLS-261800100","eventUrl":"https://eonet.gsfc.nasa.gov/api/v3/events/EONET_21067/geojson","magnitude":"5780 acres","magnitudeDescription":""},"geometry":{"type":"Point","coordinates":[-80.3108333,26.2161111]}},{"type":"Feature","properties":{"id":"EONET_21046","title":"Wildfire Sheep Head, Huerfano, Colorado","description":"22 Miles NW from Walsenburg, CO","date":"2026-06-29T20:40:00Z","categoryId":"wildfires","category":"Wildfires","sourceName":"IRWIN","sourceUrl":"https://irwin.doi.gov/observer/incidents/2026-COHUX-001163","eventUrl":"https://eonet.gsfc.nasa.gov/api/v3/events/EONET_21046/geojson","magnitude":"1322 acres","magnitudeDescription":""},"geometry":{"type":"Point","coordinates":[-105.136974,37.699535]}},{"type":"Feature","properties":{"id":"EONET_21084","title":"Wildfire HELLS BAY (48), Orange, Florida","description":"8 Miles E from LAKE MARY JANE, FL","date":"2026-06-29T15:11:00Z","categoryId":"wildfires","category":"Wildfires","sourceName":"IRWIN","sourceUrl":"https://irwin.doi.gov/observer/incidents/2026-FLFLS-261200409","eventUrl":"https://eonet.gsfc.nasa.gov/api/v3/events/EONET_21084/geojson","magnitude":"540 acres","magnitudeDescription":""},"geometry":{"type":"Point","coordinates":[-81.0536111,28.3491667]}},{"type":"Feature","properties":{"id":"EONET_21037","title":"Wildfire LAMBDIN, Walla Walla, Washington","description":"5 Miles SE from Wallula, WA","date":"2026-06-29T14:11:00Z","categoryId":"wildfires","category":"Wildfires","sourceName":"IRWIN","sourceUrl":"https://irwin.doi.gov/observer/incidents/2026-WAMCR-260297","eventUrl":"https://eonet.gsfc.nasa.gov/api/v3/events/EONET_21037/geojson","magnitude":"12776 acres","magnitudeDescription":""},"geometry":{"type":"Point","coordinates":[-118.872567,46.051583]}},{"type":"Feature","properties":{"id":"EONET_21019","title":"Wildfire Aspen Acres, Custer, Colorado","description":"20 Miles SW from Pueblo, CO","date":"2026-06-29T10:21:00Z","categoryId":"wildfires","category":"Wildfires","sourceName":"IRWIN","sourceUrl":"https://irwin.doi.gov/observer/incidents/2026-COCUX-001160","eventUrl":"https://eonet.gsfc.nasa.gov/api/v3/events/EONET_21019/geojson","magnitude":"91982 acres","magnitudeDescription":""},"geometry":{"type":"Point","coordinates":[-105.071268,38.019315]}},{"type":"Feature","properties":{"id":"EONET_21085","title":"Prescribed Fire RX Brewster 5525, Brewster, Texas","description":"","date":"2026-06-29T09:04:00Z","categoryId":"wildfires","category":"Wildfires","sourceName":"IRWIN","sourceUrl":"https://irwin.doi.gov/observer/incidents/2026-TXTXS-265526","eventUrl":"https://eonet.gsfc.nasa.gov/api/v3/events/EONET_21085/geojson","magnitude":"1300 acres","magnitudeDescription":""},"geometry":{"type":"Point","coordinates":[-103.00642,30.35554]}},{"type":"Feature","properties":{"id":"EONET_21035","title":"Wildfire Willow, Lake, Colorado","description":"6 Miles W from Leadville, CO","date":"2026-06-28T18:47:00Z","categoryId":"wildfires","category":"Wildfires","sourceName":"IRWIN","sourceUrl":"https://irwin.doi.gov/observer/incidents/2026-COPSF-001153","eventUrl":"https://eonet.gsfc.nasa.gov/api/v3/events/EONET_21035/geojson","magnitude":"4150 acres","magnitudeDescription":""},"geometry":{"type":"Point","coordinates":[-106.44032,39.23358]}},{"type":"Feature","properties":{"id":"EONET_21051","title":"Wildfire CARLTON EAST, Sarasota, Florida","description":"8 Miles SE from NORTH PORT, FL","date":"2026-06-28T16:50:00Z","categoryId":"wildfires","category":"Wildfires","sourceName":"IRWIN","sourceUrl":"https://irwin.doi.gov/observer/incidents/2026-FLFLS-261500453","eventUrl":"https://eonet.gsfc.nasa.gov/api/v3/events/EONET_21051/geojson","magnitude":"960 acres","magnitudeDescription":""},"geometry":{"type":"Point","coordinates":[-82.3005556,27.15]}},{"type":"Feature","properties":{"id":"EONET_21015","title":"Wildfire Gold Mountain, Ouray, Colorado","description":"2 Miles N from Ouray, CO","date":"2026-06-27T19:53:00Z","categoryId":"wildfires","category":"Wildfires","sourceName":"IRWIN","sourceUrl":"https://irwin.doi.gov/observer/incidents/2026-COGMF-000099","eventUrl":"https://eonet.gsfc.nasa.gov/api/v3/events/EONET_21015/geojson","magnitude":"29287 acres","magnitudeDescription":""},"geometry":{"type":"Point","coordinates":[-107.682124,38.051567]}},{"type":"Feature","properties":{"id":"EONET_21001","title":"Wildfire Ferris, Montezuma, Colorado","description":"7 Miles E from Cahone, CO","date":"2026-06-27T18:39:00Z","categoryId":"wildfires","category":"Wildfires","sourceName":"IRWIN","sourceUrl":"https://irwin.doi.gov/observer/incidents/2026-COSJF-000536","eventUrl":"https://eonet.gsfc.nasa.gov/api/v3/events/EONET_21001/geojson","magnitude":"51622 acres","magnitudeDescription":""},"geometry":{"type":"Point","coordinates":[-108.67098,37.629229]}},{"type":"Feature","properties":{"id":"EONET_21017","title":"Wildfire Doe Canyon, Dolores, Colorado","description":"7 Miles E from Cahone, CO","date":"2026-06-27T15:03:00Z","categoryId":"wildfires","category":"Wildfires","sourceName":"IRWIN","sourceUrl":"https://irwin.doi.gov/observer/incidents/2026-COSJF-000532","eventUrl":"https://eonet.gsfc.nasa.gov/api/v3/events/EONET_21017/geojson","magnitude":"1046 acres","magnitudeDescription":""},"geometry":{"type":"Point","coordinates":[-108.688017,37.711183]}},{"type":"Feature","properties":{"id":"EONET_21061","title":"Wildfire Jones, Grand, Utah","description":"null Miles null from null, ","date":"2026-06-27T11:08:00Z","categoryId":"wildfires","category":"Wildfires","sourceName":"IRWIN","sourceUrl":"https://irwin.doi.gov/observer/incidents/2026-COGRD-260191","eventUrl":"https://eonet.gsfc.nasa.gov/api/v3/events/EONET_21061/geojson","magnitude":"1459 acres","magnitudeDescription":""},"geometry":{"type":"Point","coordinates":[-109.073833,39.071217]}},{"type":"Feature","properties":{"id":"EONET_21027","title":"Wildfire Snyder, Grand, Utah","description":"13 Miles W from Grand Junction, CO","date":"2026-06-27T09:56:00Z","categoryId":"wildfires","category":"Wildfires","sourceName":"IRWIN","sourceUrl":"https://irwin.doi.gov/observer/incidents/2026-UTDRD-005113","eventUrl":"https://eonet.gsfc.nasa.gov/api/v3/events/EONET_21027/geojson","magnitude":"30202 acres","magnitudeDescription":""},"geometry":{"type":"Point","coordinates":[-109.058533,39.007876]}},{"type":"Feature","properties":{"id":"EONET_21045","title":"Wildfire Cecil, Yukon-Koyukuk, Alaska","description":"10 Miles SE from Ruby, AK","date":"2026-06-26T19:48:00Z","categoryId":"wildfires","category":"Wildfires","sourceName":"IRWIN","sourceUrl":"https://irwin.doi.gov/observer/incidents/2026-AKTAD-000315","eventUrl":"https://eonet.gsfc.nasa.gov/api/v3/events/EONET_21045/geojson","magnitude":"723.9 acres","magnitudeDescription":""},"geometry":{"type":"Point","coordinates":[-155.154033,64.73125]}},{"type":"Feature","properties":{"id":"EONET_21030","title":"Wildfire Wild Goose, Millard, Utah","description":"12 Miles NE from Fillmore, UT","date":"2026-06-26T18:24:00Z","categoryId":"wildfires","category":"Wildfires","sourceName":"IRWIN","sourceUrl":"https://irwin.doi.gov/observer/incidents/2026-UTFIF-260220","eventUrl":"https://eonet.gsfc.nasa.gov/api/v3/events/EONET_21030/geojson","magnitude":"12647 acres","magnitudeDescription":""},"geometry":{"type":"Point","coordinates":[-112.172072,39.106205]}},{"type":"Feature","properties":{"id":"EONET_21033","title":"Wildfire Babylon, San Juan, Utah","description":"25 Miles SW from Monticello, UT","date":"2026-06-26T17:54:00Z","categoryId":"wildfires","category":"Wildfires","sourceName":"IRWIN","sourceUrl":"https://irwin.doi.gov/observer/incidents/2026-UTMLF-005112","eventUrl":"https://eonet.gsfc.nasa.gov/api/v3/events/EONET_21033/geojson","magnitude":"96564 acres","magnitudeDescription":""},"geometry":{"type":"Point","coordinates":[-109.808667,37.734333]}},{"type":"Feature","properties":{"id":"EONET_21029","title":"Wildfire Beehive, Rio Arriba, New Mexico","description":"12 Miles NW from Tres Piedras, NM","date":"2026-06-26T17:20:00Z","categoryId":"wildfires","category":"Wildfires","sourceName":"IRWIN","sourceUrl":"https://irwin.doi.gov/observer/incidents/2026-NMCAF-000357","eventUrl":"https://eonet.gsfc.nasa.gov/api/v3/events/EONET_21029/geojson","magnitude":"4728 acres","magnitudeDescription":""},"geometry":{"type":"Point","coordinates":[-106.1649,36.737348]}},{"type":"Feature","properties":{"id":"EONET_21063","title":"Wildfire PETERSON, Klickitat, Washington","description":"","date":"2026-06-26T16:54:00Z","categoryId":"wildfires","category":"Wildfires","sourceName":"IRWIN","sourceUrl":"https://irwin.doi.gov/observer/incidents/2026-WAKLCN-260280","eventUrl":"https://eonet.gsfc.nasa.gov/api/v3/events/EONET_21063/geojson","magnitude":"1000 acres","magnitudeDescription":""},"geometry":{"type":"Point","coordinates":[-119.940022,45.945754]}},{"type":"Feature","properties":{"id":"EONET_21032","title":"Wildfire Dry Canyon, Lincoln, Nevada","description":"14 Miles E from Pioche, NV","date":"2026-06-26T16:33:00Z","categoryId":"wildfires","category":"Wildfires","sourceName":"IRWIN","sourceUrl":"https://irwin.doi.gov/observer/incidents/2026-NVELD-040141","eventUrl":"https://eonet.gsfc.nasa.gov/api/v3/events/EONET_21032/geojson","magnitude":"1651 acres","magnitudeDescription":""},"geometry":{"type":"Point","coordinates":[-114.1387,38.00545]}},{"type":"Feature","properties":{"id":"EONET_21026","title":"Wildfire Cherry, Juab, Utah","description":"29 Miles SW from Santaquin, UT","date":"2026-06-26T15:55:00Z","categoryId":"wildfires","category":"Wildfires","sourceName":"IRWIN","sourceUrl":"https://irwin.doi.gov/observer/incidents/2026-UTWDD-260218","eventUrl":"https://eonet.gsfc.nasa.gov/api/v3/events/EONET_21026/geojson","magnitude":"34252 acres","magnitudeDescription":""},"geometry":{"type":"Point","coordinates":[-112.3595,39.852883]}},{"type":"Feature","properties":{"id":"EONET_21064","title":"Wildfire Michigan, Yukon-Koyukuk, Alaska","description":"28 Miles W from Coldfoot, AK","date":"2026-06-26T12:32:00Z","categoryId":"wildfires","category":"Wildfires","sourceName":"IRWIN","sourceUrl":"https://irwin.doi.gov/observer/incidents/2026-AKTAD-000309","eventUrl":"https://eonet.gsfc.nasa.gov/api/v3/events/EONET_21064/geojson","magnitude":"1446.43 acres","magnitudeDescription":""},"geometry":{"type":"Point","coordinates":[-151.22,67.320833]}},{"type":"Feature","properties":{"id":"EONET_21060","title":"Wildfire Allen, Yukon-Koyukuk, Alaska","description":"47 Miles W from Wiseman, AK","date":"2026-06-26T12:28:00Z","categoryId":"wildfires","category":"Wildfires","sourceName":"IRWIN","sourceUrl":"https://irwin.doi.gov/observer/incidents/2026-AKTAD-000308","eventUrl":"https://eonet.gsfc.nasa.gov/api/v3/events/EONET_21060/geojson","magnitude":"1691.14 acres","magnitudeDescription":""},"geometry":{"type":"Point","coordinates":[-151.853617,67.529167]}},{"type":"Feature","properties":{"id":"EONET_21075","title":"Wildfire EHREN CUTOFF (51), Pasco, Florida","description":"31 Miles NE from TAMPA, FL","date":"2026-06-25T22:10:00Z","categoryId":"wildfires","category":"Wildfires","sourceName":"IRWIN","sourceUrl":"https://irwin.doi.gov/observer/incidents/2026-FLFLS-261100489","eventUrl":"https://eonet.gsfc.nasa.gov/api/v3/events/EONET_21075/geojson","magnitude":"525 acres","magnitudeDescription":""},"geometry":{"type":"Point","coordinates":[-82.4180556,28.3311111]}},{"type":"Feature","properties":{"id":"EONET_21069","title":"Wildfire Doorstep, Yukon-Koyukuk, Alaska","description":"32 Miles SE from Bettles, AK","date":"2026-06-25T20:24:00Z","categoryId":"wildfires","category":"Wildfires","sourceName":"IRWIN","sourceUrl":"https://irwin.doi.gov/observer/incidents/2026-AKUYD-000298","eventUrl":"https://eonet.gsfc.nasa.gov/api/v3/events/EONET_21069/geojson","magnitude":"1610.48 acres","magnitudeDescription":""},"geometry":{"type":"Point","coordinates":[-150.391833,66.783333]}},{"type":"Feature","properties":{"id":"EONET_21036","title":"Wildfire Parsnip Peak, Lincoln, Nevada","description":"18 Miles NW from Pioche, NV","date":"2026-06-25T14:41:00Z","categoryId":"wildfires","category":"Wildfires","sourceName":"IRWIN","sourceUrl":"https://irwin.doi.gov/observer/incidents/2026-NVELD-040135","eventUrl":"https://eonet.gsfc.nasa.gov/api/v3/events/EONET_21036/geojson","magnitude":"2264 acres","magnitudeDescription":""},"geometry":{"type":"Point","coordinates":[-114.293,38.083333]}},{"type":"Feature","properties":{"id":"EONET_21056","title":"Wildfire Kilusiktok, Nome, Alaska","description":"51 Miles NE from Koyuk, AK","date":"2026-06-25T12:23:00Z","categoryId":"wildfires","category":"Wildfires","sourceName":"IRWIN","sourceUrl":"https://irwin.doi.gov/observer/incidents/2026-AKGAD-000296","eventUrl":"https://eonet.gsfc.nasa.gov/api/v3/events/EONET_21056/geojson","magnitude":"2204.39 acres","magnitudeDescription":""},"geometry":{"type":"Point","coordinates":[-159.667333,65.332833]}},{"type":"Feature","properties":{"id":"EONET_21068","title":"Wildfire Mud, Yukon-Koyukuk, Alaska","description":"35 Miles SE from Kaltag, AK","date":"2026-06-24T16:07:00Z","categoryId":"wildfires","category":"Wildfires","sourceName":"IRWIN","sourceUrl":"https://irwin.doi.gov/observer/incidents/2026-AKGAD-000287","eventUrl":"https://eonet.gsfc.nasa.gov/api/v3/events/EONET_21068/geojson","magnitude":"1733.6 acres","magnitudeDescription":""},"geometry":{"type":"Point","coordinates":[-157.622817,64.16785]}},{"type":"Feature","properties":{"id":"EONET_21101","title":"Wildfire AREA 2, Palm Beach, Florida","description":"10 Miles E from palm beach county, FL","date":"2026-06-24T14:53:00Z","categoryId":"wildfires","category":"Wildfires","sourceName":"IRWIN","sourceUrl":"https://irwin.doi.gov/observer/incidents/2026-FLFLS-261800098","eventUrl":"https://eonet.gsfc.nasa.gov/api/v3/events/EONET_21101/geojson","magnitude":"12000 acres","magnitudeDescription":""},"geometry":{"type":"Point","coordinates":[-80.4602778,26.4113889]}},{"type":"Feature","properties":{"id":"EONET_21104","title":"Wildfire Lox Mutual Aid 06/24, Broward, Florida","description":"","date":"2026-06-24T13:03:00Z","categoryId":"wildfires","category":"Wildfires","sourceName":"IRWIN","sourceUrl":"https://irwin.doi.gov/observer/incidents/2026-FLLXR-002007","eventUrl":"https://eonet.gsfc.nasa.gov/api/v3/events/EONET_21104/geojson","magnitude":"800 acres","magnitudeDescription":""},"geometry":{"type":"Point","coordinates":[-80.51182,26.310827]}},{"type":"Feature","properties":{"id":"EONET_21093","title":"Wildfire Platt Trap  (22), Glades, Florida","description":"4 Miles SW from LAKEPORT, FL","date":"2026-06-24T09:40:00Z","categoryId":"wildfires","category":"Wildfires","sourceName":"IRWIN","sourceUrl":"https://irwin.doi.gov/observer/incidents/2026-FLFLS-261600476","eventUrl":"https://eonet.gsfc.nasa.gov/api/v3/events/EONET_21093/geojson","magnitude":"2513 acres","magnitudeDescription":""},"geometry":{"type":"Point","coordinates":[-81.1741667,26.9361111]}},{"type":"Feature","properties":{"id":"EONET_21009","title":"Wildfire McCauley Springs, Sandoval, New Mexico","description":"4 Miles NE from JEMEZ SPRINGS, NM","date":"2026-06-24T09:00:00Z","categoryId":"wildfires","category":"Wildfires","sourceName":"IRWIN","sourceUrl":"https://irwin.doi.gov/observer/incidents/2026-NMSNF-000312","eventUrl":"https://eonet.gsfc.nasa.gov/api/v3/events/EONET_21009/geojson","magnitude":"712 acres","magnitudeDescription":""},"geometry":{"type":"Point","coordinates":[-106.626,35.827218]}},{"type":"Feature","properties":{"id":"EONET_21086","title":"Wildfire Orange Hammock (58), Sarasota, Florida","description":"8 Miles E from NORTH PORT, FL","date":"2026-06-23T21:59:00Z","categoryId":"wildfires","category":"Wildfires","sourceName":"IRWIN","sourceUrl":"https://irwin.doi.gov/observer/incidents/2026-FLFLS-261500419","eventUrl":"https://eonet.gsfc.nasa.gov/api/v3/events/EONET_21086/geojson","magnitude":"634 acres","magnitudeDescription":""},"geometry":{"type":"Point","coordinates":[-82.085,27.0902778]}},{"type":"Feature","properties":{"id":"EONET_21016","title":"Wildfire Kinky Creek, Teton, Wyoming","description":"34 Miles NW from Cora, WY","date":"2026-06-23T17:59:00Z","categoryId":"wildfires","category":"Wildfires","sourceName":"IRWIN","sourceUrl":"https://irwin.doi.gov/observer/incidents/2026-WYBTF-002606","eventUrl":"https://eonet.gsfc.nasa.gov/api/v3/events/EONET_21016/geojson","magnitude":"880 acres","magnitudeDescription":""},"geometry":{"type":"Point","coordinates":[-110.221765,43.428487]}},{"type":"Feature","properties":{"id":"EONET_21023","title":"Wildfire CANYON VENADO, Torrance, New Mexico","description":"5 Miles E from Clines Corner, NM","date":"2026-06-23T16:21:00Z","categoryId":"wildfires","category":"Wildfires","sourceName":"IRWIN","sourceUrl":"https://irwin.doi.gov/observer/incidents/2026-NMN6S-000349","eventUrl":"https://eonet.gsfc.nasa.gov/api/v3/events/EONET_21023/geojson","magnitude":"919 acres","magnitudeDescription":""},"geometry":{"type":"Point","coordinates":[-105.585484,34.998876]}},{"type":"Feature","properties":{"id":"EONET_21025","title":"Wildfire Cottonwood, Beaver, Utah","description":"5 Miles E from Beaver, UT","date":"2026-06-22T18:49:00Z","categoryId":"wildfires","category":"Wildfires","sourceName":"IRWIN","sourceUrl":"https://irwin.doi.gov/observer/incidents/2026-UTFIF-260198","eventUrl":"https://eonet.gsfc.nasa.gov/api/v3/events/EONET_21025/geojson","magnitude":"95934 acres","magnitudeDescription":""},"geometry":{"type":"Point","coordinates":[-112.550767,38.26975]}},{"type":"Feature","properties":{"id":"EONET_21028","title":"Wildfire Sacaton, Catron, New Mexico","description":"15 Miles E from Glenwood, NM","date":"2026-06-22T11:22:00Z","categoryId":"wildfires","category":"Wildfires","sourceName":"IRWIN","sourceUrl":"https://irwin.doi.gov/observer/incidents/2026-NMGNF-000354","eventUrl":"https://eonet.gsfc.nasa.gov/api/v3/events/EONET_21028/geojson","magnitude":"9349 acres","magnitudeDescription":""},"geometry":{"type":"Point","coordinates":[-108.6735,33.274833]}},{"type":"Feature","properties":{"id":"EONET_21092","title":"Wildfire Buffalo, Southeast Fairbanks, Alaska","description":"12 Miles SW from Delta Junction, AK","date":"2026-06-21T23:39:00Z","categoryId":"wildfires","category":"Wildfires","sourceName":"IRWIN","sourceUrl":"https://irwin.doi.gov/observer/incidents/2026-AKMID-000263","eventUrl":"https://eonet.gsfc.nasa.gov/api/v3/events/EONET_21092/geojson","magnitude":"744.64 acres","magnitudeDescription":""},"geometry":{"type":"Point","coordinates":[-146.008333,63.9195]}},{"type":"Feature","properties":{"id":"EONET_21052","title":"Wildfire GARRED ROAD, Douglas, Washington","description":"4 Miles W from Coulee City, WA","date":"2026-06-21T22:09:00Z","categoryId":"wildfires","category":"Wildfires","sourceName":"IRWIN","sourceUrl":"https://irwin.doi.gov/observer/incidents/2026-WAWFS-260260","eventUrl":"https://eonet.gsfc.nasa.gov/api/v3/events/EONET_21052/geojson","magnitude":"3369 acres","magnitudeDescription":""},"geometry":{"type":"Point","coordinates":[-119.371668,47.6388]}},{"type":"Feature","properties":{"id":"EONET_21031","title":"Wildfire Shingle Creek, Idaho, Idaho","description":"6 Miles SW from Riggins, ID","date":"2026-06-21T16:03:00Z","categoryId":"wildfires","category":"Wildfires","sourceName":"IRWIN","sourceUrl":"https://irwin.doi.gov/observer/incidents/2026-IDCMS-000183","eventUrl":"https://eonet.gsfc.nasa.gov/api/v3/events/EONET_21031/geojson","magnitude":"628 acres","magnitudeDescription":""},"geometry":{"type":"Point","coordinates":[-116.397033,45.357167]}},{"type":"Feature","properties":{"id":"EONET_21047","title":"Wildfire White Tail, Gila, Arizona","description":"12 Miles NE from San Carlos, AZ","date":"2026-06-21T09:36:00Z","categoryId":"wildfires","category":"Wildfires","sourceName":"IRWIN","sourceUrl":"https://irwin.doi.gov/observer/incidents/2026-AZSCA-000894","eventUrl":"https://eonet.gsfc.nasa.gov/api/v3/events/EONET_21047/geojson","magnitude":"857 acres","magnitudeDescription":""},"geometry":{"type":"Point","coordinates":[-110.226,33.551833]}},{"type":"Feature","properties":{"id":"EONET_21244","title":"Wildfire Tatlanika, Denali, Alaska","description":"25 Miles E from Clear, AK","date":"2026-06-21T02:30:00Z","categoryId":"wildfires","category":"Wildfires","sourceName":"IRWIN","sourceUrl":"https://irwin.doi.gov/observer/incidents/2026-AKFAS-611246","eventUrl":"https://eonet.gsfc.nasa.gov/api/v3/events/EONET_21244/geojson","magnitude":"675.27 acres","magnitudeDescription":""},"geometry":{"type":"Point","coordinates":[-148.351667,64.2705]}},{"type":"Feature","properties":{"id":"EONET_21073","title":"Wildfire Kathul, Southeast Fairbanks, Alaska","description":"55 Miles NW from Eagle, AK","date":"2026-06-20T22:42:00Z","categoryId":"wildfires","category":"Wildfires","sourceName":"IRWIN","sourceUrl":"https://irwin.doi.gov/observer/incidents/2026-AKUYD-000233","eventUrl":"https://eonet.gsfc.nasa.gov/api/v3/events/EONET_21073/geojson","magnitude":"2998.57 acres","magnitudeDescription":""},"geometry":{"type":"Point","coordinates":[-142.40666,65.364395]}},{"type":"Feature","properties":{"id":"EONET_21090","title":"Wildfire Bonneville, Salt Lake, Utah","description":"3 Miles E from Salt Lake City, UT","date":"2026-06-20T20:22:00Z","categoryId":"wildfires","category":"Wildfires","sourceName":"IRWIN","sourceUrl":"https://irwin.doi.gov/observer/incidents/2026-UTUWF-200287","eventUrl":"https://eonet.gsfc.nasa.gov/api/v3/events/EONET_21090/geojson","magnitude":"566 acres","magnitudeDescription":""},"geometry":{"type":"Point","coordinates":[-111.820933,40.7739]}},{"type":"Feature","properties":{"id":"EONET_21004","title":"Wildfire Shaw, Southeast Fairbanks, Alaska","description":"23 Miles NE from Delta Junction, AK","date":"2026-06-20T19:42:00Z","categoryId":"wildfires","category":"Wildfires","sourceName":"IRWIN","sourceUrl":"https://irwin.doi.gov/observer/incidents/2026-AKDAS-612226","eventUrl":"https://eonet.gsfc.nasa.gov/api/v3/events/EONET_21004/geojson","magnitude":"1482.83 acres","magnitudeDescription":""},"geometry":{"type":"Point","coordinates":[-145.443333,64.37945]}},{"type":"Feature","properties":{"id":"EONET_21087","title":"Wildfire Hastings, Tooele, Utah","description":"35 Miles NW from Dugway, UT","date":"2026-06-20T16:49:00Z","categoryId":"wildfires","category":"Wildfires","sourceName":"IRWIN","sourceUrl":"https://irwin.doi.gov/observer/incidents/2026-UTWDD-200282","eventUrl":"https://eonet.gsfc.nasa.gov/api/v3/events/EONET_21087/geojson","magnitude":"26355 acres","magnitudeDescription":""},"geometry":{"type":"Point","coordinates":[-112.94745,40.7299]}},{"type":"Feature","properties":{"id":"EONET_21246","title":"Wildfire Hoholitna, Lake and Peninsula, Alaska","description":"30 Miles S from Lime Village, AK","date":"2026-06-20T14:04:00Z","categoryId":"wildfires","category":"Wildfires","sourceName":"IRWIN","sourceUrl":"https://irwin.doi.gov/observer/incidents/2026-AKSWS-604220","eventUrl":"https://eonet.gsfc.nasa.gov/api/v3/events/EONET_21246/geojson","magnitude":"546.13 acres","magnitudeDescription":""},"geometry":{"type":"Point","coordinates":[-155.23,60.9]}},{"type":"Feature","properties":{"id":"EONET_21115","title":"Wildfire Searcy 149, Searcy, Arkansas","description":"","date":"2026-06-20T12:10:00Z","categoryId":"wildfires","category":"Wildfires","sourceName":"IRWIN","sourceUrl":"https://irwin.doi.gov/observer/incidents/2026-ARARS-300149","eventUrl":"https://eonet.gsfc.nasa.gov/api/v3/events/EONET_21115/geojson","magnitude":"1186 acres","magnitudeDescription":""},"geometry":{"type":"Point","coordinates":[-92.774577,35.866437]}},{"type":"Feature","properties":{"id":"EONET_21116","title":"Wildfire Independence 163, Independence, Arkansas","description":"","date":"2026-06-20T12:00:00Z","categoryId":"wildfires","category":"Wildfires","sourceName":"IRWIN","sourceUrl":"https://irwin.doi.gov/observer/incidents/2026-ARARS-300163","eventUrl":"https://eonet.gsfc.nasa.gov/api/v3/events/EONET_21116/geojson","magnitude":"660 acres","magnitudeDescription":""},"geometry":{"type":"Point","coordinates":[-91.64646,35.88585]}},{"type":"Feature","properties":{"id":"EONET_21118","title":"Wildfire Fulton 225, Fulton, Arkansas","description":"","date":"2026-06-20T08:23:00Z","categoryId":"wildfires","category":"Wildfires","sourceName":"IRWIN","sourceUrl":"https://irwin.doi.gov/observer/incidents/2026-ARARS-300225","eventUrl":"https://eonet.gsfc.nasa.gov/api/v3/events/EONET_21118/geojson","magnitude":"740 acres","magnitudeDescription":""},"geometry":{"type":"Point","coordinates":[-91.9525,36.4568]}},{"type":"Feature","properties":{"id":"EONET_21049","title":"Wildfire Iron, Juab, Utah","description":"1 Miles NW from Eureka, UT","date":"2026-06-20T02:01:00Z","categoryId":"wildfires","category":"Wildfires","sourceName":"IRWIN","sourceUrl":"https://irwin.doi.gov/observer/incidents/2026-UTSCS-260194","eventUrl":"https://eonet.gsfc.nasa.gov/api/v3/events/EONET_21049/geojson","magnitude":"41842 acres","magnitudeDescription":""},"geometry":{"type":"Point","coordinates":[-112.19755,39.976283]}},{"type":"Feature","properties":{"id":"EONET_21119","title":"Wildfire Izard 201, Izard, Arkansas","description":"","date":"2026-06-19T22:54:00Z","categoryId":"wildfires","category":"Wildfires","sourceName":"IRWIN","sourceUrl":"https://irwin.doi.gov/observer/incidents/2026-ARARS-300201","eventUrl":"https://eonet.gsfc.nasa.gov/api/v3/events/EONET_21119/geojson","magnitude":"590 acres","magnitudeDescription":""},"geometry":{"type":"Point","coordinates":[-91.87339,35.90866]}},{"type":"Feature","properties":{"id":"EONET_21120","title":"Wildfire Searcy 189, Searcy, Arkansas","description":"","date":"2026-06-19T22:23:00Z","categoryId":"wildfires","category":"Wildfires","sourceName":"IRWIN","sourceUrl":"https://irwin.doi.gov/observer/incidents/2026-ARARS-300189","eventUrl":"https://eonet.gsfc.nasa.gov/api/v3/events/EONET_21120/geojson","magnitude":"1186 acres","magnitudeDescription":""},"geometry":{"type":"Point","coordinates":[-92.77191,35.87584]}},{"type":"Feature","properties":{"id":"EONET_21011","title":"Wildfire Pocket, Yavapai, Arizona","description":"7 Miles N from Sedona, AZ","date":"2026-06-19T20:51:00Z","categoryId":"wildfires","category":"Wildfires","sourceName":"IRWIN","sourceUrl":"https://irwin.doi.gov/observer/incidents/2026-AZCOF-000781","eventUrl":"https://eonet.gsfc.nasa.gov/api/v3/events/EONET_21011/geojson","magnitude":"26697 acres","magnitudeDescription":""},"geometry":{"type":"Point","coordinates":[-111.787421,34.967212]}},{"type":"Feature","properties":{"id":"EONET_21109","title":"Wildfire STAR, Kern, California","description":"16 Miles E from BAKERSFIELD, CA","date":"2026-06-19T19:43:00Z","categoryId":"wildfires","category":"Wildfires","sourceName":"IRWIN","sourceUrl":"https://irwin.doi.gov/observer/incidents/2026-CAKRN-025235","eventUrl":"https://eonet.gsfc.nasa.gov/api/v3/events/EONET_21109/geojson","magnitude":"577 acres","magnitudeDescription":""},"geometry":{"type":"Point","coordinates":[-118.7477778,35.2908333]}},{"type":"Feature","properties":{"id":"EONET_21089","title":"Wildfire Bear, Denali, Alaska","description":"35 Miles SE from Lake Minchumina, AK","date":"2026-06-19T19:34:00Z","categoryId":"wildfires","category":"Wildfires","sourceName":"IRWIN","sourceUrl":"https://irwin.doi.gov/observer/incidents/2026-AKTAD-000212","eventUrl":"https://eonet.gsfc.nasa.gov/api/v3/events/EONET_21089/geojson","magnitude":"3409.15 acres","magnitudeDescription":""},"geometry":{"type":"Point","coordinates":[-151.235,63.652]}},{"type":"Feature","properties":{"id":"EONET_21099","title":"Wildfire LOST, Kern, California","description":"35 Miles W from Bakersfield, CA","date":"2026-06-18T12:28:00Z","categoryId":"wildfires","category":"Wildfires","sourceName":"IRWIN","sourceUrl":"https://irwin.doi.gov/observer/incidents/2026-CAKRN-025007","eventUrl":"https://eonet.gsfc.nasa.gov/api/v3/events/EONET_21099/geojson","magnitude":"7834 acres","magnitudeDescription":""},"geometry":{"type":"Point","coordinates":[-119.755,35.4186111]}},{"type":"Feature","properties":{"id":"EONET_21111","title":"Wildfire School Lands, Woods, Oklahoma","description":"9 Miles NW from Waynoka, OK","date":"2026-06-17T18:41:00Z","categoryId":"wildfires","category":"Wildfires","sourceName":"IRWIN","sourceUrl":"https://irwin.doi.gov/observer/incidents/2026-OKOKS-260760","eventUrl":"https://eonet.gsfc.nasa.gov/api/v3/events/EONET_21111/geojson","magnitude":"2410.7 acres","magnitudeDescription":""},"geometry":{"type":"Point","coordinates":[-99.0227778,36.6627778]}},{"type":"Feature","properties":{"id":"EONET_21114","title":"Prescribed Fire OCF Penner Pond Rx 0618, Marion, Florida","description":"","date":"2026-06-17T16:26:00Z","categoryId":"wildfires","category":"Wildfires","sourceName":"IRWIN","sourceUrl":"https://irwin.doi.gov/observer/incidents/2026-FLFNF-001934","eventUrl":"https://eonet.gsfc.nasa.gov/api/v3/events/EONET_21114/geojson","magnitude":"746 acres","magnitudeDescription":""},"geometry":{"type":"Point","coordinates":[-81.806,29.474]}},{"type":"Feature","properties":{"id":"EONET_21034","title":"Wildfire Kane Springs, Lincoln, Nevada","description":"17 Miles SW from Caliente, NV","date":"2026-06-17T14:56:00Z","categoryId":"wildfires","category":"Wildfires","sourceName":"IRWIN","sourceUrl":"https://irwin.doi.gov/observer/incidents/2026-NVELD-040107","eventUrl":"https://eonet.gsfc.nasa.gov/api/v3/events/EONET_21034/geojson","magnitude":"17042 acres","magnitudeDescription":""},"geometry":{"type":"Point","coordinates":[-114.630351,37.284493]}},{"type":"Feature","properties":{"id":"EONET_21020","title":"Wildfire Grapevine, Lincoln, Nevada","description":"10 Miles SE from Caliente, NV","date":"2026-06-17T14:28:00Z","categoryId":"wildfires","category":"Wildfires","sourceName":"IRWIN","sourceUrl":"https://irwin.doi.gov/observer/incidents/2026-NVELD-040106","eventUrl":"https://eonet.gsfc.nasa.gov/api/v3/events/EONET_21020/geojson","magnitude":"26464 acres","magnitudeDescription":""},"geometry":{"type":"Point","coordinates":[-114.304702,37.380844]}},{"type":"Feature","properties":{"id":"EONET_20558","title":"Median Wildfire, Gooding, Idaho","description":"","date":"2026-06-17T13:57:00Z","categoryId":"wildfires","category":"Wildfires","sourceName":"IRWIN","sourceUrl":"https://irwin.doi.gov/observer/incidents/5c3a9dc4-43ad-4b51-9110-554a2267d827","eventUrl":"https://eonet.gsfc.nasa.gov/api/v3/events/EONET_20558/geojson","magnitude":"1000 acres","magnitudeDescription":""},"geometry":{"type":"Point","coordinates":[-114.767567,42.805867]}},{"type":"Feature","properties":{"id":"EONET_20565","title":"TRAIL 13 (09) Wildfire, Citrus, Florida","description":"6 Miles SW from INVERNESS, FL","date":"2026-06-16T23:57:00Z","categoryId":"wildfires","category":"Wildfires","sourceName":"IRWIN","sourceUrl":"https://irwin.doi.gov/observer/incidents/8d86b276-309e-484d-844e-2f2f6419be72","eventUrl":"https://eonet.gsfc.nasa.gov/api/v3/events/EONET_20565/geojson","magnitude":"687 acres","magnitudeDescription":""},"geometry":{"type":"Point","coordinates":[-82.4186111,28.7994444]}},{"type":"Feature","properties":{"id":"EONET_21121","title":"Wildfire TRAIL 13 (09), Citrus, Florida","description":"6 Miles SW from INVERNESS, FL","date":"2026-06-16T23:57:00Z","categoryId":"wildfires","category":"Wildfires","sourceName":"IRWIN","sourceUrl":"https://irwin.doi.gov/observer/incidents/2026-FLFLS-261100459","eventUrl":"https://eonet.gsfc.nasa.gov/api/v3/events/EONET_21121/geojson","magnitude":"690 acres","magnitudeDescription":""},"geometry":{"type":"Point","coordinates":[-82.4186111,28.7994444]}},{"type":"Feature","properties":{"id":"EONET_20560","title":"Kartar Wildfire, Okanogan, Washington","description":"","date":"2026-06-16T23:43:00Z","categoryId":"wildfires","category":"Wildfires","sourceName":"IRWIN","sourceUrl":"https://irwin.doi.gov/observer/incidents/860ef78f-f819-411e-b109-ce167510fc50","eventUrl":"https://eonet.gsfc.nasa.gov/api/v3/events/EONET_20560/geojson","magnitude":"1700 acres","magnitudeDescription":""},"geometry":{"type":"Point","coordinates":[-119.390027,48.250361]}},{"type":"Feature","properties":{"id":"EONET_21050","title":"Wildfire Kartar, Okanogan, Washington","description":"15 Miles SE from Omak, WA","date":"2026-06-16T23:43:00Z","categoryId":"wildfires","category":"Wildfires","sourceName":"IRWIN","sourceUrl":"https://irwin.doi.gov/observer/incidents/2026-WACOA-260106","eventUrl":"https://eonet.gsfc.nasa.gov/api/v3/events/EONET_21050/geojson","magnitude":"11746 acres","magnitudeDescription":""},"geometry":{"type":"Point","coordinates":[-119.390027,48.250361]}},{"type":"Feature","properties":{"id":"EONET_20562","title":"Omak Lake Road Wildfire, Okanogan, Washington","description":"","date":"2026-06-16T22:53:00Z","categoryId":"wildfires","category":"Wildfires","sourceName":"IRWIN","sourceUrl":"https://irwin.doi.gov/observer/incidents/b109ff45-8c62-4301-aef9-77acc3736ac4","eventUrl":"https://eonet.gsfc.nasa.gov/api/v3/events/EONET_20562/geojson","magnitude":"670 acres","magnitudeDescription":""},"geometry":{"type":"Point","coordinates":[-119.410833,48.274722]}},{"type":"Feature","properties":{"id":"EONET_21123","title":"Wildfire Omak Lake Road, Okanogan, Washington","description":"","date":"2026-06-16T22:53:00Z","categoryId":"wildfires","category":"Wildfires","sourceName":"IRWIN","sourceUrl":"https://irwin.doi.gov/observer/incidents/2026-WACOA-260107","eventUrl":"https://eonet.gsfc.nasa.gov/api/v3/events/EONET_21123/geojson","magnitude":"670 acres","magnitudeDescription":""},"geometry":{"type":"Point","coordinates":[-119.410833,48.274722]}},{"type":"Feature","properties":{"id":"EONET_21024","title":"Wildfire WELL (13), Miami-Dade, Florida","description":"5 Miles W from MEDLEY, FL","date":"2026-06-16T21:24:00Z","categoryId":"wildfires","category":"Wildfires","sourceName":"IRWIN","sourceUrl":"https://irwin.doi.gov/observer/incidents/2026-FLFLS-261800093","eventUrl":"https://eonet.gsfc.nasa.gov/api/v3/events/EONET_21024/geojson","magnitude":"2814 acres","magnitudeDescription":""},"geometry":{"type":"Point","coordinates":[-80.4038889,25.8430556]}},{"type":"Feature","properties":{"id":"EONET_21080","title":"Wildfire Tucannon Mutual Aid, Columbia, Washington","description":"8 Miles E from Dayton, WA","date":"2026-06-16T20:53:00Z","categoryId":"wildfires","category":"Wildfires","sourceName":"IRWIN","sourceUrl":"https://irwin.doi.gov/observer/incidents/2026-WAWFS-020144","eventUrl":"https://eonet.gsfc.nasa.gov/api/v3/events/EONET_21080/geojson","magnitude":"8069 acres","magnitudeDescription":""},"geometry":{"type":"Point","coordinates":[-117.949575,46.489365]}},{"type":"Feature","properties":{"id":"EONET_20559","title":"Old Emigrant Wildfire, Umatilla, Oregon","description":"6 Miles SE from Pendleton, OR","date":"2026-06-16T16:43:00Z","categoryId":"wildfires","category":"Wildfires","sourceName":"IRWIN","sourceUrl":"https://irwin.doi.gov/observer/incidents/7c9d552d-eb84-4cb3-8976-5873efb213a5","eventUrl":"https://eonet.gsfc.nasa.gov/api/v3/events/EONET_20559/geojson","magnitude":"1000 acres","magnitudeDescription":""},"geometry":{"type":"Point","coordinates":[-118.615417,45.616957]}},{"type":"Feature","properties":{"id":"EONET_20561","title":"Sawmill Wildfire, Iron, Utah","description":"44 Miles SE from Cedar City, UT","date":"2026-06-16T16:11:00Z","categoryId":"wildfires","category":"Wildfires","sourceName":"IRWIN","sourceUrl":"https://irwin.doi.gov/observer/incidents/10c567ab-d92d-40ca-a142-d6a6f36c7865","eventUrl":"https://eonet.gsfc.nasa.gov/api/v3/events/EONET_20561/geojson","magnitude":"1100 acres","magnitudeDescription":""},"geometry":{"type":"Point","coordinates":[-113.70575,38.09192]}},{"type":"Feature","properties":{"id":"EONET_20567","title":"QUARRY 2 (13) Wildfire, Miami-Dade, Florida","description":"6 Miles W from DORAL, FL","date":"2026-06-15T22:51:00Z","categoryId":"wildfires","category":"Wildfires","sourceName":"IRWIN","sourceUrl":"https://irwin.doi.gov/observer/incidents/68b107c6-f3de-4663-b19f-5e5de9243ace","eventUrl":"https://eonet.gsfc.nasa.gov/api/v3/events/EONET_20567/geojson","magnitude":"3500 acres","magnitudeDescription":""},"geometry":{"type":"Point","coordinates":[-80.4233333,25.8116667]}},{"type":"Feature","properties":{"id":"EONET_21022","title":"Wildfire QUARRY 2 (13), Miami-Dade, Florida","description":"6 Miles W from DORAL, FL","date":"2026-06-15T22:51:00Z","categoryId":"wildfires","category":"Wildfires","sourceName":"IRWIN","sourceUrl":"https://irwin.doi.gov/observer/incidents/2026-FLFLS-261800092","eventUrl":"https://eonet.gsfc.nasa.gov/api/v3/events/EONET_21022/geojson","magnitude":"19018 acres","magnitudeDescription":""},"geometry":{"type":"Point","coordinates":[-80.4233333,25.8116667]}},{"type":"Feature","properties":{"id":"EONET_21018","title":"Wildfire Sycamore, Gila, Arizona","description":"15 Miles N from Globe, AZ","date":"2026-06-15T20:37:00Z","categoryId":"wildfires","category":"Wildfires","sourceName":"IRWIN","sourceUrl":"https://irwin.doi.gov/observer/incidents/2026-AZTNF-000839","eventUrl":"https://eonet.gsfc.nasa.gov/api/v3/events/EONET_21018/geojson","magnitude":"11939 acres","magnitudeDescription":""},"geometry":{"type":"Point","coordinates":[-110.754833,33.624167]}},{"type":"Feature","properties":{"id":"EONET_20569","title":"Dellenbaugh Wildfire, Mohave, Arizona","description":"80 Miles S from ST. George, UT","date":"2026-06-15T18:32:00Z","categoryId":"wildfires","category":"Wildfires","sourceName":"IRWIN","sourceUrl":"https://irwin.doi.gov/observer/incidents/d2a2e720-cb4f-4f98-a6c6-3417fa0ad791","eventUrl":"https://eonet.gsfc.nasa.gov/api/v3/events/EONET_20569/geojson","magnitude":"724 acres","magnitudeDescription":""},"geometry":{"type":"Point","coordinates":[-113.535333,36.075]}},{"type":"Feature","properties":{"id":"EONET_20570","title":"APQ Area 5A RX 0615 Prescribed Fire, Polk, Florida","description":"","date":"2026-06-15T18:30:00Z","categoryId":"wildfires","category":"Wildfires","sourceName":"IRWIN","sourceUrl":"https://irwin.doi.gov/observer/incidents/2a3db5ce-77d5-4236-9b66-4e227dd2a974","eventUrl":"https://eonet.gsfc.nasa.gov/api/v3/events/EONET_20570/geojson","magnitude":"556 acres","magnitudeDescription":""},"geometry":{"type":"Point","coordinates":[-81.330714,27.720842]}},{"type":"Feature","properties":{"id":"EONET_21126","title":"Prescribed Fire APQ Area 5A RX 0615, Polk, Florida","description":"","date":"2026-06-15T18:30:00Z","categoryId":"wildfires","category":"Wildfires","sourceName":"IRWIN","sourceUrl":"https://irwin.doi.gov/observer/incidents/2026-FLAPQ-001911","eventUrl":"https://eonet.gsfc.nasa.gov/api/v3/events/EONET_21126/geojson","magnitude":"556 acres","magnitudeDescription":""},"geometry":{"type":"Point","coordinates":[-81.330714,27.720842]}},{"type":"Feature","properties":{"id":"EONET_20564","title":"SHORE Wildfire, Riverside, California","description":"2 Miles W from Calimesa, CA","date":"2026-06-15T18:24:00Z","categoryId":"wildfires","category":"Wildfires","sourceName":"IRWIN","sourceUrl":"https://irwin.doi.gov/observer/incidents/03f662a5-8682-4222-802b-db472aa03c6a","eventUrl":"https://eonet.gsfc.nasa.gov/api/v3/events/EONET_20564/geojson","magnitude":"3085 acres","magnitudeDescription":""},"geometry":{"type":"Point","coordinates":[-117.103582,33.976656]}},{"type":"Feature","properties":{"id":"EONET_21113","title":"Wildfire MATEO, San Diego, California","description":"10 Miles N from Camp Pendleton, CA","date":"2026-06-15T17:58:00Z","categoryId":"wildfires","category":"Wildfires","sourceName":"IRWIN","sourceUrl":"https://irwin.doi.gov/observer/incidents/2026-CAPMQ-002208","eventUrl":"https://eonet.gsfc.nasa.gov/api/v3/events/EONET_21113/geojson","magnitude":"1377 acres","magnitudeDescription":""},"geometry":{"type":"Point","coordinates":[-117.487667,33.462444]}},{"type":"Feature","properties":{"id":"EONET_20566","title":"Rock Canyon Wildfire, Coconino, Arizona","description":"20 Miles SE from Fredonia, AZ","date":"2026-06-15T17:00:00Z","categoryId":"wildfires","category":"Wildfires","sourceName":"IRWIN","sourceUrl":"https://irwin.doi.gov/observer/incidents/132c618c-7786-4fbc-852a-23493bf028f9","eventUrl":"https://eonet.gsfc.nasa.gov/api/v3/events/EONET_20566/geojson","magnitude":"1165 acres","magnitudeDescription":""},"geometry":{"type":"Point","coordinates":[-112.2032,36.9157]}},{"type":"Feature","properties":{"id":"EONET_21012","title":"Wildfire Rock Canyon, Coconino, Arizona","description":"20 Miles SE from Fredonia, AZ","date":"2026-06-15T17:00:00Z","categoryId":"wildfires","category":"Wildfires","sourceName":"IRWIN","sourceUrl":"https://irwin.doi.gov/observer/incidents/2026-AZA1S-000208","eventUrl":"https://eonet.gsfc.nasa.gov/api/v3/events/EONET_21012/geojson","magnitude":"4823 acres","magnitudeDescription":""},"geometry":{"type":"Point","coordinates":[-112.2032,36.9157]}},{"type":"Feature","properties":{"id":"EONET_20710","title":"Nevados del Chillan Volcano, Chile","description":"","date":"2026-06-15T00:00:00Z","categoryId":"volcanoes","category":"Volcanoes","sourceName":"SIVolcano","sourceUrl":"https://volcano.si.edu/volcano.cfm?vn=357070","eventUrl":"https://eonet.gsfc.nasa.gov/api/v3/events/EONET_20710/geojson","magnitude":"","magnitudeDescription":""},"geometry":{"type":"Point","coordinates":[-71.378,-36.868]}},{"type":"Feature","properties":{"id":"EONET_20520","title":"Green Gate (26) Wildfire, Hendry, Florida","description":"15 Miles SE from IMMOKALEE, FL","date":"2026-06-14T19:39:00Z","categoryId":"wildfires","category":"Wildfires","sourceName":"IRWIN","sourceUrl":"https://irwin.doi.gov/observer/incidents/4938d3ea-e3f3-4275-bbdb-d6cd0251c8e2","eventUrl":"https://eonet.gsfc.nasa.gov/api/v3/events/EONET_20520/geojson","magnitude":"535 acres","magnitudeDescription":""},"geometry":{"type":"Point","coordinates":[-81.1661111,26.3666667]}},{"type":"Feature","properties":{"id":"EONET_20523","title":"MIDNIGHT FIRE (53) Wildfire, Polk, Florida","description":"43 Miles E from ST. PETERSBURG, FL","date":"2026-06-14T17:18:00Z","categoryId":"wildfires","category":"Wildfires","sourceName":"IRWIN","sourceUrl":"https://irwin.doi.gov/observer/incidents/c61d92b4-87be-470d-ae01-0835c4bbfa08","eventUrl":"https://eonet.gsfc.nasa.gov/api/v3/events/EONET_20523/geojson","magnitude":"600 acres","magnitudeDescription":""},"geometry":{"type":"Point","coordinates":[-81.9430556,27.7152778]}},{"type":"Feature","properties":{"id":"EONET_21129","title":"Wildfire MIDNIGHT FIRE (53), Polk, Florida","description":"43 Miles E from ST. PETERSBURG, FL","date":"2026-06-14T17:18:00Z","categoryId":"wildfires","category":"Wildfires","sourceName":"IRWIN","sourceUrl":"https://irwin.doi.gov/observer/incidents/2026-FLFLS-261400311","eventUrl":"https://eonet.gsfc.nasa.gov/api/v3/events/EONET_21129/geojson","magnitude":"600 acres","magnitudeDescription":""},"geometry":{"type":"Point","coordinates":[-81.9430556,27.7152778]}},{"type":"Feature","properties":{"id":"EONET_20516","title":"4170 Tule Rd Wildfire, Yakima, Washington","description":"5 Miles S from Toppenish, WA","date":"2026-06-14T16:30:00Z","categoryId":"wildfires","category":"Wildfires","sourceName":"IRWIN","sourceUrl":"https://irwin.doi.gov/observer/incidents/508c8cf0-37e0-4de8-8135-3ecd306c7386","eventUrl":"https://eonet.gsfc.nasa.gov/api/v3/events/EONET_20516/geojson","magnitude":"5000 acres","magnitudeDescription":""},"geometry":{"type":"Point","coordinates":[-120.3144,46.27602]}},{"type":"Feature","properties":{"id":"EONET_20513","title":"Rookery Wildfire, Volusia, Florida","description":"3 Miles NW from Deland, FL","date":"2026-06-14T10:57:00Z","categoryId":"wildfires","category":"Wildfires","sourceName":"IRWIN","sourceUrl":"https://irwin.doi.gov/observer/incidents/6e1a283f-4803-4eb5-8b92-ad3f2431cc30","eventUrl":"https://eonet.gsfc.nasa.gov/api/v3/events/EONET_20513/geojson","magnitude":"600 acres","magnitudeDescription":""},"geometry":{"type":"Point","coordinates":[-81.426633,29.07815]}},{"type":"Feature","properties":{"id":"EONET_21042","title":"Wildfire Rookery, Volusia, Florida","description":"3 Miles NW from Deland, FL","date":"2026-06-14T10:57:00Z","categoryId":"wildfires","category":"Wildfires","sourceName":"IRWIN","sourceUrl":"https://irwin.doi.gov/observer/incidents/2026-FLLWR-001886","eventUrl":"https://eonet.gsfc.nasa.gov/api/v3/events/EONET_21042/geojson","magnitude":"4700 acres","magnitudeDescription":""},"geometry":{"type":"Point","coordinates":[-81.426633,29.07815]}},{"type":"Feature","properties":{"id":"EONET_20571","title":"TWIN SISTERS Wildfire, Walla Walla, Washington","description":"5 Miles S from Wallula, WA","date":"2026-06-14T10:26:00Z","categoryId":"wildfires","category":"Wildfires","sourceName":"IRWIN","sourceUrl":"https://irwin.doi.gov/observer/incidents/40432b79-397f-4c30-8667-2dce4a76a6fe","eventUrl":"https://eonet.gsfc.nasa.gov/api/v3/events/EONET_20571/geojson","magnitude":"8262 acres","magnitudeDescription":""},"geometry":{"type":"Point","coordinates":[-118.90997,46.05679]}},{"type":"Feature","properties":{"id":"EONET_21102","title":"Wildfire TWIN SISTERS, Walla Walla, Washington","description":"5 Miles S from Wallula, WA","date":"2026-06-14T10:26:00Z","categoryId":"wildfires","category":"Wildfires","sourceName":"IRWIN","sourceUrl":"https://irwin.doi.gov/observer/incidents/2026-WAWFS-260222","eventUrl":"https://eonet.gsfc.nasa.gov/api/v3/events/EONET_21102/geojson","magnitude":"8262 acres","magnitudeDescription":""},"geometry":{"type":"Point","coordinates":[-118.90997,46.05679]}},{"type":"Feature","properties":{"id":"EONET_20517","title":"JUNIPER DUNES Wildfire, Franklin, Washington","description":"10 Miles NE from Pasco, WA","date":"2026-06-14T10:25:00Z","categoryId":"wildfires","category":"Wildfires","sourceName":"IRWIN","sourceUrl":"https://irwin.doi.gov/observer/incidents/2bf2fcd4-a94b-4bc9-a0c2-32da863eeb9b","eventUrl":"https://eonet.gsfc.nasa.gov/api/v3/events/EONET_20517/geojson","magnitude":"1000 acres","magnitudeDescription":""},"geometry":{"type":"Point","coordinates":[-118.896108,46.346137]}},{"type":"Feature","properties":{"id":"EONET_20519","title":"WYLY Wildfire, Kern, California","description":"20 Miles E from BAKERSFIELD, CA","date":"2026-06-13T17:54:00Z","categoryId":"wildfires","category":"Wildfires","sourceName":"IRWIN","sourceUrl":"https://irwin.doi.gov/observer/incidents/8a228972-3098-42ab-9d28-5e402cd514bf","eventUrl":"https://eonet.gsfc.nasa.gov/api/v3/events/EONET_20519/geojson","magnitude":"1075 acres","magnitudeDescription":""},"geometry":{"type":"Point","coordinates":[-118.6341667,35.2638889]}},{"type":"Feature","properties":{"id":"EONET_21125","title":"Wildfire WYLY, Kern, California","description":"20 Miles E from BAKERSFIELD, CA","date":"2026-06-13T17:54:00Z","categoryId":"wildfires","category":"Wildfires","sourceName":"IRWIN","sourceUrl":"https://irwin.doi.gov/observer/incidents/2026-CAKRN-024220","eventUrl":"https://eonet.gsfc.nasa.gov/api/v3/events/EONET_21125/geojson","magnitude":"1075 acres","magnitudeDescription":""},"geometry":{"type":"Point","coordinates":[-118.6341667,35.2638889]}},{"type":"Feature","properties":{"id":"EONET_20518","title":"SNAKE RIVER Wildfire, Whitman, Washington","description":"5 Miles NW from Clarkston, WA","date":"2026-06-13T10:37:00Z","categoryId":"wildfires","category":"Wildfires","sourceName":"IRWIN","sourceUrl":"https://irwin.doi.gov/observer/incidents/6cdddfc2-32e2-4ed0-8e24-401809af71a3","eventUrl":"https://eonet.gsfc.nasa.gov/api/v3/events/EONET_20518/geojson","magnitude":"686 acres","magnitudeDescription":""},"geometry":{"type":"Point","coordinates":[-117.19118,46.4322]}},{"type":"Feature","properties":{"id":"EONET_21117","title":"Wildfire SNAKE RIVER, Whitman, Washington","description":"5 Miles NW from Clarkston, WA","date":"2026-06-13T10:37:00Z","categoryId":"wildfires","category":"Wildfires","sourceName":"IRWIN","sourceUrl":"https://irwin.doi.gov/observer/incidents/2026-WAWFS-001375","eventUrl":"https://eonet.gsfc.nasa.gov/api/v3/events/EONET_21117/geojson","magnitude":"686 acres","magnitudeDescription":""},"geometry":{"type":"Point","coordinates":[-117.19118,46.4322]}},{"type":"Feature","properties":{"id":"EONET_20522","title":"Kilolitna Wildfire, Yukon-Koyukuk, Alaska","description":"60 Miles NW from Rampart, AK","date":"2026-06-12T12:12:00Z","categoryId":"wildfires","category":"Wildfires","sourceName":"IRWIN","sourceUrl":"https://irwin.doi.gov/observer/incidents/2b964609-cd9a-49ca-9cfd-7f619752086e","eventUrl":"https://eonet.gsfc.nasa.gov/api/v3/events/EONET_20522/geojson","magnitude":"908.28 acres","magnitudeDescription":""},"geometry":{"type":"Point","coordinates":[-151.805649,66.047957]}},{"type":"Feature","properties":{"id":"EONET_21112","title":"Wildfire Kilolitna, Yukon-Koyukuk, Alaska","description":"60 Miles NW from Rampart, AK","date":"2026-06-12T12:12:00Z","categoryId":"wildfires","category":"Wildfires","sourceName":"IRWIN","sourceUrl":"https://irwin.doi.gov/observer/incidents/2026-AKTAD-000177","eventUrl":"https://eonet.gsfc.nasa.gov/api/v3/events/EONET_21112/geojson","magnitude":"4525.98 acres","magnitudeDescription":""},"geometry":{"type":"Point","coordinates":[-151.805649,66.047957]}},{"type":"Feature","properties":{"id":"EONET_20524","title":"Unit 16/20 Rx Prescribed Fire, Bibb, Alabama","description":"","date":"2026-06-12T11:08:00Z","categoryId":"wildfires","category":"Wildfires","sourceName":"IRWIN","sourceUrl":"https://irwin.doi.gov/observer/incidents/c12a7126-d9c6-4bf7-be0f-2b05fe17d037","eventUrl":"https://eonet.gsfc.nasa.gov/api/v3/events/EONET_20524/geojson","magnitude":"534 acres","magnitudeDescription":""},"geometry":{"type":"Point","coordinates":[-87.047567,33.062922]}},{"type":"Feature","properties":{"id":"EONET_21130","title":"Prescribed Fire Unit 16/20 Rx, Bibb, Alabama","description":"","date":"2026-06-12T11:08:00Z","categoryId":"wildfires","category":"Wildfires","sourceName":"IRWIN","sourceUrl":"https://irwin.doi.gov/observer/incidents/2026-ALCRR-000346","eventUrl":"https://eonet.gsfc.nasa.gov/api/v3/events/EONET_21130/geojson","magnitude":"534 acres","magnitudeDescription":""},"geometry":{"type":"Point","coordinates":[-87.047567,33.062922]}},{"type":"Feature","properties":{"id":"EONET_21066","title":"Wildfire Canyon, Yukon-Koyukuk, Alaska","description":"20 Miles W from Rampart, AK","date":"2026-06-11T21:35:00Z","categoryId":"wildfires","category":"Wildfires","sourceName":"IRWIN","sourceUrl":"https://irwin.doi.gov/observer/incidents/2026-AKTAD-000174","eventUrl":"https://eonet.gsfc.nasa.gov/api/v3/events/EONET_21066/geojson","magnitude":"1026.05 acres","magnitudeDescription":""},"geometry":{"type":"Point","coordinates":[-150.813113,65.449075]}},{"type":"Feature","properties":{"id":"EONET_20446","title":"Little Schloss RX Prescribed Fire, Shenandoah, Virginia","description":"","date":"2026-06-10T14:51:00Z","categoryId":"wildfires","category":"Wildfires","sourceName":"IRWIN","sourceUrl":"https://irwin.doi.gov/observer/incidents/f066e958-c756-47ce-bfc2-434cea024aec","eventUrl":"https://eonet.gsfc.nasa.gov/api/v3/events/EONET_20446/geojson","magnitude":"1560 acres","magnitudeDescription":""},"geometry":{"type":"Point","coordinates":[-78.636,38.925944]}},{"type":"Feature","properties":{"id":"EONET_21132","title":"Prescribed Fire Little Schloss RX, Shenandoah, Virginia","description":"","date":"2026-06-10T14:51:00Z","categoryId":"wildfires","category":"Wildfires","sourceName":"IRWIN","sourceUrl":"https://irwin.doi.gov/observer/incidents/2026-VAVAF-260053","eventUrl":"https://eonet.gsfc.nasa.gov/api/v3/events/EONET_21132/geojson","magnitude":"1560 acres","magnitudeDescription":""},"geometry":{"type":"Point","coordinates":[-78.636,38.925944]}},{"type":"Feature","properties":{"id":"EONET_20442","title":"South Fork Wildfire, Sioux, Nebraska","description":"12 Miles W from Crawford, NE","date":"2026-06-09T20:08:00Z","categoryId":"wildfires","category":"Wildfires","sourceName":"IRWIN","sourceUrl":"https://irwin.doi.gov/observer/incidents/979b5387-72fa-480b-bd4f-cde2c4fe9ed3","eventUrl":"https://eonet.gsfc.nasa.gov/api/v3/events/EONET_20442/geojson","magnitude":"8989 acres","magnitudeDescription":""},"geometry":{"type":"Point","coordinates":[-103.638333,42.659167]}},{"type":"Feature","properties":{"id":"EONET_21098","title":"Wildfire South Fork, Sioux, Nebraska","description":"12 Miles W from Crawford, NE","date":"2026-06-09T20:08:00Z","categoryId":"wildfires","category":"Wildfires","sourceName":"IRWIN","sourceUrl":"https://irwin.doi.gov/observer/incidents/2026-NENBF-260530","eventUrl":"https://eonet.gsfc.nasa.gov/api/v3/events/EONET_21098/geojson","magnitude":"39696 acres","magnitudeDescription":""},"geometry":{"type":"Point","coordinates":[-103.638333,42.659167]}},{"type":"Feature","properties":{"id":"EONET_20521","title":"Bear Wildfire, Catron, New Mexico","description":"18 Miles SE from Quemado, NM","date":"2026-06-09T17:45:00Z","categoryId":"wildfires","category":"Wildfires","sourceName":"IRWIN","sourceUrl":"https://irwin.doi.gov/observer/incidents/389ca949-636f-434b-b4be-25dd2d36fad6","eventUrl":"https://eonet.gsfc.nasa.gov/api/v3/events/EONET_20521/geojson","magnitude":"6920 acres","magnitudeDescription":""},"geometry":{"type":"Point","coordinates":[-108.292667,34.0465]}},{"type":"Feature","properties":{"id":"EONET_21108","title":"Wildfire Bear, Catron, New Mexico","description":"18 Miles SE from Quemado, NM","date":"2026-06-09T17:45:00Z","categoryId":"wildfires","category":"Wildfires","sourceName":"IRWIN","sourceUrl":"https://irwin.doi.gov/observer/incidents/2026-NMGNF-000307","eventUrl":"https://eonet.gsfc.nasa.gov/api/v3/events/EONET_21108/geojson","magnitude":"7769 acres","magnitudeDescription":""},"geometry":{"type":"Point","coordinates":[-108.292667,34.0465]}},{"type":"Feature","properties":{"id":"EONET_20447","title":"APQ Area 11 Scrub RX 0608 Prescribed Fire, Highlands, Florida","description":"","date":"2026-06-09T11:20:00Z","categoryId":"wildfires","category":"Wildfires","sourceName":"IRWIN","sourceUrl":"https://irwin.doi.gov/observer/incidents/512a4063-032a-45bb-8320-a330d8e02edf","eventUrl":"https://eonet.gsfc.nasa.gov/api/v3/events/EONET_20447/geojson","magnitude":"2000 acres","magnitudeDescription":""},"geometry":{"type":"Point","coordinates":[-81.2536,27.59925]}},{"type":"Feature","properties":{"id":"EONET_21133","title":"Prescribed Fire APQ Area 11 Scrub RX 0608, Highlands, Florida","description":"","date":"2026-06-09T11:20:00Z","categoryId":"wildfires","category":"Wildfires","sourceName":"IRWIN","sourceUrl":"https://irwin.doi.gov/observer/incidents/2026-FLAPQ-001831","eventUrl":"https://eonet.gsfc.nasa.gov/api/v3/events/EONET_21133/geojson","magnitude":"2000 acres","magnitudeDescription":""},"geometry":{"type":"Point","coordinates":[-81.2536,27.59925]}},{"type":"Feature","properties":{"id":"EONET_20444","title":"South Mountain Wildfire, Tooele, Utah","description":"3 Miles W from Stockton, UT","date":"2026-06-09T00:15:00Z","categoryId":"wildfires","category":"Wildfires","sourceName":"IRWIN","sourceUrl":"https://irwin.doi.gov/observer/incidents/e295504e-c30f-4258-a0f8-5ada4100b3cf","eventUrl":"https://eonet.gsfc.nasa.gov/api/v3/events/EONET_20444/geojson","magnitude":"1863 acres","magnitudeDescription":""},"geometry":{"type":"Point","coordinates":[-112.410167,40.460017]}},{"type":"Feature","properties":{"id":"EONET_20443","title":"PUTAH Wildfire, Yolo, California","description":"10 Miles W from WINTERS, CA","date":"2026-06-08T14:35:00Z","categoryId":"wildfires","category":"Wildfires","sourceName":"IRWIN","sourceUrl":"https://irwin.doi.gov/observer/incidents/b6995205-eebc-4dae-ba37-4d10ca04a0dd","eventUrl":"https://eonet.gsfc.nasa.gov/api/v3/events/EONET_20443/geojson","magnitude":"860 acres","magnitudeDescription":""},"geometry":{"type":"Point","coordinates":[-122.0754,38.5148]}},{"type":"Feature","properties":{"id":"EONET_20387","title":"Tower Wildfire, Millard, Utah","description":"31 Miles SE from Nephi, UT","date":"2026-06-07T15:24:00Z","categoryId":"wildfires","category":"Wildfires","sourceName":"IRWIN","sourceUrl":"https://irwin.doi.gov/observer/incidents/6f3a4603-8a05-428a-b65c-16b6e2d33ab3","eventUrl":"https://eonet.gsfc.nasa.gov/api/v3/events/EONET_20387/geojson","magnitude":"1287 acres","magnitudeDescription":""},"geometry":{"type":"Point","coordinates":[-112.164042,39.205895]}},{"type":"Feature","properties":{"id":"EONET_21014","title":"Wildfire Tower, Millard, Utah","description":"31 Miles SE from Nephi, UT","date":"2026-06-07T15:24:00Z","categoryId":"wildfires","category":"Wildfires","sourceName":"IRWIN","sourceUrl":"https://irwin.doi.gov/observer/incidents/2026-UTWDD-260151","eventUrl":"https://eonet.gsfc.nasa.gov/api/v3/events/EONET_21014/geojson","magnitude":"1369 acres","magnitudeDescription":""},"geometry":{"type":"Point","coordinates":[-112.164042,39.205895]}},{"type":"Feature","properties":{"id":"EONET_20448","title":"LXR Lower Third RX 0609 Prescribed Fire, Palm Beach, Florida","description":"","date":"2026-06-07T14:01:00Z","categoryId":"wildfires","category":"Wildfires","sourceName":"IRWIN","sourceUrl":"https://irwin.doi.gov/observer/incidents/4a32a7fc-9973-4e74-9a22-1319091ef683","eventUrl":"https://eonet.gsfc.nasa.gov/api/v3/events/EONET_20448/geojson","magnitude":"7609 acres","magnitudeDescription":""},"geometry":{"type":"Point","coordinates":[-80.42115,26.509333]}},{"type":"Feature","properties":{"id":"EONET_21135","title":"Prescribed Fire LXR Lower Third RX 0609, Palm Beach, Florida","description":"","date":"2026-06-07T14:01:00Z","categoryId":"wildfires","category":"Wildfires","sourceName":"IRWIN","sourceUrl":"https://irwin.doi.gov/observer/incidents/2026-FLLXR-001817","eventUrl":"https://eonet.gsfc.nasa.gov/api/v3/events/EONET_21135/geojson","magnitude":"7609 acres","magnitudeDescription":""},"geometry":{"type":"Point","coordinates":[-80.42115,26.509333]}},{"type":"Feature","properties":{"id":"EONET_20388","title":"Raven Creek Wildfire, Weston, Wyoming","description":"13 Miles SE from Moorcroft, WY","date":"2026-06-06T20:44:00Z","categoryId":"wildfires","category":"Wildfires","sourceName":"IRWIN","sourceUrl":"https://irwin.doi.gov/observer/incidents/7c1335d1-37d1-436f-9f42-05f089f964b5","eventUrl":"https://eonet.gsfc.nasa.gov/api/v3/events/EONET_20388/geojson","magnitude":"3789 acres","magnitudeDescription":""},"geometry":{"type":"Point","coordinates":[-105.04695,44.084633]}},{"type":"Feature","properties":{"id":"EONET_21127","title":"Wildfire Raven Creek, Weston, Wyoming","description":"13 Miles SE from Moorcroft, WY","date":"2026-06-06T20:44:00Z","categoryId":"wildfires","category":"Wildfires","sourceName":"IRWIN","sourceUrl":"https://irwin.doi.gov/observer/incidents/2026-WYWEX-000139","eventUrl":"https://eonet.gsfc.nasa.gov/api/v3/events/EONET_21127/geojson","magnitude":"3789 acres","magnitudeDescription":""},"geometry":{"type":"Point","coordinates":[-105.04695,44.084633]}},{"type":"Feature","properties":{"id":"EONET_20389","title":"CHESTNUT Wildfire, Chelan, Washington","description":"4 Miles S from Chelan, WA","date":"2026-06-06T14:14:00Z","categoryId":"wildfires","category":"Wildfires","sourceName":"IRWIN","sourceUrl":"https://irwin.doi.gov/observer/incidents/61b0da7b-ab05-43d3-a817-7087246a7765","eventUrl":"https://eonet.gsfc.nasa.gov/api/v3/events/EONET_20389/geojson","magnitude":"1508 acres","magnitudeDescription":""},"geometry":{"type":"Point","coordinates":[-120.018153,47.793631]}},{"type":"Feature","properties":{"id":"EONET_20385","title":"WALTZ Wildfire, Mariposa, California","description":"1 Miles W from CATHEYS VALLEY, CA","date":"2026-06-05T15:51:00Z","categoryId":"wildfires","category":"Wildfires","sourceName":"IRWIN","sourceUrl":"https://irwin.doi.gov/observer/incidents/b8f6d725-b08f-43a6-a286-4fa1e4686926","eventUrl":"https://eonet.gsfc.nasa.gov/api/v3/events/EONET_20385/geojson","magnitude":"1644 acres","magnitudeDescription":""},"geometry":{"type":"Point","coordinates":[-120.245512,37.378149]}},{"type":"Feature","properties":{"id":"EONET_20386","title":"Kopshesut Wildfire, Northwest Arctic, Alaska","description":"1 Miles W from Ambler, AK","date":"2026-06-04T18:04:00Z","categoryId":"wildfires","category":"Wildfires","sourceName":"IRWIN","sourceUrl":"https://irwin.doi.gov/observer/incidents/c798dd94-3c60-41ad-912b-157b8e4f5d90","eventUrl":"https://eonet.gsfc.nasa.gov/api/v3/events/EONET_20386/geojson","magnitude":"1444.27 acres","magnitudeDescription":""},"geometry":{"type":"Point","coordinates":[189,7]}},{"type":"Feature","properties":{"id":"EONET_20391","title":"MOXEE ORCHARD Wildfire, Yakima, Washington","description":"16 Miles E from Moxee, WA","date":"2026-06-04T17:25:00Z","categoryId":"wildfires","category":"Wildfires","sourceName":"IRWIN","sourceUrl":"https://irwin.doi.gov/observer/incidents/48e1a724-9dc5-44cf-918c-cf541b1cd180","eventUrl":"https://eonet.gsfc.nasa.gov/api/v3/events/EONET_20391/geojson","magnitude":"5918 acres","magnitudeDescription":""},"geometry":{"type":"Point","coordinates":[1,3]}},{"type":"Feature","properties":{"id":"EONET_21040","title":"Wildfire MOXEE ORCHARD, Yakima, Washington","description":"16 Miles E from Moxee, WA","date":"2026-06-04T17:25:00Z","categoryId":"wildfires","category":"Wildfires","sourceName":"IRWIN","sourceUrl":"https://irwin.doi.gov/observer/incidents/2026-WASPD-260182","eventUrl":"https://eonet.gsfc.nasa.gov/api/v3/events/EONET_21040/geojson","magnitude":"5918 acres","magnitudeDescription":""},"geometry":{"type":"Point","coordinates":[-120.077137,46.52368]}},{"type":"Feature","properties":{"id":"EONET_20441","title":"ROSE BAY CANAL Wildfire, Hyde, North Carolina","description":"10 Miles SW from Fairfield, NC","date":"2026-06-03T16:39:00Z","categoryId":"wildfires","category":"Wildfires","sourceName":"IRWIN","sourceUrl":"https://irwin.doi.gov/observer/incidents/a8745041-570a-46a2-a359-bb3eb960f82f","eventUrl":"https://eonet.gsfc.nasa.gov/api/v3/events/EONET_20441/geojson","magnitude":"618 acres","magnitudeDescription":""},"geometry":{"type":"Point","coordinates":[-76.34346667,35.482]}},{"type":"Feature","properties":{"id":"EONET_21062","title":"Wildfire ROSE BAY CANAL, Hyde, North Carolina","description":"10 Miles SW from Fairfield, NC","date":"2026-06-03T16:39:00Z","categoryId":"wildfires","category":"Wildfires","sourceName":"IRWIN","sourceUrl":"https://irwin.doi.gov/observer/incidents/2026-NCNCS-260058","eventUrl":"https://eonet.gsfc.nasa.gov/api/v3/events/EONET_21062/geojson","magnitude":"662 acres","magnitudeDescription":""},"geometry":{"type":"Point","coordinates":[-76.34346667,35.482]}},{"type":"Feature","properties":{"id":"EONET_20287","title":"HAYSTACK BUTTE Wildfire, Klickitat, Washington","description":"","date":"2026-05-30T20:21:00Z","categoryId":"wildfires","category":"Wildfires","sourceName":"IRWIN","sourceUrl":"https://irwin.doi.gov/observer/incidents/24e697c7-e671-47f2-9ec9-4c76a15af8be","eventUrl":"https://eonet.gsfc.nasa.gov/api/v3/events/EONET_20287/geojson","magnitude":"620 acres","magnitudeDescription":""},"geometry":{"type":"Point","coordinates":[-120.930004,45.665397]}},{"type":"Feature","properties":{"id":"EONET_20286","title":"BRANTLEY 2 Wildfire, Eddy, New Mexico","description":"10 Miles N from Carlsbad, NM","date":"2026-05-30T12:20:00Z","categoryId":"wildfires","category":"Wildfires","sourceName":"IRWIN","sourceUrl":"https://irwin.doi.gov/observer/incidents/d11f3073-cd5d-4c79-bd04-94b39d094049","eventUrl":"https://eonet.gsfc.nasa.gov/api/v3/events/EONET_20286/geojson","magnitude":"712 acres","magnitudeDescription":""},"geometry":{"type":"Point","coordinates":[-104.3555,32.611733]}},{"type":"Feature","properties":{"id":"EONET_20409","title":"Telica Volcano, Nicaragua","description":"","date":"2026-05-30T00:00:00Z","categoryId":"volcanoes","category":"Volcanoes","sourceName":"SIVolcano","sourceUrl":"https://volcano.si.edu/volcano.cfm?vn=344040","eventUrl":"https://eonet.gsfc.nasa.gov/api/v3/events/EONET_20409/geojson","magnitude":"","magnitudeDescription":""},"geometry":{"type":"Point","coordinates":[-86.84,12.606]}},{"type":"Feature","properties":{"id":"EONET_20392","title":"Ivao Group Volcano, Russia","description":"","date":"2026-05-29T00:00:00Z","categoryId":"volcanoes","category":"Volcanoes","sourceName":"SIVolcano","sourceUrl":"https://volcano.si.edu/volcano.cfm?vn=290111","eventUrl":"https://eonet.gsfc.nasa.gov/api/v3/events/EONET_20392/geojson","magnitude":"","magnitudeDescription":""},"geometry":{"type":"Point","coordinates":[149.6762,45.7593]}},{"type":"Feature","properties":{"id":"EONET_20290","title":"KALKASKA-RX 61150021 Fletcher Unit 2 Prescribed Fire, Kalkaska, Michigan","description":"","date":"2026-05-28T15:33:00Z","categoryId":"wildfires","category":"Wildfires","sourceName":"IRWIN","sourceUrl":"https://irwin.doi.gov/observer/incidents/2a7c3979-fc28-4d09-b15f-1cdc98be57e1","eventUrl":"https://eonet.gsfc.nasa.gov/api/v3/events/EONET_20290/geojson","magnitude":"539 acres","magnitudeDescription":""},"geometry":{"type":"Point","coordinates":[-84.92062679,44.51933255]}},{"type":"Feature","properties":{"id":"EONET_20395","title":"Titan Ridge Volcano, Papua New Guinea","description":"","date":"2026-05-28T00:00:00Z","categoryId":"volcanoes","category":"Volcanoes","sourceName":"EO","sourceUrl":"https://science.nasa.gov/earth/earth-observatory/new-eruption-in-the-bismarck-sea/","eventUrl":"https://eonet.gsfc.nasa.gov/api/v3/events/EONET_20395/geojson","magnitude":"","magnitudeDescription":""},"geometry":{"type":"Point","coordinates":[147.78,-3.03]}},{"type":"Feature","properties":{"id":"EONET_20301","title":"Bradshaw Wildfire, Powder River, Montana","description":"35 Miles SW from Broadus, MT","date":"2026-05-26T23:30:00Z","categoryId":"wildfires","category":"Wildfires","sourceName":"IRWIN","sourceUrl":"https://irwin.doi.gov/observer/incidents/083f5cbb-4d42-4371-acfc-c39bc4e2a545","eventUrl":"https://eonet.gsfc.nasa.gov/api/v3/events/EONET_20301/geojson","magnitude":"2689 acres","magnitudeDescription":""},"geometry":{"type":"Point","coordinates":[-105.96236,45.0612]}},{"type":"Feature","properties":{"id":"EONET_20254","title":"Black Ridge Wildfire, Lincoln, Idaho","description":"","date":"2026-05-25T20:50:00Z","categoryId":"wildfires","category":"Wildfires","sourceName":"IRWIN","sourceUrl":"https://irwin.doi.gov/observer/incidents/ed35c822-3212-4d00-af01-d65afe675168","eventUrl":"https://eonet.gsfc.nasa.gov/api/v3/events/EONET_20254/geojson","magnitude":"1500 acres","magnitudeDescription":""},"geometry":{"type":"Point","coordinates":[-113.935667,43.050333]}},{"type":"Feature","properties":{"id":"EONET_20252","title":"0231 ZEN Wildfire, Wasco, Oregon","description":"5 Miles S from Clarno, OR","date":"2026-05-25T19:11:00Z","categoryId":"wildfires","category":"Wildfires","sourceName":"IRWIN","sourceUrl":"https://irwin.doi.gov/observer/incidents/fda49146-327e-4651-835c-75b7f568a941","eventUrl":"https://eonet.gsfc.nasa.gov/api/v3/events/EONET_20252/geojson","magnitude":"1500 acres","magnitudeDescription":""},"geometry":{"type":"Point","coordinates":[-120.43789,44.85563]}},{"type":"Feature","properties":{"id":"EONET_20257","title":"Egberts Wildfire, Elko, Nevada","description":"10 Miles S from Clover Valley, NV","date":"2026-05-25T17:55:00Z","categoryId":"wildfires","category":"Wildfires","sourceName":"IRWIN","sourceUrl":"https://irwin.doi.gov/observer/incidents/00055252-6610-421f-aa91-24bda42481bc","eventUrl":"https://eonet.gsfc.nasa.gov/api/v3/events/EONET_20257/geojson","magnitude":"654 acres","magnitudeDescription":""},"geometry":{"type":"Point","coordinates":[-115.0565,40.9655]}},{"type":"Feature","properties":{"id":"EONET_20250","title":"Summit Creek Wildfire, Cassia, Idaho","description":"11 Miles SE from Oakley, ID","date":"2026-05-25T16:59:00Z","categoryId":"wildfires","category":"Wildfires","sourceName":"IRWIN","sourceUrl":"https://irwin.doi.gov/observer/incidents/6b1c6eb1-30f7-4613-9c58-4801dc8fd822","eventUrl":"https://eonet.gsfc.nasa.gov/api/v3/events/EONET_20250/geojson","magnitude":"1273 acres","magnitudeDescription":""},"geometry":{"type":"Point","coordinates":[-113.73075,42.17555]}},{"type":"Feature","properties":{"id":"EONET_20258","title":"Kinyon Springs Wildfire, Owyhee, Idaho","description":"26 Miles SW from Glenns Ferry, ID","date":"2026-05-25T16:44:00Z","categoryId":"wildfires","category":"Wildfires","sourceName":"IRWIN","sourceUrl":"https://irwin.doi.gov/observer/incidents/80bc9926-a857-4a29-beaa-1fac54720463","eventUrl":"https://eonet.gsfc.nasa.gov/api/v3/events/EONET_20258/geojson","magnitude":"3000 acres","magnitudeDescription":""},"geometry":{"type":"Point","coordinates":[-115.244683,42.734717]}},{"type":"Feature","properties":{"id":"EONET_20259","title":"MILE MARKER 44 FIRE - BROWARD Wildfire, Broward, Florida","description":"35 Miles W from HOLLYWOOD, FL","date":"2026-05-23T21:26:00Z","categoryId":"wildfires","category":"Wildfires","sourceName":"IRWIN","sourceUrl":"https://irwin.doi.gov/observer/incidents/29b8daf8-f1fc-462d-9b1f-dfe897a65f69","eventUrl":"https://eonet.gsfc.nasa.gov/api/v3/events/EONET_20259/geojson","magnitude":"1200 acres","magnitudeDescription":""},"geometry":{"type":"Point","coordinates":[-80.7791667,26.0994444]}},{"type":"Feature","properties":{"id":"EONET_20253","title":"COUNTRY MEADOW Wildfire, Benton, Washington","description":"8 Miles W from Kennewick, WA","date":"2026-05-23T17:39:00Z","categoryId":"wildfires","category":"Wildfires","sourceName":"IRWIN","sourceUrl":"https://irwin.doi.gov/observer/incidents/63870bd1-8655-43b9-b5e7-9566f1fbec82","eventUrl":"https://eonet.gsfc.nasa.gov/api/v3/events/EONET_20253/geojson","magnitude":"2000 acres","magnitudeDescription":""},"geometry":{"type":"Point","coordinates":[-119.33745,46.16526]}},{"type":"Feature","properties":{"id":"EONET_20263","title":"340 Wildfire, Wakulla, Florida","description":"26 Miles SW from Tallahassee, FL","date":"2026-05-23T16:29:00Z","categoryId":"wildfires","category":"Wildfires","sourceName":"IRWIN","sourceUrl":"https://irwin.doi.gov/observer/incidents/886edffc-e672-45db-aee1-631d4326f3e5","eventUrl":"https://eonet.gsfc.nasa.gov/api/v3/events/EONET_20263/geojson","magnitude":"1500 acres","magnitudeDescription":""},"geometry":{"type":"Point","coordinates":[-84.565664,30.053136]}},{"type":"Feature","properties":{"id":"EONET_20249","title":"Mile Marker 44 Wildfire, Broward, Florida","description":"","date":"2026-05-23T15:44:00Z","categoryId":"wildfires","category":"Wildfires","sourceName":"IRWIN","sourceUrl":"https://irwin.doi.gov/observer/incidents/09e8c44f-679e-4e3a-9c34-334266a0595c","eventUrl":"https://eonet.gsfc.nasa.gov/api/v3/events/EONET_20249/geojson","magnitude":"1200 acres","magnitudeDescription":""},"geometry":{"type":"Point","coordinates":[-80.766667,26.15]}},{"type":"Feature","properties":{"id":"EONET_20260","title":"Quartz Wildfire, Pershing, Nevada","description":"30 Miles SW from Winnemucca, NV","date":"2026-05-23T15:06:00Z","categoryId":"wildfires","category":"Wildfires","sourceName":"IRWIN","sourceUrl":"https://irwin.doi.gov/observer/incidents/79662f7e-8c61-42ed-83ef-137d631e54c9","eventUrl":"https://eonet.gsfc.nasa.gov/api/v3/events/EONET_20260/geojson","magnitude":"2448 acres","magnitudeDescription":""},"geometry":{"type":"Point","coordinates":[-118.014333,40.709867]}},{"type":"Feature","properties":{"id":"EONET_20262","title":"Thousand Wildfire, Northwest Arctic, Alaska","description":"56 Miles SE from Noorvik, AK","date":"2026-05-23T11:59:00Z","categoryId":"wildfires","category":"Wildfires","sourceName":"IRWIN","sourceUrl":"https://irwin.doi.gov/observer/incidents/5dea170e-b7ea-40a2-a21f-4c4ebe0e28b6","eventUrl":"https://eonet.gsfc.nasa.gov/api/v3/events/EONET_20262/geojson","magnitude":"600 acres","magnitudeDescription":""},"geometry":{"type":"Point","coordinates":[-159.286667,66.435]}},{"type":"Feature","properties":{"id":"EONET_20256","title":"WaWa 2 Wildfire, Highlands, Florida","description":"19 Miles W from Avon Park, FL","date":"2026-05-23T09:28:00Z","categoryId":"wildfires","category":"Wildfires","sourceName":"IRWIN","sourceUrl":"https://irwin.doi.gov/observer/incidents/626355b6-3088-4310-aa72-ec6546672e34","eventUrl":"https://eonet.gsfc.nasa.gov/api/v3/events/EONET_20256/geojson","magnitude":"6275 acres","magnitudeDescription":""},"geometry":{"type":"Point","coordinates":[-81.2598,27.644633]}},{"type":"Feature","properties":{"id":"EONET_20264","title":"Shell Wildfire, Lake, Florida","description":"13 Miles W from Deland, FL","date":"2026-05-22T10:24:00Z","categoryId":"wildfires","category":"Wildfires","sourceName":"IRWIN","sourceUrl":"https://irwin.doi.gov/observer/incidents/660f8e64-f1eb-41ab-aa04-7e11f89fdc6c","eventUrl":"https://eonet.gsfc.nasa.gov/api/v3/events/EONET_20264/geojson","magnitude":"800 acres","magnitudeDescription":""},"geometry":{"type":"Point","coordinates":[-81.507167,29.073833]}},{"type":"Feature","properties":{"id":"EONET_20261","title":"Trigg Wildfire, San Miguel, New Mexico","description":"17 Miles S from Mosquero, NM","date":"2026-05-21T23:07:00Z","categoryId":"wildfires","category":"Wildfires","sourceName":"IRWIN","sourceUrl":"https://irwin.doi.gov/observer/incidents/e7cb92a2-60e4-4c15-bffd-9ae0a5523b56","eventUrl":"https://eonet.gsfc.nasa.gov/api/v3/events/EONET_20261/geojson","magnitude":"2000 acres","magnitudeDescription":""},"geometry":{"type":"Point","coordinates":[-103.948693,35.53034]}},{"type":"Feature","properties":{"id":"EONET_20230","title":"DeSoto BB 8374 S RX Prescribed Fire, Harrison, Mississippi","description":"","date":"2026-05-20T11:12:00Z","categoryId":"wildfires","category":"Wildfires","sourceName":"IRWIN","sourceUrl":"https://irwin.doi.gov/observer/incidents/0aa79001-67d5-4ffb-aa44-82feeb972f29","eventUrl":"https://eonet.gsfc.nasa.gov/api/v3/events/EONET_20230/geojson","magnitude":"1535 acres","magnitudeDescription":""},"geometry":{"type":"Point","coordinates":[-89.035278,30.673333]}},{"type":"Feature","properties":{"id":"EONET_20229","title":"Chickasawhay CPT 451 452 RX Prescribed Fire, Greene, Mississippi","description":"","date":"2026-05-20T09:22:00Z","categoryId":"wildfires","category":"Wildfires","sourceName":"IRWIN","sourceUrl":"https://irwin.doi.gov/observer/incidents/29128400-a817-4d78-a1a7-3a5bb5b597fd","eventUrl":"https://eonet.gsfc.nasa.gov/api/v3/events/EONET_20229/geojson","magnitude":"2129 acres","magnitudeDescription":""},"geometry":{"type":"Point","coordinates":[-88.6597,31.4154]}},{"type":"Feature","properties":{"id":"EONET_20231","title":"CADDUGGEN Wildfire, Carteret, North Carolina","description":"10 Miles W from Cedar Island, NC","date":"2026-05-20T07:59:00Z","categoryId":"wildfires","category":"Wildfires","sourceName":"IRWIN","sourceUrl":"https://irwin.doi.gov/observer/incidents/7dafe704-220a-4c5e-a9e6-d883cb9a7c35","eventUrl":"https://eonet.gsfc.nasa.gov/api/v3/events/EONET_20231/geojson","magnitude":"670 acres","magnitudeDescription":""},"geometry":{"type":"Point","coordinates":[-76.385286,34.926008]}},{"type":"Feature","properties":{"id":"EONET_20236","title":"Rifle Range Rd Wildfire, Collier, Florida","description":"7 Miles E from NAPLES, FL","date":"2026-05-19T22:10:00Z","categoryId":"wildfires","category":"Wildfires","sourceName":"IRWIN","sourceUrl":"https://irwin.doi.gov/observer/incidents/66bfa6ae-29e9-4cde-b0e0-27aa4ec8cee0","eventUrl":"https://eonet.gsfc.nasa.gov/api/v3/events/EONET_20236/geojson","magnitude":"650 acres","magnitudeDescription":""},"geometry":{"type":"Point","coordinates":[-81.6369444,26.1155556]}},{"type":"Feature","properties":{"id":"EONET_20232","title":"Foothill Wildfire, Santa Barbara, California","description":"5 Miles SE from New Cuyama, CA","date":"2026-05-19T19:16:00Z","categoryId":"wildfires","category":"Wildfires","sourceName":"IRWIN","sourceUrl":"https://irwin.doi.gov/observer/incidents/fe13eac3-abc4-49be-87bf-1cc7b095ec74","eventUrl":"https://eonet.gsfc.nasa.gov/api/v3/events/EONET_20232/geojson","magnitude":"904 acres","magnitudeDescription":""},"geometry":{"type":"Point","coordinates":[-119.6036111,34.8297222]}},{"type":"Feature","properties":{"id":"EONET_20238","title":"MTZ/SDU/TUSIL Wildfire, San Diego, California","description":"","date":"2026-05-19T16:17:00Z","categoryId":"wildfires","category":"Wildfires","sourceName":"IRWIN","sourceUrl":"https://irwin.doi.gov/observer/incidents/86678603-6464-406f-bd21-065bbb15a368","eventUrl":"https://eonet.gsfc.nasa.gov/api/v3/events/EONET_20238/geojson","magnitude":"550 acres","magnitudeDescription":""},"geometry":{"type":"Point","coordinates":[-116.362754,32.732894]}},{"type":"Feature","properties":{"id":"EONET_20234","title":"VERONA Wildfire, Riverside, California","description":"1 Miles NW from Hemet, CA","date":"2026-05-19T15:21:00Z","categoryId":"wildfires","category":"Wildfires","sourceName":"IRWIN","sourceUrl":"https://irwin.doi.gov/observer/incidents/5fa51a06-a7d8-4926-84cb-c4a1f2bbb6a8","eventUrl":"https://eonet.gsfc.nasa.gov/api/v3/events/EONET_20234/geojson","magnitude":"600 acres","magnitudeDescription":""},"geometry":{"type":"Point","coordinates":[-117.08441,33.76272]}},{"type":"Feature","properties":{"id":"EONET_20233","title":"BAIN Wildfire, Riverside, California","description":"1 Miles S from Jurupa Valley, CA","date":"2026-05-19T15:16:00Z","categoryId":"wildfires","category":"Wildfires","sourceName":"IRWIN","sourceUrl":"https://irwin.doi.gov/observer/incidents/a7c6f956-f17f-4a90-9fe7-011addde290c","eventUrl":"https://eonet.gsfc.nasa.gov/api/v3/events/EONET_20233/geojson","magnitude":"1379 acres","magnitudeDescription":""},"geometry":{"type":"Point","coordinates":[-117.505889,33.975363]}},{"type":"Feature","properties":{"id":"EONET_20289","title":"Sunfish Rx Prescribed Fire, Cook, Minnesota","description":"","date":"2026-05-19T12:05:00Z","categoryId":"wildfires","category":"Wildfires","sourceName":"IRWIN","sourceUrl":"https://irwin.doi.gov/observer/incidents/3c911c5e-4cb7-4ca1-9905-6acf4b529813","eventUrl":"https://eonet.gsfc.nasa.gov/api/v3/events/EONET_20289/geojson","magnitude":"775 acres","magnitudeDescription":""},"geometry":{"type":"Point","coordinates":[-90.152327,47.989121]}},{"type":"Feature","properties":{"id":"EONET_20241","title":"DeSoto BB 7310 S RX Prescribed Fire, Perry, Mississippi","description":"","date":"2026-05-19T10:02:00Z","categoryId":"wildfires","category":"Wildfires","sourceName":"IRWIN","sourceUrl":"https://irwin.doi.gov/observer/incidents/5eb5f2f6-8d24-41e3-a185-60f921e3fad4","eventUrl":"https://eonet.gsfc.nasa.gov/api/v3/events/EONET_20241/geojson","magnitude":"2840 acres","magnitudeDescription":""},"geometry":{"type":"Point","coordinates":[-88.857778,31.024444]}},{"type":"Feature","properties":{"id":"EONET_20240","title":"Chickasawhay CPT 366 RX Prescribed Fire, Wayne, Mississippi","description":"","date":"2026-05-19T09:35:00Z","categoryId":"wildfires","category":"Wildfires","sourceName":"IRWIN","sourceUrl":"https://irwin.doi.gov/observer/incidents/44e802a8-6362-4483-911b-0e60f6a2824c","eventUrl":"https://eonet.gsfc.nasa.gov/api/v3/events/EONET_20240/geojson","magnitude":"1772 acres","magnitudeDescription":""},"geometry":{"type":"Point","coordinates":[-88.9338,31.4618]}},{"type":"Feature","properties":{"id":"EONET_20242","title":"RX WINN BU  24 Prescribed Fire, Winn, Louisiana","description":"","date":"2026-05-19T08:51:00Z","categoryId":"wildfires","category":"Wildfires","sourceName":"IRWIN","sourceUrl":"https://irwin.doi.gov/observer/incidents/fa5d7760-1c86-47cc-a58b-469caf22ed53","eventUrl":"https://eonet.gsfc.nasa.gov/api/v3/events/EONET_20242/geojson","magnitude":"2610 acres","magnitudeDescription":""},"geometry":{"type":"Point","coordinates":[-92.841389,32.056667]}},{"type":"Feature","properties":{"id":"EONET_20153","title":"Kress Wildfire, Swisher, Texas","description":"13 Miles N from Plainview, TX","date":"2026-05-18T19:06:00Z","categoryId":"wildfires","category":"Wildfires","sourceName":"IRWIN","sourceUrl":"https://irwin.doi.gov/observer/incidents/9b17d10e-20c4-4177-9b18-236dfae9d57d","eventUrl":"https://eonet.gsfc.nasa.gov/api/v3/events/EONET_20153/geojson","magnitude":"1500 acres","magnitudeDescription":""},"geometry":{"type":"Point","coordinates":[-101.7812159,34.38652018]}},{"type":"Feature","properties":{"id":"EONET_20157","title":"SANDY Wildfire, Ventura, California","description":"1 Miles S from Simi Valley, CA","date":"2026-05-18T13:21:00Z","categoryId":"wildfires","category":"Wildfires","sourceName":"IRWIN","sourceUrl":"https://irwin.doi.gov/observer/incidents/a4eb258a-f5d1-46c3-9560-8fbc8042d9c3","eventUrl":"https://eonet.gsfc.nasa.gov/api/v3/events/EONET_20157/geojson","magnitude":"1385 acres","magnitudeDescription":""},"geometry":{"type":"Point","coordinates":[-118.743684,34.250088]}},{"type":"Feature","properties":{"id":"EONET_20159","title":"RIVER Wildfire, Kern, California","description":"15 Miles NE from BAKERSFIED, CA","date":"2026-05-18T12:05:00Z","categoryId":"wildfires","category":"Wildfires","sourceName":"IRWIN","sourceUrl":"https://irwin.doi.gov/observer/incidents/91c7775a-98f7-45b3-a8c1-3433796360ca","eventUrl":"https://eonet.gsfc.nasa.gov/api/v3/events/EONET_20159/geojson","magnitude":"2535 acres","magnitudeDescription":""},"geometry":{"type":"Point","coordinates":[-118.7891667,35.4458333]}},{"type":"Feature","properties":{"id":"EONET_20239","title":"Chickasawhay CPT 400 RX Prescribed Fire, Wayne, Mississippi","description":"","date":"2026-05-18T09:55:00Z","categoryId":"wildfires","category":"Wildfires","sourceName":"IRWIN","sourceUrl":"https://irwin.doi.gov/observer/incidents/d271309e-154d-4b76-83e4-71e83869b4b6","eventUrl":"https://eonet.gsfc.nasa.gov/api/v3/events/EONET_20239/geojson","magnitude":"1473 acres","magnitudeDescription":""},"geometry":{"type":"Point","coordinates":[-88.8018,31.5193]}},{"type":"Feature","properties":{"id":"EONET_20172","title":"RX WINN BU 114 Prescribed Fire, Grant, Louisiana","description":"","date":"2026-05-18T08:58:00Z","categoryId":"wildfires","category":"Wildfires","sourceName":"IRWIN","sourceUrl":"https://irwin.doi.gov/observer/incidents/971f49d7-75c2-43c7-9db0-05c7d006565c","eventUrl":"https://eonet.gsfc.nasa.gov/api/v3/events/EONET_20172/geojson","magnitude":"1814 acres","magnitudeDescription":""},"geometry":{"type":"Point","coordinates":[-92.483333,31.749722]}},{"type":"Feature","properties":{"id":"EONET_20152","title":"Stinky Wildfire, Potter, Texas","description":"10 Miles W from Amarillo, TX","date":"2026-05-17T18:24:00Z","categoryId":"wildfires","category":"Wildfires","sourceName":"IRWIN","sourceUrl":"https://irwin.doi.gov/observer/incidents/fcccb1cd-f00f-484f-beeb-43874cb5fd86","eventUrl":"https://eonet.gsfc.nasa.gov/api/v3/events/EONET_20152/geojson","magnitude":"2570 acres","magnitudeDescription":""},"geometry":{"type":"Point","coordinates":[-102.0169,35.225011]}},{"type":"Feature","properties":{"id":"EONET_20167","title":"Proffitt Lake Wildfire, Meade, Kansas","description":"12 Miles SE from Fowler, KS","date":"2026-05-17T15:00:00Z","categoryId":"wildfires","category":"Wildfires","sourceName":"IRWIN","sourceUrl":"https://irwin.doi.gov/observer/incidents/474cb867-2af9-4bab-828f-a1ec34db0425","eventUrl":"https://eonet.gsfc.nasa.gov/api/v3/events/EONET_20167/geojson","magnitude":"17968 acres","magnitudeDescription":""},"geometry":{"type":"Point","coordinates":[-100.1141,37.2162]}},{"type":"Feature","properties":{"id":"EONET_20151","title":"Axtell Anceney Rd and Cottontail Rd Wildfire, Gallatin, Montana","description":"3 Miles W from Gallatin Gateway, MT","date":"2026-05-17T14:05:00Z","categoryId":"wildfires","category":"Wildfires","sourceName":"IRWIN","sourceUrl":"https://irwin.doi.gov/observer/incidents/928cddcb-c14e-4b63-85f7-774058e51acb","eventUrl":"https://eonet.gsfc.nasa.gov/api/v3/events/EONET_20151/geojson","magnitude":"1200 acres","magnitudeDescription":""},"geometry":{"type":"Point","coordinates":[-111.283273,45.602087]}},{"type":"Feature","properties":{"id":"EONET_20194","title":"APQ Area 13 RX 0516 Prescribed Fire, Highlands, Florida","description":"","date":"2026-05-17T09:52:00Z","categoryId":"wildfires","category":"Wildfires","sourceName":"IRWIN","sourceUrl":"https://irwin.doi.gov/observer/incidents/b251045d-a6d9-416d-a1a8-c832ddf89cf5","eventUrl":"https://eonet.gsfc.nasa.gov/api/v3/events/EONET_20194/geojson","magnitude":"1329.19 acres","magnitudeDescription":""},"geometry":{"type":"Point","coordinates":[-81.327217,27.621983]}},{"type":"Feature","properties":{"id":"EONET_20411","title":"Kikai Volcano, Japan","description":"","date":"2026-05-17T00:00:00Z","categoryId":"volcanoes","category":"Volcanoes","sourceName":"SIVolcano","sourceUrl":"https://volcano.si.edu/volcano.cfm?vn=282060","eventUrl":"https://eonet.gsfc.nasa.gov/api/v3/events/EONET_20411/geojson","magnitude":"","magnitudeDescription":""},"geometry":{"type":"Point","coordinates":[130.305,30.793]}},{"type":"Feature","properties":{"id":"EONET_20163","title":"Sharpe Wildfire, Cimarron, Oklahoma","description":"14 Miles NW from Boise City, OK","date":"2026-05-16T20:54:00Z","categoryId":"wildfires","category":"Wildfires","sourceName":"IRWIN","sourceUrl":"https://irwin.doi.gov/observer/incidents/6122eacf-706c-45a8-91b4-4f9eccf25098","eventUrl":"https://eonet.gsfc.nasa.gov/api/v3/events/EONET_20163/geojson","magnitude":"28609 acres","magnitudeDescription":""},"geometry":{"type":"Point","coordinates":[-102.6666667,36.8933333]}},{"type":"Feature","properties":{"id":"EONET_20161","title":"Flanders Wildfire, Crow Wing, Minnesota","description":"3 Miles SE from Cross Lake, MN","date":"2026-05-16T14:45:00Z","categoryId":"wildfires","category":"Wildfires","sourceName":"IRWIN","sourceUrl":"https://irwin.doi.gov/observer/incidents/ec401d4a-7195-4dff-9b6e-c72f2e15594e","eventUrl":"https://eonet.gsfc.nasa.gov/api/v3/events/EONET_20161/geojson","magnitude":"1666 acres","magnitudeDescription":""},"geometry":{"type":"Point","coordinates":[-94.081924,46.598218]}},{"type":"Feature","properties":{"id":"EONET_20183","title":"DeSoto BB 8366 2 RX Prescribed Fire, Harrison, Mississippi","description":"","date":"2026-05-16T11:04:00Z","categoryId":"wildfires","category":"Wildfires","sourceName":"IRWIN","sourceUrl":"https://irwin.doi.gov/observer/incidents/257458bd-c716-4ba4-b76b-5f0ae3cacf51","eventUrl":"https://eonet.gsfc.nasa.gov/api/v3/events/EONET_20183/geojson","magnitude":"1937 acres","magnitudeDescription":""},"geometry":{"type":"Point","coordinates":[-88.995,30.671667]}},{"type":"Feature","properties":{"id":"EONET_20165","title":"Tex-OK Wildfire, Cimarron, Oklahoma","description":"8 Miles SE from Boise City, OK","date":"2026-05-16T09:28:00Z","categoryId":"wildfires","category":"Wildfires","sourceName":"IRWIN","sourceUrl":"https://irwin.doi.gov/observer/incidents/e27ccb2e-b913-4916-a414-3bfe748138c7","eventUrl":"https://eonet.gsfc.nasa.gov/api/v3/events/EONET_20165/geojson","magnitude":"23884 acres","magnitudeDescription":""},"geometry":{"type":"Point","coordinates":[-102.4322222,36.6363889]}},{"type":"Feature","properties":{"id":"EONET_20197","title":"Chickasawhay CPT 441 RX Prescribed Fire, Wayne, Mississippi","description":"","date":"2026-05-16T09:19:00Z","categoryId":"wildfires","category":"Wildfires","sourceName":"IRWIN","sourceUrl":"https://irwin.doi.gov/observer/incidents/3188e40e-94b5-4173-b061-4f32aba3ea05","eventUrl":"https://eonet.gsfc.nasa.gov/api/v3/events/EONET_20197/geojson","magnitude":"2185 acres","magnitudeDescription":""},"geometry":{"type":"Point","coordinates":[-88.6589,31.4806]}},{"type":"Feature","properties":{"id":"EONET_20410","title":"Bezymianny Volcano, Russia","description":"","date":"2026-05-16T00:00:00Z","categoryId":"volcanoes","category":"Volcanoes","sourceName":"SIVolcano","sourceUrl":"https://volcano.si.edu/volcano.cfm?vn=300250","eventUrl":"https://eonet.gsfc.nasa.gov/api/v3/events/EONET_20410/geojson","magnitude":"","magnitudeDescription":""},"geometry":{"type":"Point","coordinates":[160.595,55.972]}},{"type":"Feature","properties":{"id":"EONET_20170","title":"Wolf Canyon OK Wildfire, Beaver, Oklahoma","description":"8 Miles NW from Forgan, OK","date":"2026-05-15T22:09:00Z","categoryId":"wildfires","category":"Wildfires","sourceName":"IRWIN","sourceUrl":"https://irwin.doi.gov/observer/incidents/071159fa-329d-469c-afa8-f24935ddfaa5","eventUrl":"https://eonet.gsfc.nasa.gov/api/v3/events/EONET_20170/geojson","magnitude":"6745.6 acres","magnitudeDescription":""},"geometry":{"type":"Point","coordinates":[-100.6252778,36.9980556]}},{"type":"Feature","properties":{"id":"EONET_20169","title":"Cadilac Wildfire, Beaver, Oklahoma","description":"3 Miles NW from Forgan, OK","date":"2026-05-15T21:57:00Z","categoryId":"wildfires","category":"Wildfires","sourceName":"IRWIN","sourceUrl":"https://irwin.doi.gov/observer/incidents/08840e8b-f884-4cd8-8a63-9fdac27ad726","eventUrl":"https://eonet.gsfc.nasa.gov/api/v3/events/EONET_20169/geojson","magnitude":"1119.5 acres","magnitudeDescription":""},"geometry":{"type":"Point","coordinates":[-100.5897222,36.94]}},{"type":"Feature","properties":{"id":"EONET_20164","title":"Ballard Wildfire, Cimarron, Oklahoma","description":"17 Miles NE from Boise City, OK","date":"2026-05-15T17:32:00Z","categoryId":"wildfires","category":"Wildfires","sourceName":"IRWIN","sourceUrl":"https://irwin.doi.gov/observer/incidents/21470b85-a0a9-4dc0-bfb4-6723802bff2e","eventUrl":"https://eonet.gsfc.nasa.gov/api/v3/events/EONET_20164/geojson","magnitude":"18323 acres","magnitudeDescription":""},"geometry":{"type":"Point","coordinates":[-102.3725,36.9572222]}},{"type":"Feature","properties":{"id":"EONET_20171","title":"Herman Ranch Wildfire, Clark, Kansas","description":"6 Miles N from Ashland, KS","date":"2026-05-15T17:31:00Z","categoryId":"wildfires","category":"Wildfires","sourceName":"IRWIN","sourceUrl":"https://irwin.doi.gov/observer/incidents/7be00d9c-ee6d-4100-88fd-f6e95203f0c9","eventUrl":"https://eonet.gsfc.nasa.gov/api/v3/events/EONET_20171/geojson","magnitude":"35455 acres","magnitudeDescription":""},"geometry":{"type":"Point","coordinates":[15,30]}},{"type":"Feature","properties":{"id":"EONET_20150","title":"Santa Rosa Island Wildfire, Santa Barbara, California","description":"33 Miles SW from Santa Barbara, CA","date":"2026-05-15T12:25:00Z","categoryId":"wildfires","category":"Wildfires","sourceName":"IRWIN","sourceUrl":"https://irwin.doi.gov/observer/incidents/c0ca08f2-e210-4fdf-a312-420a581ece3a","eventUrl":"https://eonet.gsfc.nasa.gov/api/v3/events/EONET_20150/geojson","magnitude":"14600 acres","magnitudeDescription":""},"geometry":{"type":"Point","coordinates":[-120.086061,33.917233]}},{"type":"Feature","properties":{"id":"EONET_20178","title":"Windmill Wildfire, Morton, Kansas","description":"","date":"2026-05-15T08:55:00Z","categoryId":"wildfires","category":"Wildfires","sourceName":"IRWIN","sourceUrl":"https://irwin.doi.gov/observer/incidents/9910c36a-8258-4892-836e-30f7c76aea9d","eventUrl":"https://eonet.gsfc.nasa.gov/api/v3/events/EONET_20178/geojson","magnitude":"1500 acres","magnitudeDescription":""},"geometry":{"type":"Point","coordinates":[-101.5922,37.219417]}},{"type":"Feature","properties":{"id":"EONET_20220","title":"Iceberg B51","description":"","date":"2026-05-15T00:00:00Z","categoryId":"seaLakeIce","category":"Sea and Lake Ice","sourceName":"NATICE","sourceUrl":"https://usicecenter.gov/pub/Iceberg_Tabular.csv","eventUrl":"https://eonet.gsfc.nasa.gov/api/v3/events/EONET_20220/geojson","magnitude":"31.48 NM^2","magnitudeDescription":""},"geometry":{"type":"Point","coordinates":[-130.63,-74.22]}},{"type":"Feature","properties":{"id":"EONET_20221","title":"Iceberg D15D","description":"","date":"2026-05-15T00:00:00Z","categoryId":"seaLakeIce","category":"Sea and Lake Ice","sourceName":"NATICE","sourceUrl":"https://usicecenter.gov/pub/Iceberg_Tabular.csv","eventUrl":"https://eonet.gsfc.nasa.gov/api/v3/events/EONET_20221/geojson","magnitude":"27.17 NM^2","magnitudeDescription":""},"geometry":{"type":"Point","coordinates":[79.31,-67.28]}},{"type":"Feature","properties":{"id":"EONET_20187","title":"Line Wildfire, Quay, New Mexico","description":"1 Miles S from Nara Visa, NM","date":"2026-05-14T20:17:00Z","categoryId":"wildfires","category":"Wildfires","sourceName":"IRWIN","sourceUrl":"https://irwin.doi.gov/observer/incidents/bc32a0d5-e4e8-4553-b174-837c26c6e1ff","eventUrl":"https://eonet.gsfc.nasa.gov/api/v3/events/EONET_20187/geojson","magnitude":"30144 acres","magnitudeDescription":""},"geometry":{"type":"Point","coordinates":[-103.1274,35.4584]}},{"type":"Feature","properties":{"id":"EONET_20166","title":"Hunggate Wildfire, Randall, Texas","description":"1 Miles S from Canyon, TX","date":"2026-05-14T19:40:00Z","categoryId":"wildfires","category":"Wildfires","sourceName":"IRWIN","sourceUrl":"https://irwin.doi.gov/observer/incidents/96284682-5c28-4886-b9ea-d5db03e2a243","eventUrl":"https://eonet.gsfc.nasa.gov/api/v3/events/EONET_20166/geojson","magnitude":"34131 acres","magnitudeDescription":""},"geometry":{"type":"Point","coordinates":[-101.9550667,34.94155]}},{"type":"Feature","properties":{"id":"EONET_20155","title":"51 Wildfire, Morton, Kansas","description":"4 Miles N from Rolla, KS","date":"2026-05-14T18:17:00Z","categoryId":"wildfires","category":"Wildfires","sourceName":"IRWIN","sourceUrl":"https://irwin.doi.gov/observer/incidents/c2dcb1c7-e144-4031-9c3b-0d9d3438ab58","eventUrl":"https://eonet.gsfc.nasa.gov/api/v3/events/EONET_20155/geojson","magnitude":"14173 acres","magnitudeDescription":""},"geometry":{"type":"Point","coordinates":[-101.655228,37.18058]}},{"type":"Feature","properties":{"id":"EONET_20186","title":"Mimms Wildfire, Quay, New Mexico","description":"5 Miles N from House, NM","date":"2026-05-14T18:06:00Z","categoryId":"wildfires","category":"Wildfires","sourceName":"IRWIN","sourceUrl":"https://irwin.doi.gov/observer/incidents/df424a1d-f6d6-4095-8786-dd329a7fb229","eventUrl":"https://eonet.gsfc.nasa.gov/api/v3/events/EONET_20186/geojson","magnitude":"7093 acres","magnitudeDescription":""},"geometry":{"type":"Point","coordinates":[-103.934566,34.818397]}},{"type":"Feature","properties":{"id":"EONET_20098","title":"Eagle Lake Fire Wildfire, Hancock, Iowa","description":"","date":"2026-05-14T11:04:00Z","categoryId":"wildfires","category":"Wildfires","sourceName":"IRWIN","sourceUrl":"https://irwin.doi.gov/observer/incidents/c283aec9-aab3-4720-addc-47bb6a433a32","eventUrl":"https://eonet.gsfc.nasa.gov/api/v3/events/EONET_20098/geojson","magnitude":"550 acres","magnitudeDescription":""},"geometry":{"type":"Point","coordinates":[-93.72348843,43.11279415]}},{"type":"Feature","properties":{"id":"EONET_20204","title":"DeSoto BB 8366 RX Prescribed Fire, Harrison, Mississippi","description":"","date":"2026-05-14T09:54:00Z","categoryId":"wildfires","category":"Wildfires","sourceName":"IRWIN","sourceUrl":"https://irwin.doi.gov/observer/incidents/a026bf75-f984-41cf-b2ea-7b9037ca667f","eventUrl":"https://eonet.gsfc.nasa.gov/api/v3/events/EONET_20204/geojson","magnitude":"900 acres","magnitudeDescription":""},"geometry":{"type":"Point","coordinates":[-88.9959,30.673]}},{"type":"Feature","properties":{"id":"EONET_20206","title":"Chickasawhay CPT 439 441 RX Prescribed Fire, Wayne, Mississippi","description":"","date":"2026-05-14T09:35:00Z","categoryId":"wildfires","category":"Wildfires","sourceName":"IRWIN","sourceUrl":"https://irwin.doi.gov/observer/incidents/e91c33ef-bfa1-4a69-971e-3c8c4a4689e0","eventUrl":"https://eonet.gsfc.nasa.gov/api/v3/events/EONET_20206/geojson","magnitude":"1286 acres","magnitudeDescription":""},"geometry":{"type":"Point","coordinates":[-88.6767,31.4818]}},{"type":"Feature","properties":{"id":"EONET_20156","title":"SEVEN CABINS Wildfire, Lincoln, New Mexico","description":"13 Miles NW from Capitan, NM","date":"2026-05-14T07:42:00Z","categoryId":"wildfires","category":"Wildfires","sourceName":"IRWIN","sourceUrl":"https://irwin.doi.gov/observer/incidents/cee6fe44-48eb-42fa-b351-5f3d8dfe5a2f","eventUrl":"https://eonet.gsfc.nasa.gov/api/v3/events/EONET_20156/geojson","magnitude":"31860 acres","magnitudeDescription":""},"geometry":{"type":"Point","coordinates":[14,200]}},{"type":"Feature","properties":{"id":"EONET_20095","title":"Ash Pole Wildfire, Dawes, Nebraska","description":"","date":"2026-05-14T03:26:00Z","categoryId":"wildfires","category":"Wildfires","sourceName":"IRWIN","sourceUrl":"https://irwin.doi.gov/observer/incidents/67b9dde7-df9f-4ade-84b2-d397e8662e48","eventUrl":"https://eonet.gsfc.nasa.gov/api/v3/events/EONET_20095/geojson","magnitude":"700 acres","magnitudeDescription":""},"geometry":{"type":"Point","coordinates":[-103.2415,42.626352]}},{"type":"Feature","properties":{"id":"EONET_20189","title":"Rochelle 2 Wildfire, Converse, Wyoming","description":"20 Miles SE from Wright, WY","date":"2026-05-13T22:52:00Z","categoryId":"wildfires","category":"Wildfires","sourceName":"IRWIN","sourceUrl":"https://irwin.doi.gov/observer/incidents/01aac875-e26e-49e4-9db0-80b5965a7b9f","eventUrl":"https://eonet.gsfc.nasa.gov/api/v3/events/EONET_20189/geojson","magnitude":"1317 acres","magnitudeDescription":""},"geometry":{"type":"Point","coordinates":[-105.2177,43.49225]}},{"type":"Feature","properties":{"id":"EONET_20094","title":"NEURALIA Wildfire, Kern, California","description":"5 Miles N from CALIFORNIA CITY, CA","date":"2026-05-13T20:02:00Z","categoryId":"wildfires","category":"Wildfires","sourceName":"IRWIN","sourceUrl":"https://irwin.doi.gov/observer/incidents/5be7b8cc-2c09-4f31-bf3b-5f1d26d5adcd","eventUrl":"https://eonet.gsfc.nasa.gov/api/v3/events/EONET_20094/geojson","magnitude":"800 acres","magnitudeDescription":""},"geometry":{"type":"Point","coordinates":[-117.98596,35.235788]}},{"type":"Feature","properties":{"id":"EONET_20177","title":"Jericho Creek Wildfire, Powell, Montana","description":"15 Miles SW from Helena, MT","date":"2026-05-13T19:12:00Z","categoryId":"wildfires","category":"Wildfires","sourceName":"IRWIN","sourceUrl":"https://irwin.doi.gov/observer/incidents/1c840397-b333-46fc-9191-1cdbb82ce4f8","eventUrl":"https://eonet.gsfc.nasa.gov/api/v3/events/EONET_20177/geojson","magnitude":"1100 acres","magnitudeDescription":""},"geometry":{"type":"Point","coordinates":[-112.340167,46.477333]}},{"type":"Feature","properties":{"id":"EONET_20096","title":"Wild Horse Wildfire, Millard, Utah","description":"30 Miles SW from Nephi, UT","date":"2026-05-13T17:08:00Z","categoryId":"wildfires","category":"Wildfires","sourceName":"IRWIN","sourceUrl":"https://irwin.doi.gov/observer/incidents/fd427073-88d5-4cfa-95a1-7be3d3e5e00f","eventUrl":"https://eonet.gsfc.nasa.gov/api/v3/events/EONET_20096/geojson","magnitude":"1100 acres","magnitudeDescription":""},"geometry":{"type":"Point","coordinates":[-112.24211,39.46574]}},{"type":"Feature","properties":{"id":"EONET_20255","title":"NW SANDS BLOCK A RX Prescribed Fire, Bayfield, Wisconsin","description":"","date":"2026-05-13T11:37:00Z","categoryId":"wildfires","category":"Wildfires","sourceName":"IRWIN","sourceUrl":"https://irwin.doi.gov/observer/incidents/17eaee3d-9c58-48b9-911b-f2c02fbd6683","eventUrl":"https://eonet.gsfc.nasa.gov/api/v3/events/EONET_20255/geojson","magnitude":"924 acres","magnitudeDescription":""},"geometry":{"type":"Point","coordinates":[-91.299747,46.617832]}},{"type":"Feature","properties":{"id":"EONET_20099","title":"RX WINN BU 113 Prescribed Fire, Grant, Louisiana","description":"","date":"2026-05-13T09:44:00Z","categoryId":"wildfires","category":"Wildfires","sourceName":"IRWIN","sourceUrl":"https://irwin.doi.gov/observer/incidents/0332cd8c-1d43-41e1-b8c4-3b0992de3e13","eventUrl":"https://eonet.gsfc.nasa.gov/api/v3/events/EONET_20099/geojson","magnitude":"2234 acres","magnitudeDescription":""},"geometry":{"type":"Point","coordinates":[-92.5188,31.746]}},{"type":"Feature","properties":{"id":"EONET_20205","title":"Stotz RX Prescribed Fire, Edmunds, South Dakota","description":"","date":"2026-05-12T11:12:00Z","categoryId":"wildfires","category":"Wildfires","sourceName":"IRWIN","sourceUrl":"https://irwin.doi.gov/observer/incidents/5dede778-5db5-49ef-a34b-eb557a98d845","eventUrl":"https://eonet.gsfc.nasa.gov/api/v3/events/EONET_20205/geojson","magnitude":"655 acres","magnitudeDescription":""},"geometry":{"type":"Point","coordinates":[-99.5704,45.3842]}},{"type":"Feature","properties":{"id":"EONET_20061","title":"rx-Young 1 Prescribed Fire, Jefferson, Wisconsin","description":"","date":"2026-05-11T13:22:00Z","categoryId":"wildfires","category":"Wildfires","sourceName":"IRWIN","sourceUrl":"https://irwin.doi.gov/observer/incidents/9d3d3cda-00ae-4b33-b930-ad5d3e3655a2","eventUrl":"https://eonet.gsfc.nasa.gov/api/v3/events/EONET_20061/geojson","magnitude":"802.3 acres","magnitudeDescription":""},"geometry":{"type":"Point","coordinates":[-88.630401,42.8455985]}},{"type":"Feature","properties":{"id":"EONET_20062","title":"MAX ROAD (06) Wildfire, Broward, Florida","description":"10 Miles NW from MIAMI-OPA LOCKA EXECUTIVE AIRPORT, FL","date":"2026-05-11T10:01:00Z","categoryId":"wildfires","category":"Wildfires","sourceName":"IRWIN","sourceUrl":"https://irwin.doi.gov/observer/incidents/b9437e3b-3fd9-40b6-81fc-4e75379d437e","eventUrl":"https://eonet.gsfc.nasa.gov/api/v3/events/EONET_20062/geojson","magnitude":"4800 acres","magnitudeDescription":""},"geometry":{"type":"Point","coordinates":[-80.4538889,25.9602778]}},{"type":"Feature","properties":{"id":"EONET_20064","title":"Rx Upshur 3999 Prescribed Fire, Upshur, Texas","description":"","date":"2026-05-11T09:09:00Z","categoryId":"wildfires","category":"Wildfires","sourceName":"IRWIN","sourceUrl":"https://irwin.doi.gov/observer/incidents/1c9b2dc8-a084-4c5c-bb41-7bcf6dcb5ca6","eventUrl":"https://eonet.gsfc.nasa.gov/api/v3/events/EONET_20064/geojson","magnitude":"500 acres","magnitudeDescription":""},"geometry":{"type":"Point","coordinates":[-95.04077,32.758815]}},{"type":"Feature","properties":{"id":"EONET_20101","title":"Peterson Road RX Prescribed Fire, Benzie, Michigan","description":"","date":"2026-05-11T08:45:00Z","categoryId":"wildfires","category":"Wildfires","sourceName":"IRWIN","sourceUrl":"https://irwin.doi.gov/observer/incidents/6474f1cf-405c-4433-a8c7-b9d03f2e8d0a","eventUrl":"https://eonet.gsfc.nasa.gov/api/v3/events/EONET_20101/geojson","magnitude":"513 acres","magnitudeDescription":""},"geometry":{"type":"Point","coordinates":[-86.0925,44.72]}},{"type":"Feature","properties":{"id":"EONET_20063","title":"Rothi East RX Prescribed Fire, Big Stone, Minnesota","description":"","date":"2026-05-10T11:34:00Z","categoryId":"wildfires","category":"Wildfires","sourceName":"IRWIN","sourceUrl":"https://irwin.doi.gov/observer/incidents/f5e7f8f0-35f3-4f65-b2df-1ca92a70ffb7","eventUrl":"https://eonet.gsfc.nasa.gov/api/v3/events/EONET_20063/geojson","magnitude":"517 acres","magnitudeDescription":""},"geometry":{"type":"Point","coordinates":[-96.27005,45.32005]}},{"type":"Feature","properties":{"id":"EONET_20066","title":"Lasso Loop RX Prescribed Fire, Benzie, Michigan","description":"","date":"2026-05-10T09:04:00Z","categoryId":"wildfires","category":"Wildfires","sourceName":"IRWIN","sourceUrl":"https://irwin.doi.gov/observer/incidents/5a2ac593-0c74-40d1-bade-d6c08afc935b","eventUrl":"https://eonet.gsfc.nasa.gov/api/v3/events/EONET_20066/geojson","magnitude":"671 acres","magnitudeDescription":""},"geometry":{"type":"Point","coordinates":[-86.091389,44.729167]}},{"type":"Feature","properties":{"id":"EONET_20069","title":"BRITE Wildfire, Kern, California","description":"4 Miles SW from BUTTONWILLOW, CA","date":"2026-05-09T17:20:00Z","categoryId":"wildfires","category":"Wildfires","sourceName":"IRWIN","sourceUrl":"https://irwin.doi.gov/observer/incidents/6b54ea91-4f1c-40d2-ab89-11f826491e96","eventUrl":"https://eonet.gsfc.nasa.gov/api/v3/events/EONET_20069/geojson","magnitude":"665 acres","magnitudeDescription":""},"geometry":{"type":"Point","coordinates":[-119.4958333,35.3419444]}},{"type":"Feature","properties":{"id":"EONET_20237","title":"Jesson WPA RX Prescribed Fire, Spink, South Dakota","description":"","date":"2026-05-08T10:26:00Z","categoryId":"wildfires","category":"Wildfires","sourceName":"IRWIN","sourceUrl":"https://irwin.doi.gov/observer/incidents/f5aa687e-315b-43bf-bffe-93a1c411eb56","eventUrl":"https://eonet.gsfc.nasa.gov/api/v3/events/EONET_20237/geojson","magnitude":"665 acres","magnitudeDescription":""},"geometry":{"type":"Point","coordinates":[-98.658,44.774]}},{"type":"Feature","properties":{"id":"EONET_20413","title":"Langila Volcano, Papua New Guinea","description":"","date":"2026-05-08T00:00:00Z","categoryId":"volcanoes","category":"Volcanoes","sourceName":"SIVolcano","sourceUrl":"https://volcano.si.edu/volcano.cfm?vn=252010","eventUrl":"https://eonet.gsfc.nasa.gov/api/v3/events/EONET_20413/geojson","magnitude":"","magnitudeDescription":""},"geometry":{"type":"Point","coordinates":[148.42,-5.525]}},{"type":"Feature","properties":{"id":"EONET_20002","title":"PINE MOUNTAIN Wildfire, Deschutes, Oregon","description":"13 Miles W from Brothers, OR","date":"2026-05-07T19:20:00Z","categoryId":"wildfires","category":"Wildfires","sourceName":"IRWIN","sourceUrl":"https://irwin.doi.gov/observer/incidents/5985829d-31de-4a80-a836-25907b851057","eventUrl":"https://eonet.gsfc.nasa.gov/api/v3/events/EONET_20002/geojson","magnitude":"1500 acres","magnitudeDescription":""},"geometry":{"type":"Point","coordinates":[-120.917759,43.810294]}},{"type":"Feature","properties":{"id":"EONET_20065","title":"CANYON Wildfire, Kern, California","description":"10 Miles W from RIDGECREST, CA","date":"2026-05-07T14:24:00Z","categoryId":"wildfires","category":"Wildfires","sourceName":"IRWIN","sourceUrl":"https://irwin.doi.gov/observer/incidents/64eabb0f-3ea8-47f3-bc7f-19750df7e579","eventUrl":"https://eonet.gsfc.nasa.gov/api/v3/events/EONET_20065/geojson","magnitude":"2278 acres","magnitudeDescription":""},"geometry":{"type":"Point","coordinates":[-117.8589,35.50478]}},{"type":"Feature","properties":{"id":"EONET_20009","title":"rx-Lapham Good Oak 2026 Prescribed Fire, Waukesha, Wisconsin","description":"","date":"2026-05-06T10:23:00Z","categoryId":"wildfires","category":"Wildfires","sourceName":"IRWIN","sourceUrl":"https://irwin.doi.gov/observer/incidents/fd9b23b1-c272-4ceb-bcd6-0a8c164fc494","eventUrl":"https://eonet.gsfc.nasa.gov/api/v3/events/EONET_20009/geojson","magnitude":"638 acres","magnitudeDescription":""},"geometry":{"type":"Point","coordinates":[-88.3992015,43.0403647]}},{"type":"Feature","properties":{"id":"EONET_20003","title":"SOUTH CANAL Wildfire, Lafayette, Florida","description":"12 Miles S from MAYO, FL","date":"2026-05-05T20:55:00Z","categoryId":"wildfires","category":"Wildfires","sourceName":"IRWIN","sourceUrl":"https://irwin.doi.gov/observer/incidents/097653ff-b190-4eb3-971e-7b71d921f7d1","eventUrl":"https://eonet.gsfc.nasa.gov/api/v3/events/EONET_20003/geojson","magnitude":"1600 acres","magnitudeDescription":""},"geometry":{"type":"Point","coordinates":[-83.1752778,29.8519444]}},{"type":"Feature","properties":{"id":"EONET_20004","title":"LOCHLOOSA WEST Wildfire, Alachua, Florida","description":"12 Miles SE from GAINESVILLE, FL","date":"2026-05-05T14:33:00Z","categoryId":"wildfires","category":"Wildfires","sourceName":"IRWIN","sourceUrl":"https://irwin.doi.gov/observer/incidents/1dc93c75-a78a-434d-aaff-a7390edcd658","eventUrl":"https://eonet.gsfc.nasa.gov/api/v3/events/EONET_20004/geojson","magnitude":"956 acres","magnitudeDescription":""},"geometry":{"type":"Point","coordinates":[-82.1758333,29.5297222]}},{"type":"Feature","properties":{"id":"EONET_20012","title":"Hog Farm Wildfire, Woodward, Oklahoma","description":"22 Miles SE from Woodward, OK","date":"2026-05-05T10:39:00Z","categoryId":"wildfires","category":"Wildfires","sourceName":"IRWIN","sourceUrl":"https://irwin.doi.gov/observer/incidents/64a978d8-3745-49c0-8f56-d03f0f761cfa","eventUrl":"https://eonet.gsfc.nasa.gov/api/v3/events/EONET_20012/geojson","magnitude":"907 acres","magnitudeDescription":""},"geometry":{"type":"Point","coordinates":[-99.0419444,36.2888889]}},{"type":"Feature","properties":{"id":"EONET_19972","title":"Black Rush Lake RX Prescribed Fire, Swift, Minnesota","description":"","date":"2026-05-04T11:05:00Z","categoryId":"wildfires","category":"Wildfires","sourceName":"IRWIN","sourceUrl":"https://irwin.doi.gov/observer/incidents/88fea450-6e74-4ef9-9f56-6c704dc8c0e4","eventUrl":"https://eonet.gsfc.nasa.gov/api/v3/events/EONET_19972/geojson","magnitude":"669 acres","magnitudeDescription":""},"geometry":{"type":"Point","coordinates":[-95.9166,45.3272]}},{"type":"Feature","properties":{"id":"EONET_19970","title":"32nd Avenue Wildfire, Rolette, North Dakota","description":"","date":"2026-05-04T10:38:00Z","categoryId":"wildfires","category":"Wildfires","sourceName":"IRWIN","sourceUrl":"https://irwin.doi.gov/observer/incidents/173682c4-e3ba-4a88-ba04-f45d399bbf0f","eventUrl":"https://eonet.gsfc.nasa.gov/api/v3/events/EONET_19970/geojson","magnitude":"581.7 acres","magnitudeDescription":""},"geometry":{"type":"Point","coordinates":[-99.985,48.856667]}},{"type":"Feature","properties":{"id":"EONET_20248","title":"Chickasawhay CPT 363 RX Prescribed Fire, Jones, Mississippi","description":"","date":"2026-05-04T09:50:00Z","categoryId":"wildfires","category":"Wildfires","sourceName":"IRWIN","sourceUrl":"https://irwin.doi.gov/observer/incidents/804c72d5-7d4f-46a5-b78e-bf0415d4f256","eventUrl":"https://eonet.gsfc.nasa.gov/api/v3/events/EONET_20248/geojson","magnitude":"1071 acres","magnitudeDescription":""},"geometry":{"type":"Point","coordinates":[-88.9858,31.5088]}},{"type":"Feature","properties":{"id":"EONET_19973","title":"TOWER Wildfire, Kern, California","description":"5 Miles N from BAKERSFIELD, CA","date":"2026-05-03T18:27:00Z","categoryId":"wildfires","category":"Wildfires","sourceName":"IRWIN","sourceUrl":"https://irwin.doi.gov/observer/incidents/02fcb0b7-d653-47f7-8e76-364b1912d022","eventUrl":"https://eonet.gsfc.nasa.gov/api/v3/events/EONET_19973/geojson","magnitude":"2500 acres","magnitudeDescription":""},"geometry":{"type":"Point","coordinates":[-118.8036111,35.3644444]}},{"type":"Feature","properties":{"id":"EONET_19971","title":"AFM - Hazen Wildfire, Maricopa, Arizona","description":"1 Miles S from Buckeye, AZ","date":"2026-05-02T22:36:00Z","categoryId":"wildfires","category":"Wildfires","sourceName":"IRWIN","sourceUrl":"https://irwin.doi.gov/observer/incidents/653e5c17-7b51-41fe-9039-732fd66fa38a","eventUrl":"https://eonet.gsfc.nasa.gov/api/v3/events/EONET_19971/geojson","magnitude":"980 acres","magnitudeDescription":""},"geometry":{"type":"Point","coordinates":[-112.612123,33.345111]}},{"type":"Feature","properties":{"id":"EONET_19974","title":"Guide Wildfire, Oglala Lakota, South Dakota","description":"5 Miles N from Loneman, SD","date":"2026-05-02T18:52:00Z","categoryId":"wildfires","category":"Wildfires","sourceName":"IRWIN","sourceUrl":"https://irwin.doi.gov/observer/incidents/6e4f42df-6466-47b0-bcb6-9b37a461256a","eventUrl":"https://eonet.gsfc.nasa.gov/api/v3/events/EONET_19974/geojson","magnitude":"1104.48 acres","magnitudeDescription":""},"geometry":{"type":"Point","coordinates":[-102.905231,43.266956]}},{"type":"Feature","properties":{"id":"EONET_20184","title":"2026 JBER Prescribed RX Burn Prescribed Fire, Anchorage, Alaska","description":"","date":"2026-05-01T19:25:00Z","categoryId":"wildfires","category":"Wildfires","sourceName":"IRWIN","sourceUrl":"https://irwin.doi.gov/observer/incidents/6b6da824-4d18-4dc5-8b09-a8f981ef5b7a","eventUrl":"https://eonet.gsfc.nasa.gov/api/v3/events/EONET_20184/geojson","magnitude":"1918 acres","magnitudeDescription":""},"geometry":{"type":"Point","coordinates":[-149.695544,61.255148]}},{"type":"Feature","properties":{"id":"EONET_19977","title":"rx-82 Prescribed Fire, Burnett, Wisconsin","description":"","date":"2026-05-01T13:29:00Z","categoryId":"wildfires","category":"Wildfires","sourceName":"IRWIN","sourceUrl":"https://irwin.doi.gov/observer/incidents/d2cb5d0c-bb83-4ca3-9629-cb8c70661ea6","eventUrl":"https://eonet.gsfc.nasa.gov/api/v3/events/EONET_19977/geojson","magnitude":"655.1 acres","magnitudeDescription":""},"geometry":{"type":"Point","coordinates":[-92.5961834,45.8940373]}},{"type":"Feature","properties":{"id":"EONET_20008","title":"Burbank B RX Prescribed Fire, Kandiyohi, Minnesota","description":"","date":"2026-05-01T09:58:00Z","categoryId":"wildfires","category":"Wildfires","sourceName":"IRWIN","sourceUrl":"https://irwin.doi.gov/observer/incidents/e11d1e14-5865-4b40-ab1c-08dc85edaed1","eventUrl":"https://eonet.gsfc.nasa.gov/api/v3/events/EONET_20008/geojson","magnitude":"665 acres","magnitudeDescription":""},"geometry":{"type":"Point","coordinates":[-94.919444,45.3875]}},{"type":"Feature","properties":{"id":"EONET_20013","title":"Black Diamond 1B RX Prescribed Fire, Lewis and Clark, Montana","description":"","date":"2026-04-30T18:33:00Z","categoryId":"wildfires","category":"Wildfires","sourceName":"IRWIN","sourceUrl":"https://irwin.doi.gov/observer/incidents/385f4abe-aaea-4bbc-9771-0727e0bf1ba9","eventUrl":"https://eonet.gsfc.nasa.gov/api/v3/events/EONET_20013/geojson","magnitude":"500 acres","magnitudeDescription":""},"geometry":{"type":"Point","coordinates":[-112.51,46.984333]}},{"type":"Feature","properties":{"id":"EONET_19934","title":"Buzzard Feather Wildfire, Roosevelt, Montana","description":"","date":"2026-04-30T12:53:00Z","categoryId":"wildfires","category":"Wildfires","sourceName":"IRWIN","sourceUrl":"https://irwin.doi.gov/observer/incidents/7c8c6e08-d4be-4ca4-ad5b-1f23ec6373b3","eventUrl":"https://eonet.gsfc.nasa.gov/api/v3/events/EONET_19934/geojson","magnitude":"612 acres","magnitudeDescription":""},"geometry":{"type":"Point","coordinates":[-105.55355,48.52908]}},{"type":"Feature","properties":{"id":"EONET_19978","title":"Downing RX Prescribed Fire, Mahnomen, Minnesota","description":"","date":"2026-04-30T10:25:00Z","categoryId":"wildfires","category":"Wildfires","sourceName":"IRWIN","sourceUrl":"https://irwin.doi.gov/observer/incidents/5d105883-26fe-4f9d-84ef-2ba39798bfe7","eventUrl":"https://eonet.gsfc.nasa.gov/api/v3/events/EONET_19978/geojson","magnitude":"505 acres","magnitudeDescription":""},"geometry":{"type":"Point","coordinates":[-95.991,47.1572]}},{"type":"Feature","properties":{"id":"EONET_19941","title":"rx-Millville Oak Woodlands SNA South Prescribed Fire, Grant, Wisconsin","description":"","date":"2026-04-29T12:13:00Z","categoryId":"wildfires","category":"Wildfires","sourceName":"IRWIN","sourceUrl":"https://irwin.doi.gov/observer/incidents/b7ddf397-5498-4cc6-a149-4025df6250dd","eventUrl":"https://eonet.gsfc.nasa.gov/api/v3/events/EONET_19941/geojson","magnitude":"562 acres","magnitudeDescription":""},"geometry":{"type":"Point","coordinates":[-90.929398,43.039137]}},{"type":"Feature","properties":{"id":"EONET_20265","title":"LaCreek NWR Pool RX Prescribed Fire, Bennett, South Dakota","description":"","date":"2026-04-29T12:01:00Z","categoryId":"wildfires","category":"Wildfires","sourceName":"IRWIN","sourceUrl":"https://irwin.doi.gov/observer/incidents/c6673dba-73bc-43fb-bb73-29c2c833b4a1","eventUrl":"https://eonet.gsfc.nasa.gov/api/v3/events/EONET_20265/geojson","magnitude":"3434 acres","magnitudeDescription":""},"geometry":{"type":"Point","coordinates":[-101.533,43.142]}},{"type":"Feature","properties":{"id":"EONET_19976","title":"Ogden Bay RX Prescribed Fire, Weber, Utah","description":"","date":"2026-04-29T09:51:00Z","categoryId":"wildfires","category":"Wildfires","sourceName":"IRWIN","sourceUrl":"https://irwin.doi.gov/observer/incidents/bba3b43d-3d80-4352-8eab-82bee0264614","eventUrl":"https://eonet.gsfc.nasa.gov/api/v3/events/EONET_19976/geojson","magnitude":"2050 acres","magnitudeDescription":""},"geometry":{"type":"Point","coordinates":[-112.16423,41.204062]}},{"type":"Feature","properties":{"id":"EONET_19942","title":"Rx Parker 3877 Prescribed Fire, Parker, Texas","description":"","date":"2026-04-29T09:10:00Z","categoryId":"wildfires","category":"Wildfires","sourceName":"IRWIN","sourceUrl":"https://irwin.doi.gov/observer/incidents/e1d74cce-a01c-495c-bc7c-88480c4babd2","eventUrl":"https://eonet.gsfc.nasa.gov/api/v3/events/EONET_19942/geojson","magnitude":"500 acres","magnitudeDescription":""},"geometry":{"type":"Point","coordinates":[-98.04277778,32.85722222]}},{"type":"Feature","properties":{"id":"EONET_19940","title":"Sparks Wildfire, Quay, New Mexico","description":"20 Miles SW from TUCUMCARI, NM","date":"2026-04-28T20:06:00Z","categoryId":"wildfires","category":"Wildfires","sourceName":"IRWIN","sourceUrl":"https://irwin.doi.gov/observer/incidents/92a5fa4c-e9ae-4372-9e1b-2f7732b1c785","eventUrl":"https://eonet.gsfc.nasa.gov/api/v3/events/EONET_19940/geojson","magnitude":"1500 acres","magnitudeDescription":""},"geometry":{"type":"Point","coordinates":[-104.055975,34.846208]}},{"type":"Feature","properties":{"id":"EONET_19939","title":"SHADY GROVE Wildfire, Russell, Alabama","description":"13 Miles W from HATCHECHUBBEE, AL","date":"2026-04-28T17:35:00Z","categoryId":"wildfires","category":"Wildfires","sourceName":"IRWIN","sourceUrl":"https://irwin.doi.gov/observer/incidents/91d433f7-b2e5-41db-9e27-f15733e84abe","eventUrl":"https://eonet.gsfc.nasa.gov/api/v3/events/EONET_19939/geojson","magnitude":"522 acres","magnitudeDescription":""},"geometry":{"type":"Point","coordinates":[-85.3177778,32.2958333]}},{"type":"Feature","properties":{"id":"EONET_19937","title":"HWY 41 Wildfire, Miami-Dade, Florida","description":"6 Miles W from Miami, FL","date":"2026-04-27T18:50:00Z","categoryId":"wildfires","category":"Wildfires","sourceName":"IRWIN","sourceUrl":"https://irwin.doi.gov/observer/incidents/23403af4-c827-4f95-a8e5-6d92ae5bbd4e","eventUrl":"https://eonet.gsfc.nasa.gov/api/v3/events/EONET_19937/geojson","magnitude":"8500 acres","magnitudeDescription":""},"geometry":{"type":"Point","coordinates":[-80.55105,25.7609]}},{"type":"Feature","properties":{"id":"EONET_20103","title":"Rincon de la Vieja Volcano, Costa Rica","description":"","date":"2026-04-27T00:00:00Z","categoryId":"volcanoes","category":"Volcanoes","sourceName":"SIVolcano","sourceUrl":"https://volcano.si.edu/volcano.cfm?vn=345020","eventUrl":"https://eonet.gsfc.nasa.gov/api/v3/events/EONET_20103/geojson","magnitude":"","magnitudeDescription":""},"geometry":{"type":"Point","coordinates":[-85.3364,10.8314]}},{"type":"Feature","properties":{"id":"EONET_20100","title":"Quivira RX Prescribed Fire, Stafford, Kansas","description":"","date":"2026-04-26T16:37:00Z","categoryId":"wildfires","category":"Wildfires","sourceName":"IRWIN","sourceUrl":"https://irwin.doi.gov/observer/incidents/138ea80b-7f5a-4865-bc8b-382d9900bc11","eventUrl":"https://eonet.gsfc.nasa.gov/api/v3/events/EONET_20100/geojson","magnitude":"4600 acres","magnitudeDescription":""},"geometry":{"type":"Point","coordinates":[-98.49615,38.12723]}},{"type":"Feature","properties":{"id":"EONET_19913","title":"Tucker Wildfire, Hooker, Nebraska","description":"","date":"2026-04-26T15:43:00Z","categoryId":"wildfires","category":"Wildfires","sourceName":"IRWIN","sourceUrl":"https://irwin.doi.gov/observer/incidents/275d0bba-4a8f-49c1-abee-e1144049a864","eventUrl":"https://eonet.gsfc.nasa.gov/api/v3/events/EONET_19913/geojson","magnitude":"1100 acres","magnitudeDescription":""},"geometry":{"type":"Point","coordinates":[-101.2498,41.8008]}},{"type":"Feature","properties":{"id":"EONET_19914","title":"Tyndall 469 &amp; 143 RX Prescribed Fire, Mason, Michigan","description":"","date":"2026-04-26T08:16:00Z","categoryId":"wildfires","category":"Wildfires","sourceName":"IRWIN","sourceUrl":"https://irwin.doi.gov/observer/incidents/fedb11e4-62fc-4b12-bd5d-76ef132016a1","eventUrl":"https://eonet.gsfc.nasa.gov/api/v3/events/EONET_19914/geojson","magnitude":"611 acres","magnitudeDescription":""},"geometry":{"type":"Point","coordinates":[-86.048555,44.11771]}},{"type":"Feature","properties":{"id":"EONET_20102","title":"Masaya Volcano, Nicaragua","description":"","date":"2026-04-26T00:00:00Z","categoryId":"volcanoes","category":"Volcanoes","sourceName":"SIVolcano","sourceUrl":"https://volcano.si.edu/volcano.cfm?vn=344100","eventUrl":"https://eonet.gsfc.nasa.gov/api/v3/events/EONET_20102/geojson","magnitude":"","magnitudeDescription":""},"geometry":{"type":"Point","coordinates":[-86.1688,11.9844]}},{"type":"Feature","properties":{"id":"EONET_19916","title":"Yellow Bank East RX Prescribed Fire, Lac qui Parle, Minnesota","description":"","date":"2026-04-25T08:56:00Z","categoryId":"wildfires","category":"Wildfires","sourceName":"IRWIN","sourceUrl":"https://irwin.doi.gov/observer/incidents/bc3b25e1-0812-447e-83f4-ba3098b7fc7d","eventUrl":"https://eonet.gsfc.nasa.gov/api/v3/events/EONET_19916/geojson","magnitude":"1303 acres","magnitudeDescription":""},"geometry":{"type":"Point","coordinates":[-96.339308,45.226197]}},{"type":"Feature","properties":{"id":"EONET_20188","title":"YTA Stuart Creek Rx Prescribed Fire, Fairbanks North Star, Alaska","description":"","date":"2026-04-24T18:59:00Z","categoryId":"wildfires","category":"Wildfires","sourceName":"IRWIN","sourceUrl":"https://irwin.doi.gov/observer/incidents/772f6afd-5dc5-48db-8e5f-3661666d0fe5","eventUrl":"https://eonet.gsfc.nasa.gov/api/v3/events/EONET_20188/geojson","magnitude":"5300 acres","magnitudeDescription":""},"geometry":{"type":"Point","coordinates":[-146.6044,64.70676]}},{"type":"Feature","properties":{"id":"EONET_20203","title":"FWA Small Arms Complex Rx Prescribed Fire, Southeast Fairbanks, Alaska","description":"","date":"2026-04-24T18:52:00Z","categoryId":"wildfires","category":"Wildfires","sourceName":"IRWIN","sourceUrl":"https://irwin.doi.gov/observer/incidents/29732cda-5206-4934-80de-c0ace5cf8bea","eventUrl":"https://eonet.gsfc.nasa.gov/api/v3/events/EONET_20203/geojson","magnitude":"3066 acres","magnitudeDescription":""},"geometry":{"type":"Point","coordinates":[-146.284999,64.002424]}},{"type":"Feature","properties":{"id":"EONET_20068","title":"DTAW Oklahoma Rx Prescribed Fire, Southeast Fairbanks, Alaska","description":"","date":"2026-04-24T18:49:00Z","categoryId":"wildfires","category":"Wildfires","sourceName":"IRWIN","sourceUrl":"https://irwin.doi.gov/observer/incidents/fdae5b58-1327-4455-a95b-71a4e9982672","eventUrl":"https://eonet.gsfc.nasa.gov/api/v3/events/EONET_20068/geojson","magnitude":"20000 acres","magnitudeDescription":""},"geometry":{"type":"Point","coordinates":[-146.3023,64.00716]}},{"type":"Feature","properties":{"id":"EONET_20067","title":"DTAE Jarvis Rx Prescribed Fire, Southeast Fairbanks, Alaska","description":"","date":"2026-04-24T18:47:00Z","categoryId":"wildfires","category":"Wildfires","sourceName":"IRWIN","sourceUrl":"https://irwin.doi.gov/observer/incidents/8fc9e38c-d7e1-4637-8598-d00ef56e97ca","eventUrl":"https://eonet.gsfc.nasa.gov/api/v3/events/EONET_20067/geojson","magnitude":"622 acres","magnitudeDescription":""},"geometry":{"type":"Point","coordinates":[-145.6726,63.98684]}},{"type":"Feature","properties":{"id":"EONET_20010","title":"DTAE Bolio Rx Prescribed Fire, Southeast Fairbanks, Alaska","description":"","date":"2026-04-24T18:42:00Z","categoryId":"wildfires","category":"Wildfires","sourceName":"IRWIN","sourceUrl":"https://irwin.doi.gov/observer/incidents/7383655c-450a-4c1a-aef7-4d6afd03d9bd","eventUrl":"https://eonet.gsfc.nasa.gov/api/v3/events/EONET_20010/geojson","magnitude":"1805 acres","magnitudeDescription":""},"geometry":{"type":"Point","coordinates":[-145.9018,63.86224]}},{"type":"Feature","properties":{"id":"EONET_19910","title":"Poitrey Canyon Wildfire, Las Animas, Colorado","description":"6 Miles W from Villegreen, CO","date":"2026-04-24T18:29:00Z","categoryId":"wildfires","category":"Wildfires","sourceName":"IRWIN","sourceUrl":"https://irwin.doi.gov/observer/incidents/d4d324cc-6208-4ef4-a24c-1fcd8ff79664","eventUrl":"https://eonet.gsfc.nasa.gov/api/v3/events/EONET_19910/geojson","magnitude":"2113 acres","magnitudeDescription":""},"geometry":{"type":"Point","coordinates":[-103.6385,37.317111]}},{"type":"Feature","properties":{"id":"EONET_19917","title":"Thomas Ranch Fire Wildfire, Sully, South Dakota","description":"8 Miles N from Harrold, SD","date":"2026-04-24T16:23:00Z","categoryId":"wildfires","category":"Wildfires","sourceName":"IRWIN","sourceUrl":"https://irwin.doi.gov/observer/incidents/77139d6f-95f2-491f-9f5b-e31b5bb6bfa0","eventUrl":"https://eonet.gsfc.nasa.gov/api/v3/events/EONET_19917/geojson","magnitude":"1800 acres","magnitudeDescription":""},"geometry":{"type":"Point","coordinates":[-99.7361111,44.65]}},{"type":"Feature","properties":{"id":"EONET_19912","title":"rx-Kimberly Clark NW Prescribed Fire, Price, Wisconsin","description":"","date":"2026-04-24T10:53:00Z","categoryId":"wildfires","category":"Wildfires","sourceName":"IRWIN","sourceUrl":"https://irwin.doi.gov/observer/incidents/1aaa512e-0a5e-4a95-953d-66456f117428","eventUrl":"https://eonet.gsfc.nasa.gov/api/v3/events/EONET_19912/geojson","magnitude":"580.6 acres","magnitudeDescription":""},"geometry":{"type":"Point","coordinates":[-90.6275479,45.7851589]}},{"type":"Feature","properties":{"id":"EONET_19919","title":"RX Blanchard 1 Prescribed Fire, Stone, Arkansas","description":"","date":"2026-04-24T09:32:00Z","categoryId":"wildfires","category":"Wildfires","sourceName":"IRWIN","sourceUrl":"https://irwin.doi.gov/observer/incidents/12cf24be-df1d-400a-b0aa-dc353d7fcf28","eventUrl":"https://eonet.gsfc.nasa.gov/api/v3/events/EONET_19919/geojson","magnitude":"726 acres","magnitudeDescription":""},"geometry":{"type":"Point","coordinates":[-92.19055,35.966217]}},{"type":"Feature","properties":{"id":"EONET_19840","title":"rx-66 Prescribed Fire, Burnett, Wisconsin","description":"","date":"2026-04-23T14:23:00Z","categoryId":"wildfires","category":"Wildfires","sourceName":"IRWIN","sourceUrl":"https://irwin.doi.gov/observer/incidents/58be4c5c-51cd-4eed-b8c7-795a983a2f92","eventUrl":"https://eonet.gsfc.nasa.gov/api/v3/events/EONET_19840/geojson","magnitude":"1490.3 acres","magnitudeDescription":""},"geometry":{"type":"Point","coordinates":[-92.6535178,45.8508587]}},{"type":"Feature","properties":{"id":"EONET_20011","title":"Lemon 2 Wildfire, Benson, North Dakota","description":"2 Miles NW from Fort Totten, ND","date":"2026-04-23T12:17:00Z","categoryId":"wildfires","category":"Wildfires","sourceName":"IRWIN","sourceUrl":"https://irwin.doi.gov/observer/incidents/6f9ff006-40e3-4082-aaea-2beb215fe03f","eventUrl":"https://eonet.gsfc.nasa.gov/api/v3/events/EONET_20011/geojson","magnitude":"860 acres","magnitudeDescription":""},"geometry":{"type":"Point","coordinates":[-99.0475,47.988889]}},{"type":"Feature","properties":{"id":"EONET_19839","title":"Bauman Wildfire, Jackson, South Dakota","description":"","date":"2026-04-23T12:13:00Z","categoryId":"wildfires","category":"Wildfires","sourceName":"IRWIN","sourceUrl":"https://irwin.doi.gov/observer/incidents/174bf2a2-2640-4a6d-8ce9-617b06722f3a","eventUrl":"https://eonet.gsfc.nasa.gov/api/v3/events/EONET_19839/geojson","magnitude":"1000 acres","magnitudeDescription":""},"geometry":{"type":"Point","coordinates":[-101.3950833,43.631]}},{"type":"Feature","properties":{"id":"EONET_19832","title":"Baldwin Fuels 6 RX Prescribed Fire, Lake, Michigan","description":"","date":"2026-04-23T11:03:00Z","categoryId":"wildfires","category":"Wildfires","sourceName":"IRWIN","sourceUrl":"https://irwin.doi.gov/observer/incidents/20ef7ca5-f292-4380-a1b0-60de11bc0e27","eventUrl":"https://eonet.gsfc.nasa.gov/api/v3/events/EONET_19832/geojson","magnitude":"658 acres","magnitudeDescription":""},"geometry":{"type":"Point","coordinates":[-85.896883,43.88275]}},{"type":"Feature","properties":{"id":"EONET_19911","title":"FB 17 Wildfire, Todd, South Dakota","description":"7 Miles NW from St. Francis, SD","date":"2026-04-23T10:40:00Z","categoryId":"wildfires","category":"Wildfires","sourceName":"IRWIN","sourceUrl":"https://irwin.doi.gov/observer/incidents/13da4635-e1f7-4973-9ce5-d9d032108126","eventUrl":"https://eonet.gsfc.nasa.gov/api/v3/events/EONET_19911/geojson","magnitude":"900 acres","magnitudeDescription":""},"geometry":{"type":"Point","coordinates":[-101.03325,43.18306]}},{"type":"Feature","properties":{"id":"EONET_19843","title":"Peterson Wildfire, Holt, Nebraska","description":"","date":"2026-04-23T09:06:00Z","categoryId":"wildfires","category":"Wildfires","sourceName":"IRWIN","sourceUrl":"https://irwin.doi.gov/observer/incidents/d7d9e922-c1c9-4b70-8115-91f454eba1f7","eventUrl":"https://eonet.gsfc.nasa.gov/api/v3/events/EONET_19843/geojson","magnitude":"1000 acres","magnitudeDescription":""},"geometry":{"type":"Point","coordinates":[-99.04273,42.12483]}},{"type":"Feature","properties":{"id":"EONET_19844","title":"Andrews Wildfire, Cherry, Nebraska","description":"","date":"2026-04-22T21:43:00Z","categoryId":"wildfires","category":"Wildfires","sourceName":"IRWIN","sourceUrl":"https://irwin.doi.gov/observer/incidents/9d66108d-c1b4-4a28-90e4-da9ffec90b34","eventUrl":"https://eonet.gsfc.nasa.gov/api/v3/events/EONET_19844/geojson","magnitude":"2500 acres","magnitudeDescription":""},"geometry":{"type":"Point","coordinates":[-101.004,42.763583]}},{"type":"Feature","properties":{"id":"EONET_19841","title":"Hammer Wildfire, El Paso, Colorado","description":"10 Miles SE from Fountain, CO","date":"2026-04-22T21:07:00Z","categoryId":"wildfires","category":"Wildfires","sourceName":"IRWIN","sourceUrl":"https://irwin.doi.gov/observer/incidents/da2ba63f-024d-4596-aced-b434ad067b6f","eventUrl":"https://eonet.gsfc.nasa.gov/api/v3/events/EONET_19841/geojson","magnitude":"4900 acres","magnitudeDescription":""},"geometry":{"type":"Point","coordinates":[-104.61,38.67]}},{"type":"Feature","properties":{"id":"EONET_19838","title":"Taber Rec Wildfire, Bon Homme, South Dakota","description":"10 Miles S from Taber, SD","date":"2026-04-22T20:05:00Z","categoryId":"wildfires","category":"Wildfires","sourceName":"IRWIN","sourceUrl":"https://irwin.doi.gov/observer/incidents/27f08278-cfd2-4404-b308-dc1946dc2b7f","eventUrl":"https://eonet.gsfc.nasa.gov/api/v3/events/EONET_19838/geojson","magnitude":"4000 acres","magnitudeDescription":""},"geometry":{"type":"Point","coordinates":[-97.647004,42.862657]}},{"type":"Feature","properties":{"id":"EONET_19834","title":"Pressey Wildfire, Cherry, Nebraska","description":"4 Miles NE from Oconto, NE","date":"2026-04-22T17:15:00Z","categoryId":"wildfires","category":"Wildfires","sourceName":"IRWIN","sourceUrl":"https://irwin.doi.gov/observer/incidents/3ea9c9f6-9ab8-40c4-b8ac-a1401caa8e12","eventUrl":"https://eonet.gsfc.nasa.gov/api/v3/events/EONET_19834/geojson","magnitude":"5000 acres","magnitudeDescription":""},"geometry":{"type":"Point","coordinates":[-101.029476,42.246685]}},{"type":"Feature","properties":{"id":"EONET_19845","title":"Lone Pine Wildfire, Becker, Minnesota","description":"","date":"2026-04-22T13:40:00Z","categoryId":"wildfires","category":"Wildfires","sourceName":"IRWIN","sourceUrl":"https://irwin.doi.gov/observer/incidents/0fddd5f5-f3a9-41eb-a90b-d9cf0815dee0","eventUrl":"https://eonet.gsfc.nasa.gov/api/v3/events/EONET_19845/geojson","magnitude":"1500 acres","magnitudeDescription":""},"geometry":{"type":"Point","coordinates":[-95.912189,47.020535]}},{"type":"Feature","properties":{"id":"EONET_19850","title":"Wells Rd Unit 1 RX Prescribed Fire, Iosco, Michigan","description":"","date":"2026-04-22T08:34:00Z","categoryId":"wildfires","category":"Wildfires","sourceName":"IRWIN","sourceUrl":"https://irwin.doi.gov/observer/incidents/db17dcdc-2a73-42e4-a678-dd4d3906b21e","eventUrl":"https://eonet.gsfc.nasa.gov/api/v3/events/EONET_19850/geojson","magnitude":"537 acres","magnitudeDescription":""},"geometry":{"type":"Point","coordinates":[-83.483333,44.425]}},{"type":"Feature","properties":{"id":"EONET_19835","title":"COW CREEK Wildfire, Levy, Florida","description":"11 Miles S from BRONSON, FL","date":"2026-04-21T23:15:00Z","categoryId":"wildfires","category":"Wildfires","sourceName":"IRWIN","sourceUrl":"https://irwin.doi.gov/observer/incidents/948e45d6-5b16-43f8-97c7-2302196b2a7c","eventUrl":"https://eonet.gsfc.nasa.gov/api/v3/events/EONET_19835/geojson","magnitude":"2000 acres","magnitudeDescription":""},"geometry":{"type":"Point","coordinates":[-82.6311111,29.2822222]}},{"type":"Feature","properties":{"id":"EONET_19854","title":"rx-73 Prescribed Fire, Burnett, Wisconsin","description":"","date":"2026-04-21T17:12:00Z","categoryId":"wildfires","category":"Wildfires","sourceName":"IRWIN","sourceUrl":"https://irwin.doi.gov/observer/incidents/97322628-5aa3-4483-910d-4c25cd70f6f3","eventUrl":"https://eonet.gsfc.nasa.gov/api/v3/events/EONET_19854/geojson","magnitude":"557.3 acres","magnitudeDescription":""},"geometry":{"type":"Point","coordinates":[-92.645347,45.8694852]}},{"type":"Feature","properties":{"id":"EONET_19836","title":"MM-45- Broward (06) Wildfire, Broward, Florida","description":"27 Miles N from HOMESTEAD, FL","date":"2026-04-21T16:28:00Z","categoryId":"wildfires","category":"Wildfires","sourceName":"IRWIN","sourceUrl":"https://irwin.doi.gov/observer/incidents/e661b58d-8606-4923-b174-9df22ce58d9b","eventUrl":"https://eonet.gsfc.nasa.gov/api/v3/events/EONET_19836/geojson","magnitude":"9600 acres","magnitudeDescription":""},"geometry":{"type":"Point","coordinates":[-80.5,26.3002778]}},{"type":"Feature","properties":{"id":"EONET_19908","title":"Hummingbird Wildfire, Catron, New Mexico","description":"15 Miles E from Glenwood, NM","date":"2026-04-21T14:48:00Z","categoryId":"wildfires","category":"Wildfires","sourceName":"IRWIN","sourceUrl":"https://irwin.doi.gov/observer/incidents/36bd8a5a-bfce-4593-9cb5-93ded1504e67","eventUrl":"https://eonet.gsfc.nasa.gov/api/v3/events/EONET_19908/geojson","magnitude":"3264 acres","magnitudeDescription":""},"geometry":{"type":"Point","coordinates":[-108.62195,33.36595]}},{"type":"Feature","properties":{"id":"EONET_19831","title":"Hwy 82 Wildfire, Brantley, Georgia","description":"1 Miles E from Atkinson, GA","date":"2026-04-21T12:01:00Z","categoryId":"wildfires","category":"Wildfires","sourceName":"IRWIN","sourceUrl":"https://irwin.doi.gov/observer/incidents/1735c06d-a621-4f37-9cac-86e7aaea0c48","eventUrl":"https://eonet.gsfc.nasa.gov/api/v3/events/EONET_19831/geojson","magnitude":"5531 acres","magnitudeDescription":""},"geometry":{"type":"Point","coordinates":[-81.8438889,31.2222222]}},{"type":"Feature","properties":{"id":"EONET_20005","title":"Cedar Cabin - RX Prescribed Fire, Butte, Idaho","description":"","date":"2026-04-21T10:44:00Z","categoryId":"wildfires","category":"Wildfires","sourceName":"IRWIN","sourceUrl":"https://irwin.doi.gov/observer/incidents/66fd590e-18c1-4b52-bf97-d1d18adc6fba","eventUrl":"https://eonet.gsfc.nasa.gov/api/v3/events/EONET_20005/geojson","magnitude":"1255 acres","magnitudeDescription":""},"geometry":{"type":"Point","coordinates":[-113.262817,43.8285]}},{"type":"Feature","properties":{"id":"EONET_19846","title":"DeSoto BB 9370 C507 508 509 RX Prescribed Fire, Jackson, Mississippi","description":"","date":"2026-04-21T10:19:00Z","categoryId":"wildfires","category":"Wildfires","sourceName":"IRWIN","sourceUrl":"https://irwin.doi.gov/observer/incidents/fb2f4268-3773-4647-a411-44d9d08f51d1","eventUrl":"https://eonet.gsfc.nasa.gov/api/v3/events/EONET_19846/geojson","magnitude":"2564 acres","magnitudeDescription":""},"geometry":{"type":"Point","coordinates":[-88.86195,30.698133]}},{"type":"Feature","properties":{"id":"EONET_19852","title":"RX CALE BU 44-367 Prescribed Fire, Rapides, Louisiana","description":"","date":"2026-04-21T09:00:00Z","categoryId":"wildfires","category":"Wildfires","sourceName":"IRWIN","sourceUrl":"https://irwin.doi.gov/observer/incidents/93f35056-75ee-4909-91d1-9298c5298579","eventUrl":"https://eonet.gsfc.nasa.gov/api/v3/events/EONET_19852/geojson","magnitude":"1701 acres","magnitudeDescription":""},"geometry":{"type":"Point","coordinates":[-92.615933,31.132467]}},{"type":"Feature","properties":{"id":"EONET_19833","title":"East Side Wildfire, Carbon, Montana","description":"5 Miles S from Red Lodge, MT","date":"2026-04-20T15:26:00Z","categoryId":"wildfires","category":"Wildfires","sourceName":"IRWIN","sourceUrl":"https://irwin.doi.gov/observer/incidents/8c865688-a4fe-42bc-846e-6a8680192bcf","eventUrl":"https://eonet.gsfc.nasa.gov/api/v3/events/EONET_19833/geojson","magnitude":"1241 acres","magnitudeDescription":""},"geometry":{"type":"Point","coordinates":[-109.3142,45.092167]}},{"type":"Feature","properties":{"id":"EONET_19849","title":"Hansen WPA RX Prescribed Fire, Clay, Nebraska","description":"","date":"2026-04-20T15:04:00Z","categoryId":"wildfires","category":"Wildfires","sourceName":"IRWIN","sourceUrl":"https://irwin.doi.gov/observer/incidents/62ac67f7-b80f-4703-be0f-30a7661d0592","eventUrl":"https://eonet.gsfc.nasa.gov/api/v3/events/EONET_19849/geojson","magnitude":"642 acres","magnitudeDescription":""},"geometry":{"type":"Point","coordinates":[-97.862,40.452]}},{"type":"Feature","properties":{"id":"EONET_19858","title":"Krause RX Prescribed Fire, Fillmore, Nebraska","description":"","date":"2026-04-20T15:02:00Z","categoryId":"wildfires","category":"Wildfires","sourceName":"IRWIN","sourceUrl":"https://irwin.doi.gov/observer/incidents/ee2606ac-4ed9-4793-bad7-ee3cac39b3eb","eventUrl":"https://eonet.gsfc.nasa.gov/api/v3/events/EONET_19858/geojson","magnitude":"535 acres","magnitudeDescription":""},"geometry":{"type":"Point","coordinates":[-97.792,40.467]}},{"type":"Feature","properties":{"id":"EONET_19851","title":"Burn Unit 17 RX Prescribed Fire, Sherburne, Minnesota","description":"","date":"2026-04-20T13:16:00Z","categoryId":"wildfires","category":"Wildfires","sourceName":"IRWIN","sourceUrl":"https://irwin.doi.gov/observer/incidents/8f42d6ce-fb6f-4dba-aae4-97094ba0260c","eventUrl":"https://eonet.gsfc.nasa.gov/api/v3/events/EONET_19851/geojson","magnitude":"881 acres","magnitudeDescription":""},"geometry":{"type":"Point","coordinates":[-93.683986,45.525011]}}]}