{"type":"FeatureCollection","generatedAt":"2026-08-04T00:57:58.516Z","attribution":"© OpenStreetMap contributors (ODbL) — https://www.openstreetmap.org/copyright","license":"ODbL 1.0","sourceName":"OpenStreetMap (Overpass API)","sourceUrl":"https://overpass-api.de/api/interpreter","note":"Sampled from a curated list of world cities/regions; absence reflects mapping coverage, not absence of cameras.","regions":[{"name":"Washington DC","bbox":[38.79,-77.12,38.996,-76.91]},{"name":"New York City","bbox":[40.49,-74.26,40.92,-73.68]},{"name":"Los Angeles","bbox":[33.7,-118.67,34.34,-118.15]},{"name":"Chicago","bbox":[41.64,-87.94,42.02,-87.52]},{"name":"Toronto","bbox":[43.58,-79.64,43.85,-79.12]},{"name":"Mexico City","bbox":[19.2,-99.3,19.55,-98.95]},{"name":"São Paulo","bbox":[-23.75,-46.83,-23.35,-46.36]},{"name":"London","bbox":[51.28,-0.51,51.7,0.33]},{"name":"Paris","bbox":[48.81,2.22,48.9,2.47]},{"name":"Berlin","bbox":[52.4,13.09,52.65,13.6]},{"name":"Amsterdam","bbox":[52.28,4.73,52.43,5.02]},{"name":"Moscow","bbox":[55.55,37.35,55.92,37.85]},{"name":"Johannesburg","bbox":[-26.35,27.85,-26.05,28.15]},{"name":"Dubai","bbox":[24.95,55.05,25.35,55.55]},{"name":"Mumbai","bbox":[19,72.75,19.3,73.05]},{"name":"Delhi","bbox":[28.4,76.85,28.9,77.35]},{"name":"Beijing","bbox":[39.75,116.2,40.05,116.55]},{"name":"Shanghai","bbox":[31.05,121.25,31.35,121.65]},{"name":"Hong Kong","bbox":[22.15,113.83,22.56,114.32]},{"name":"Tokyo","bbox":[35.52,139.56,35.82,139.92]},{"name":"Seoul","bbox":[37.41,126.76,37.7,127.18]},{"name":"Singapore","bbox":[1.2,103.6,1.47,104.05]},{"name":"Bangkok","bbox":[13.6,100.35,13.95,100.7]},{"name":"Sydney","bbox":[-33.95,151.1,-33.75,151.34]}],"features":[{"type":"Feature","properties":{"id":"osm-50179564","region":"Washington DC","surveillanceType":"camera","operator":"","description":"fixed"},"geometry":{"type":"Point","coordinates":[-76.9648483,38.8138767]}},{"type":"Feature","properties":{"id":"osm-50540608","region":"Washington DC","surveillanceType":"camera","operator":"","description":"fixed"},"geometry":{"type":"Point","coordinates":[-76.962881,38.8157147]}},{"type":"Feature","properties":{"id":"osm-329646921","region":"Washington DC","surveillanceType":"camera","operator":"","description":"fixed"},"geometry":{"type":"Point","coordinates":[-76.9985479,38.8059764]}},{"type":"Feature","properties":{"id":"osm-393602313","region":"Washington DC","surveillanceType":"camera","operator":"","description":"fixed"},"geometry":{"type":"Point","coordinates":[-76.9733664,38.8058847]}},{"type":"Feature","properties":{"id":"osm-528552022","region":"Washington DC","surveillanceType":"camera","operator":"","description":"dome"},"geometry":{"type":"Point","coordinates":[-77.0260181,38.889005]}},{"type":"Feature","properties":{"id":"osm-528552029","region":"Washington DC","surveillanceType":"camera","operator":"","description":"dome"},"geometry":{"type":"Point","coordinates":[-77.0259433,38.889005]}},{"type":"Feature","properties":{"id":"osm-610958924","region":"Washington DC","surveillanceType":"camera","operator":"","description":"fixed"},"geometry":{"type":"Point","coordinates":[-77.0338306,38.9012115]}},{"type":"Feature","properties":{"id":"osm-804637965","region":"Washington DC","surveillanceType":"camera","operator":"","description":"dome"},"geometry":{"type":"Point","coordinates":[-77.0212946,38.8915374]}},{"type":"Feature","properties":{"id":"osm-804638053","region":"Washington DC","surveillanceType":"camera","operator":"","description":"dome"},"geometry":{"type":"Point","coordinates":[-77.0197045,38.8916741]}},{"type":"Feature","properties":{"id":"osm-804638104","region":"Washington DC","surveillanceType":"camera","operator":"","description":"dome"},"geometry":{"type":"Point","coordinates":[-77.0257634,38.8917448]}},{"type":"Feature","properties":{"id":"osm-804638137","region":"Washington DC","surveillanceType":"camera","operator":"","description":"dome"},"geometry":{"type":"Point","coordinates":[-77.0083043,38.8915368]}},{"type":"Feature","properties":{"id":"osm-804638177","region":"Washington DC","surveillanceType":"camera","operator":"","description":"dome"},"geometry":{"type":"Point","coordinates":[-77.0210501,38.8910602]}},{"type":"Feature","properties":{"id":"osm-804638532","region":"Washington DC","surveillanceType":"camera","operator":"","description":"panning"},"geometry":{"type":"Point","coordinates":[-77.0185256,38.8915728]}},{"type":"Feature","properties":{"id":"osm-804638642","region":"Washington DC","surveillanceType":"camera","operator":"","description":"dome"},"geometry":{"type":"Point","coordinates":[-77.0200929,38.8909574]}},{"type":"Feature","properties":{"id":"osm-804638721","region":"Washington DC","surveillanceType":"camera","operator":"","description":"dome"},"geometry":{"type":"Point","coordinates":[-77.0187516,38.8910998]}},{"type":"Feature","properties":{"id":"osm-804638749","region":"Washington DC","surveillanceType":"camera","operator":"","description":"dome"},"geometry":{"type":"Point","coordinates":[-77.0210639,38.8917214]}},{"type":"Feature","properties":{"id":"osm-804639318","region":"Washington DC","surveillanceType":"camera","operator":"","description":"dome"},"geometry":{"type":"Point","coordinates":[-77.0250978,38.8916583]}},{"type":"Feature","properties":{"id":"osm-804639402","region":"Washington DC","surveillanceType":"camera","operator":"","description":"dome"},"geometry":{"type":"Point","coordinates":[-77.02012,38.891669]}},{"type":"Feature","properties":{"id":"osm-804639701","region":"Washington DC","surveillanceType":"camera","operator":"","description":"panning"},"geometry":{"type":"Point","coordinates":[-77.0187643,38.8917537]}},{"type":"Feature","properties":{"id":"osm-804639822","region":"Washington DC","surveillanceType":"guard","operator":"","description":""},"geometry":{"type":"Point","coordinates":[-77.0083337,38.8915843]}},{"type":"Feature","properties":{"id":"osm-804639840","region":"Washington DC","surveillanceType":"camera","operator":"","description":"panning"},"geometry":{"type":"Point","coordinates":[-77.0187606,38.8915699]}},{"type":"Feature","properties":{"id":"osm-804639881","region":"Washington DC","surveillanceType":"camera","operator":"","description":"dome"},"geometry":{"type":"Point","coordinates":[-77.0205332,38.890883]}},{"type":"Feature","properties":{"id":"osm-804640117","region":"Washington DC","surveillanceType":"camera","operator":"","description":"dome"},"geometry":{"type":"Point","coordinates":[-77.0088375,38.8908411]}},{"type":"Feature","properties":{"id":"osm-804640157","region":"Washington DC","surveillanceType":"camera","operator":"","description":"dome"},"geometry":{"type":"Point","coordinates":[-77.01077,38.8885424]}},{"type":"Feature","properties":{"id":"osm-804640264","region":"Washington DC","surveillanceType":"camera","operator":"","description":"dome"},"geometry":{"type":"Point","coordinates":[-77.0210441,38.8908811]}},{"type":"Feature","properties":{"id":"osm-804640266","region":"Washington DC","surveillanceType":"camera","operator":"","description":"dome"},"geometry":{"type":"Point","coordinates":[-77.0192765,38.8917465]}},{"type":"Feature","properties":{"id":"osm-804640302","region":"Washington DC","surveillanceType":"camera","operator":"","description":"dome"},"geometry":{"type":"Point","coordinates":[-77.0269483,38.8907976]}},{"type":"Feature","properties":{"id":"osm-804640543","region":"Washington DC","surveillanceType":"guard","operator":"","description":"dome"},"geometry":{"type":"Point","coordinates":[-77.0356551,38.8985202]}},{"type":"Feature","properties":{"id":"osm-804640698","region":"Washington DC","surveillanceType":"camera","operator":"","description":"dome"},"geometry":{"type":"Point","coordinates":[-77.0205514,38.8917286]}},{"type":"Feature","properties":{"id":"osm-804640727","region":"Washington DC","surveillanceType":"camera","operator":"","description":"dome"},"geometry":{"type":"Point","coordinates":[-77.0192557,38.8909061]}},{"type":"Feature","properties":{"id":"osm-804640788","region":"Washington DC","surveillanceType":"camera","operator":"","description":"dome"},"geometry":{"type":"Point","coordinates":[-77.0212828,38.8910583]}},{"type":"Feature","properties":{"id":"osm-804640839","region":"Washington DC","surveillanceType":"camera","operator":"","description":"dome"},"geometry":{"type":"Point","coordinates":[-77.0275532,38.8915608]}},{"type":"Feature","properties":{"id":"osm-804641076","region":"Washington DC","surveillanceType":"camera","operator":"","description":"dome"},"geometry":{"type":"Point","coordinates":[-77.0290016,38.8908207]}},{"type":"Feature","properties":{"id":"osm-804641136","region":"Washington DC","surveillanceType":"guard","operator":"","description":""},"geometry":{"type":"Point","coordinates":[-77.0349927,38.8984724]}},{"type":"Feature","properties":{"id":"osm-804641365","region":"Washington DC","surveillanceType":"camera","operator":"","description":"dome"},"geometry":{"type":"Point","coordinates":[-77.0210578,38.8915397]}},{"type":"Feature","properties":{"id":"osm-804641563","region":"Washington DC","surveillanceType":"camera","operator":"","description":"dome"},"geometry":{"type":"Point","coordinates":[-77.027547,38.8910595]}},{"type":"Feature","properties":{"id":"osm-804641620","region":"Washington DC","surveillanceType":"camera","operator":"","description":"dome"},"geometry":{"type":"Point","coordinates":[-77.0262062,38.8917404]}},{"type":"Feature","properties":{"id":"osm-804641695","region":"Washington DC","surveillanceType":"camera","operator":"","description":"dome"},"geometry":{"type":"Point","coordinates":[-77.0196942,38.890963]}},{"type":"Feature","properties":{"id":"osm-804641698","region":"Washington DC","surveillanceType":"camera","operator":"","description":"dome"},"geometry":{"type":"Point","coordinates":[-77.0086027,38.8888151]}},{"type":"Feature","properties":{"id":"osm-804642084","region":"Washington DC","surveillanceType":"camera","operator":"","description":"fixed"},"geometry":{"type":"Point","coordinates":[-77.0085634,38.8905096]}},{"type":"Feature","properties":{"id":"osm-804642200","region":"Washington DC","surveillanceType":"camera","operator":"","description":"dome"},"geometry":{"type":"Point","coordinates":[-77.0268162,38.8916727]}},{"type":"Feature","properties":{"id":"osm-804642244","region":"Washington DC","surveillanceType":"camera","operator":"","description":"fixed"},"geometry":{"type":"Point","coordinates":[-77.0085597,38.8891187]}},{"type":"Feature","properties":{"id":"osm-804642296","region":"Washington DC","surveillanceType":"camera","operator":"","description":"dome"},"geometry":{"type":"Point","coordinates":[-77.02439,38.8911006]}},{"type":"Feature","properties":{"id":"osm-804642620","region":"Washington DC","surveillanceType":"camera","operator":"","description":"dome"},"geometry":{"type":"Point","coordinates":[-77.0244,38.8916141]}},{"type":"Feature","properties":{"id":"osm-804642661","region":"Washington DC","surveillanceType":"camera","operator":"","description":"dome"},"geometry":{"type":"Point","coordinates":[-77.0187475,38.8909127]}},{"type":"Feature","properties":{"id":"osm-804642857","region":"Washington DC","surveillanceType":"camera","operator":"","description":"dome"},"geometry":{"type":"Point","coordinates":[-77.0249776,38.8908228]}},{"type":"Feature","properties":{"id":"osm-804642869","region":"Washington DC","surveillanceType":"camera","operator":"","description":"dome"},"geometry":{"type":"Point","coordinates":[-77.0086003,38.8908054]}},{"type":"Feature","properties":{"id":"osm-804642938","region":"Washington DC","surveillanceType":"camera","operator":"","description":"dome"},"geometry":{"type":"Point","coordinates":[-77.0085636,38.8889127]}},{"type":"Feature","properties":{"id":"osm-1668206317","region":"Washington DC","surveillanceType":"camera","operator":"","description":"fixed"},"geometry":{"type":"Point","coordinates":[-77.0310359,38.9018184]}},{"type":"Feature","properties":{"id":"osm-1690324728","region":"Washington DC","surveillanceType":"camera","operator":"","description":"dome"},"geometry":{"type":"Point","coordinates":[-77.0835878,38.8897093]}},{"type":"Feature","properties":{"id":"osm-1690324736","region":"Washington DC","surveillanceType":"camera","operator":"","description":"dome"},"geometry":{"type":"Point","coordinates":[-77.0836214,38.8900212]}},{"type":"Feature","properties":{"id":"osm-2015945852","region":"Washington DC","surveillanceType":"camera","operator":"","description":"fixed"},"geometry":{"type":"Point","coordinates":[-76.9972461,38.8021634]}},{"type":"Feature","properties":{"id":"osm-2362289843","region":"Washington DC","surveillanceType":"camera","operator":"","description":""},"geometry":{"type":"Point","coordinates":[-76.9294577,38.8457309]}},{"type":"Feature","properties":{"id":"osm-2553946710","region":"Washington DC","surveillanceType":"camera","operator":"","description":"fixed"},"geometry":{"type":"Point","coordinates":[-77.0223122,38.8877471]}},{"type":"Feature","properties":{"id":"osm-2553946714","region":"Washington DC","surveillanceType":"camera","operator":"","description":"fixed"},"geometry":{"type":"Point","coordinates":[-77.0235762,38.8886344]}},{"type":"Feature","properties":{"id":"osm-4270169910","region":"Washington DC","surveillanceType":"camera","operator":"","description":"dome"},"geometry":{"type":"Point","coordinates":[-77.0163745,38.8884904]}},{"type":"Feature","properties":{"id":"osm-4270729577","region":"Washington DC","surveillanceType":"camera","operator":"","description":""},"geometry":{"type":"Point","coordinates":[-77.0230687,38.9135429]}},{"type":"Feature","properties":{"id":"osm-4299280572","region":"Washington DC","surveillanceType":"camera","operator":"","description":""},"geometry":{"type":"Point","coordinates":[-77.0228134,38.9280574]}},{"type":"Feature","properties":{"id":"osm-4299280573","region":"Washington DC","surveillanceType":"camera","operator":"","description":""},"geometry":{"type":"Point","coordinates":[-77.0228273,38.928045]}},{"type":"Feature","properties":{"id":"osm-4299280574","region":"Washington DC","surveillanceType":"camera","operator":"","description":""},"geometry":{"type":"Point","coordinates":[-77.0228059,38.9279601]}},{"type":"Feature","properties":{"id":"osm-4299280575","region":"Washington DC","surveillanceType":"camera","operator":"","description":""},"geometry":{"type":"Point","coordinates":[-77.0229091,38.9278009]}},{"type":"Feature","properties":{"id":"osm-4299280577","region":"Washington DC","surveillanceType":"camera","operator":"","description":""},"geometry":{"type":"Point","coordinates":[-77.0227908,38.9273943]}},{"type":"Feature","properties":{"id":"osm-4299280578","region":"Washington DC","surveillanceType":"camera","operator":"","description":""},"geometry":{"type":"Point","coordinates":[-77.0227296,38.9273995]}},{"type":"Feature","properties":{"id":"osm-4299280579","region":"Washington DC","surveillanceType":"camera","operator":"","description":""},"geometry":{"type":"Point","coordinates":[-77.0226645,38.9274051]}},{"type":"Feature","properties":{"id":"osm-4299280581","region":"Washington DC","surveillanceType":"camera","operator":"","description":""},"geometry":{"type":"Point","coordinates":[-77.0226766,38.9272327]}},{"type":"Feature","properties":{"id":"osm-4299280583","region":"Washington DC","surveillanceType":"camera","operator":"","description":""},"geometry":{"type":"Point","coordinates":[-77.0231252,38.9269841]}},{"type":"Feature","properties":{"id":"osm-4299295843","region":"Washington DC","surveillanceType":"camera","operator":"","description":""},"geometry":{"type":"Point","coordinates":[-77.0230424,38.9265115]}},{"type":"Feature","properties":{"id":"osm-4299295850","region":"Washington DC","surveillanceType":"camera","operator":"","description":""},"geometry":{"type":"Point","coordinates":[-77.023059,38.9259095]}},{"type":"Feature","properties":{"id":"osm-4299295851","region":"Washington DC","surveillanceType":"camera","operator":"","description":""},"geometry":{"type":"Point","coordinates":[-77.0230213,38.9258205]}},{"type":"Feature","properties":{"id":"osm-4299295852","region":"Washington DC","surveillanceType":"camera","operator":"","description":""},"geometry":{"type":"Point","coordinates":[-77.0230591,38.925809]}},{"type":"Feature","properties":{"id":"osm-4299301588","region":"Washington DC","surveillanceType":"camera","operator":"","description":""},"geometry":{"type":"Point","coordinates":[-77.0225455,38.925385]}},{"type":"Feature","properties":{"id":"osm-4299301789","region":"Washington DC","surveillanceType":"camera","operator":"","description":""},"geometry":{"type":"Point","coordinates":[-77.0225248,38.9252479]}},{"type":"Feature","properties":{"id":"osm-4350322335","region":"Washington DC","surveillanceType":"camera","operator":"","description":""},"geometry":{"type":"Point","coordinates":[-77.0321061,38.9173621]}},{"type":"Feature","properties":{"id":"osm-4412363348","region":"Washington DC","surveillanceType":"camera","operator":"","description":"dome"},"geometry":{"type":"Point","coordinates":[-77.0499573,38.8890125]}},{"type":"Feature","properties":{"id":"osm-4412363349","region":"Washington DC","surveillanceType":"camera","operator":"","description":"dome"},"geometry":{"type":"Point","coordinates":[-77.0503866,38.8890127]}},{"type":"Feature","properties":{"id":"osm-4412366891","region":"Washington DC","surveillanceType":"camera","operator":"","description":"dome"},"geometry":{"type":"Point","coordinates":[-77.049957,38.8895315]}},{"type":"Feature","properties":{"id":"osm-4415512444","region":"Washington DC","surveillanceType":"camera","operator":"","description":""},"geometry":{"type":"Point","coordinates":[-77.1005187,38.8849053]}},{"type":"Feature","properties":{"id":"osm-4415512445","region":"Washington DC","surveillanceType":"camera","operator":"","description":""},"geometry":{"type":"Point","coordinates":[-77.1021849,38.8847514]}},{"type":"Feature","properties":{"id":"osm-4734332211","region":"Washington DC","surveillanceType":"camera","operator":"","description":"dome"},"geometry":{"type":"Point","coordinates":[-77.0317783,38.900122]}},{"type":"Feature","properties":{"id":"osm-4734332212","region":"Washington DC","surveillanceType":"camera","operator":"","description":"fixed"},"geometry":{"type":"Point","coordinates":[-77.0325172,38.9000905]}},{"type":"Feature","properties":{"id":"osm-4734332964","region":"Washington DC","surveillanceType":"camera","operator":"","description":"fixed"},"geometry":{"type":"Point","coordinates":[-77.0322136,38.8952292]}},{"type":"Feature","properties":{"id":"osm-4734332965","region":"Washington DC","surveillanceType":"camera","operator":"","description":"dome"},"geometry":{"type":"Point","coordinates":[-77.0317353,38.8953127]}},{"type":"Feature","properties":{"id":"osm-4734332966","region":"Washington DC","surveillanceType":"camera","operator":"","description":"dome"},"geometry":{"type":"Point","coordinates":[-77.0317161,38.8953127]}},{"type":"Feature","properties":{"id":"osm-4734348827","region":"Washington DC","surveillanceType":"camera","operator":"","description":"fixed"},"geometry":{"type":"Point","coordinates":[-77.0317617,38.9011172]}},{"type":"Feature","properties":{"id":"osm-4734348828","region":"Washington DC","surveillanceType":"camera","operator":"","description":"dome"},"geometry":{"type":"Point","coordinates":[-77.0320872,38.9014866]}},{"type":"Feature","properties":{"id":"osm-4734363426","region":"Washington DC","surveillanceType":"camera","operator":"","description":"fixed"},"geometry":{"type":"Point","coordinates":[-77.0317712,38.9021332]}},{"type":"Feature","properties":{"id":"osm-4734363427","region":"Washington DC","surveillanceType":"camera","operator":"","description":"fixed"},"geometry":{"type":"Point","coordinates":[-77.0317629,38.9021382]}},{"type":"Feature","properties":{"id":"osm-4734363429","region":"Washington DC","surveillanceType":"camera","operator":"","description":"fixed"},"geometry":{"type":"Point","coordinates":[-77.0317945,38.9027464]}},{"type":"Feature","properties":{"id":"osm-4734363430","region":"Washington DC","surveillanceType":"camera","operator":"","description":"fixed"},"geometry":{"type":"Point","coordinates":[-77.0321488,38.9023102]}},{"type":"Feature","properties":{"id":"osm-4734363431","region":"Washington DC","surveillanceType":"camera","operator":"","description":"fixed"},"geometry":{"type":"Point","coordinates":[-77.0321682,38.9023242]}},{"type":"Feature","properties":{"id":"osm-4734366922","region":"Washington DC","surveillanceType":"camera","operator":"","description":"dome"},"geometry":{"type":"Point","coordinates":[-77.0319991,38.9051485]}},{"type":"Feature","properties":{"id":"osm-4734370933","region":"Washington DC","surveillanceType":"camera","operator":"","description":"fixed"},"geometry":{"type":"Point","coordinates":[-77.031556,38.907348]}},{"type":"Feature","properties":{"id":"osm-4734370934","region":"Washington DC","surveillanceType":"camera","operator":"","description":"fixed"},"geometry":{"type":"Point","coordinates":[-77.0316826,38.9073482]}},{"type":"Feature","properties":{"id":"osm-4734372965","region":"Washington DC","surveillanceType":"camera","operator":"","description":"fixed"},"geometry":{"type":"Point","coordinates":[-77.032145,38.9081575]}},{"type":"Feature","properties":{"id":"osm-4734386088","region":"Washington DC","surveillanceType":"camera","operator":"","description":"dome"},"geometry":{"type":"Point","coordinates":[-77.0321573,38.9171068]}},{"type":"Feature","properties":{"id":"osm-4734386089","region":"Washington DC","surveillanceType":"camera","operator":"","description":"dome"},"geometry":{"type":"Point","coordinates":[-77.0321716,38.917112]}},{"type":"Feature","properties":{"id":"osm-4734386090","region":"Washington DC","surveillanceType":"camera","operator":"","description":"fixed"},"geometry":{"type":"Point","coordinates":[-77.0317886,38.9174182]}},{"type":"Feature","properties":{"id":"osm-4734398424","region":"Washington DC","surveillanceType":"camera","operator":"","description":"fixed"},"geometry":{"type":"Point","coordinates":[-77.0321451,38.9114216]}},{"type":"Feature","properties":{"id":"osm-4734398425","region":"Washington DC","surveillanceType":"camera","operator":"","description":"fixed"},"geometry":{"type":"Point","coordinates":[-77.0321451,38.9114404]}},{"type":"Feature","properties":{"id":"osm-4734407834","region":"Washington DC","surveillanceType":"camera","operator":"","description":"dome"},"geometry":{"type":"Point","coordinates":[-77.0294032,38.8962665]}},{"type":"Feature","properties":{"id":"osm-4734407835","region":"Washington DC","surveillanceType":"camera","operator":"","description":"fixed"},"geometry":{"type":"Point","coordinates":[-77.0294045,38.8960191]}},{"type":"Feature","properties":{"id":"osm-4736059583","region":"Washington DC","surveillanceType":"camera","operator":"","description":"dome"},"geometry":{"type":"Point","coordinates":[-77.0190206,38.9086261]}},{"type":"Feature","properties":{"id":"osm-4736070039","region":"Washington DC","surveillanceType":"camera","operator":"","description":"fixed"},"geometry":{"type":"Point","coordinates":[-77.0190278,38.9086313]}},{"type":"Feature","properties":{"id":"osm-4736078600","region":"Washington DC","surveillanceType":"camera","operator":"","description":"dome"},"geometry":{"type":"Point","coordinates":[-77.0190171,38.9071745]}},{"type":"Feature","properties":{"id":"osm-4736082921","region":"Washington DC","surveillanceType":"camera","operator":"","description":"dome"},"geometry":{"type":"Point","coordinates":[-77.0190854,38.9058783]}},{"type":"Feature","properties":{"id":"osm-4736087292","region":"Washington DC","surveillanceType":"camera","operator":"","description":"fixed"},"geometry":{"type":"Point","coordinates":[-77.0188302,38.9026399]}},{"type":"Feature","properties":{"id":"osm-4736087293","region":"Washington DC","surveillanceType":"camera","operator":"","description":"dome"},"geometry":{"type":"Point","coordinates":[-77.018836,38.9026425]}},{"type":"Feature","properties":{"id":"osm-4736090245","region":"Washington DC","surveillanceType":"camera","operator":"","description":"fixed"},"geometry":{"type":"Point","coordinates":[-77.019753,38.9016996]}},{"type":"Feature","properties":{"id":"osm-4736096893","region":"Washington DC","surveillanceType":"camera","operator":"","description":"dome"},"geometry":{"type":"Point","coordinates":[-77.020031,38.9009596]}},{"type":"Feature","properties":{"id":"osm-4736098379","region":"Washington DC","surveillanceType":"camera","operator":"","description":"dome"},"geometry":{"type":"Point","coordinates":[-77.0200552,38.8999086]}},{"type":"Feature","properties":{"id":"osm-4736105814","region":"Washington DC","surveillanceType":"camera","operator":"","description":"fixed"},"geometry":{"type":"Point","coordinates":[-77.0194754,38.8999316]}},{"type":"Feature","properties":{"id":"osm-4736105815","region":"Washington DC","surveillanceType":"camera","operator":"","description":"fixed"},"geometry":{"type":"Point","coordinates":[-77.0194399,38.8999317]}},{"type":"Feature","properties":{"id":"osm-4736105816","region":"Washington DC","surveillanceType":"camera","operator":"","description":"fixed"},"geometry":{"type":"Point","coordinates":[-77.0194325,38.8999353]}},{"type":"Feature","properties":{"id":"osm-4736113864","region":"Washington DC","surveillanceType":"camera","operator":"","description":"fixed"},"geometry":{"type":"Point","coordinates":[-77.0164449,38.9028066]}},{"type":"Feature","properties":{"id":"osm-4736113865","region":"Washington DC","surveillanceType":"camera","operator":"","description":"fixed"},"geometry":{"type":"Point","coordinates":[-77.0164589,38.9027905]}},{"type":"Feature","properties":{"id":"osm-4736116263","region":"Washington DC","surveillanceType":"camera","operator":"","description":"fixed"},"geometry":{"type":"Point","coordinates":[-77.0176562,38.9027308]}},{"type":"Feature","properties":{"id":"osm-4736116264","region":"Washington DC","surveillanceType":"camera","operator":"","description":"fixed"},"geometry":{"type":"Point","coordinates":[-77.0176643,38.9027244]}},{"type":"Feature","properties":{"id":"osm-4736116893","region":"Washington DC","surveillanceType":"camera","operator":"","description":"fixed"},"geometry":{"type":"Point","coordinates":[-77.0173093,38.9027635]}},{"type":"Feature","properties":{"id":"osm-4838342332","region":"Washington DC","surveillanceType":"camera","operator":"","description":"dome"},"geometry":{"type":"Point","coordinates":[-77.0476482,38.8907106]}},{"type":"Feature","properties":{"id":"osm-4838375354","region":"Washington DC","surveillanceType":"camera","operator":"","description":"fixed"},"geometry":{"type":"Point","coordinates":[-77.0475994,38.890774]}},{"type":"Feature","properties":{"id":"osm-4838375355","region":"Washington DC","surveillanceType":"camera","operator":"","description":"fixed"},"geometry":{"type":"Point","coordinates":[-77.0477166,38.8907183]}},{"type":"Feature","properties":{"id":"osm-4838375356","region":"Washington DC","surveillanceType":"camera","operator":"","description":"dome"},"geometry":{"type":"Point","coordinates":[-77.0415084,38.882723]}},{"type":"Feature","properties":{"id":"osm-4838375357","region":"Washington DC","surveillanceType":"camera","operator":"","description":"dome"},"geometry":{"type":"Point","coordinates":[-77.0419958,38.8829753]}},{"type":"Feature","properties":{"id":"osm-4838375358","region":"Washington DC","surveillanceType":"camera","operator":"","description":"dome"},"geometry":{"type":"Point","coordinates":[-77.0423127,38.8831304]}},{"type":"Feature","properties":{"id":"osm-4838375359","region":"Washington DC","surveillanceType":"camera","operator":"","description":"dome"},"geometry":{"type":"Point","coordinates":[-77.0445333,38.8840087]}},{"type":"Feature","properties":{"id":"osm-4838375360","region":"Washington DC","surveillanceType":"camera","operator":"","description":"dome"},"geometry":{"type":"Point","coordinates":[-77.0438851,38.8838929]}},{"type":"Feature","properties":{"id":"osm-4838375361","region":"Washington DC","surveillanceType":"camera","operator":"","description":"dome"},"geometry":{"type":"Point","coordinates":[-77.0441756,38.8836817]}},{"type":"Feature","properties":{"id":"osm-4838375362","region":"Washington DC","surveillanceType":"camera","operator":"","description":"dome"},"geometry":{"type":"Point","coordinates":[-77.0432276,38.8832945]}},{"type":"Feature","properties":{"id":"osm-4838375363","region":"Washington DC","surveillanceType":"camera","operator":"","description":"dome"},"geometry":{"type":"Point","coordinates":[-77.0432348,38.8834982]}},{"type":"Feature","properties":{"id":"osm-4838375364","region":"Washington DC","surveillanceType":"camera","operator":"","description":"dome"},"geometry":{"type":"Point","coordinates":[-77.0426131,38.8831992]}},{"type":"Feature","properties":{"id":"osm-4838389350","region":"Washington DC","surveillanceType":"camera","operator":"","description":"dome"},"geometry":{"type":"Point","coordinates":[-77.0440918,38.8863627]}},{"type":"Feature","properties":{"id":"osm-4838389351","region":"Washington DC","surveillanceType":"camera","operator":"","description":"panning"},"geometry":{"type":"Point","coordinates":[-77.044411,38.8860871]}},{"type":"Feature","properties":{"id":"osm-4838389352","region":"Washington DC","surveillanceType":"camera","operator":"","description":"dome"},"geometry":{"type":"Point","coordinates":[-77.0448348,38.8855088]}},{"type":"Feature","properties":{"id":"osm-4838389353","region":"Washington DC","surveillanceType":"camera","operator":"","description":"dome"},"geometry":{"type":"Point","coordinates":[-77.0450863,38.8862572]}},{"type":"Feature","properties":{"id":"osm-4838389354","region":"Washington DC","surveillanceType":"camera","operator":"","description":"fixed"},"geometry":{"type":"Point","coordinates":[-77.0450817,38.8863516]}},{"type":"Feature","properties":{"id":"osm-4838389355","region":"Washington DC","surveillanceType":"camera","operator":"","description":"fixed"},"geometry":{"type":"Point","coordinates":[-77.0450789,38.8864128]}},{"type":"Feature","properties":{"id":"osm-4838389356","region":"Washington DC","surveillanceType":"camera","operator":"","description":"dome"},"geometry":{"type":"Point","coordinates":[-77.0447248,38.8866675]}},{"type":"Feature","properties":{"id":"osm-4838389357","region":"Washington DC","surveillanceType":"camera","operator":"","description":""},"geometry":{"type":"Point","coordinates":[-77.0450601,38.8867468]}},{"type":"Feature","properties":{"id":"osm-4838389358","region":"Washington DC","surveillanceType":"camera","operator":"","description":"fixed"},"geometry":{"type":"Point","coordinates":[-77.0447723,38.8864518]}},{"type":"Feature","properties":{"id":"osm-4838389359","region":"Washington DC","surveillanceType":"camera","operator":"","description":"fixed"},"geometry":{"type":"Point","coordinates":[-77.0446953,38.8865026]}},{"type":"Feature","properties":{"id":"osm-4838393642","region":"Washington DC","surveillanceType":"camera","operator":"","description":"dome"},"geometry":{"type":"Point","coordinates":[-77.0474213,38.8879578]}},{"type":"Feature","properties":{"id":"osm-4838393643","region":"Washington DC","surveillanceType":"camera","operator":"","description":"fixed"},"geometry":{"type":"Point","coordinates":[-77.0473769,38.887968]}},{"type":"Feature","properties":{"id":"osm-4838393644","region":"Washington DC","surveillanceType":"camera","operator":"","description":"fixed"},"geometry":{"type":"Point","coordinates":[-77.0474043,38.8879619]}},{"type":"Feature","properties":{"id":"osm-4838405706","region":"Washington DC","surveillanceType":"camera","operator":"","description":"dome"},"geometry":{"type":"Point","coordinates":[-77.0503862,38.8895317]}},{"type":"Feature","properties":{"id":"osm-4838405707","region":"Washington DC","surveillanceType":"camera","operator":"","description":"dome"},"geometry":{"type":"Point","coordinates":[-77.0501976,38.8894188]}},{"type":"Feature","properties":{"id":"osm-4838405708","region":"Washington DC","surveillanceType":"camera","operator":"","description":"dome"},"geometry":{"type":"Point","coordinates":[-77.0501895,38.8892705]}},{"type":"Feature","properties":{"id":"osm-4838405709","region":"Washington DC","surveillanceType":"camera","operator":"","description":"dome"},"geometry":{"type":"Point","coordinates":[-77.0501927,38.8891336]}},{"type":"Feature","properties":{"id":"osm-4838405712","region":"Washington DC","surveillanceType":"camera","operator":"","description":"dome"},"geometry":{"type":"Point","coordinates":[-77.0488978,38.8884911]}},{"type":"Feature","properties":{"id":"osm-4838405713","region":"Washington DC","surveillanceType":"camera","operator":"","description":"dome"},"geometry":{"type":"Point","coordinates":[-77.0489863,38.8885019]}},{"type":"Feature","properties":{"id":"osm-4838405714","region":"Washington DC","surveillanceType":"camera","operator":"","description":"panning"},"geometry":{"type":"Point","coordinates":[-77.0489211,38.8884782]}},{"type":"Feature","properties":{"id":"osm-219826146","region":"New York City","surveillanceType":"camera","operator":"","description":""},"geometry":{"type":"Point","coordinates":[-73.9882129,40.7015415]}},{"type":"Feature","properties":{"id":"osm-247122111","region":"New York City","surveillanceType":"camera","operator":"","description":""},"geometry":{"type":"Point","coordinates":[-73.9899984,40.6890216]}},{"type":"Feature","properties":{"id":"osm-371245143","region":"New York City","surveillanceType":"camera","operator":"","description":"dome"},"geometry":{"type":"Point","coordinates":[-74.0468565,40.6900054]}},{"type":"Feature","properties":{"id":"osm-472683853","region":"New York City","surveillanceType":"camera","operator":"NYPD","description":""},"geometry":{"type":"Point","coordinates":[-73.9510419,40.6807965]}},{"type":"Feature","properties":{"id":"osm-569894577","region":"New York City","surveillanceType":"camera","operator":"","description":""},"geometry":{"type":"Point","coordinates":[-74.0126727,40.6428621]}},{"type":"Feature","properties":{"id":"osm-2287566530","region":"New York City","surveillanceType":"camera","operator":"","description":"dome"},"geometry":{"type":"Point","coordinates":[-74.0068874,40.7182696]}},{"type":"Feature","properties":{"id":"osm-2385856577","region":"New York City","surveillanceType":"camera","operator":"","description":"dome"},"geometry":{"type":"Point","coordinates":[-73.9804768,40.5732058]}},{"type":"Feature","properties":{"id":"osm-2385856680","region":"New York City","surveillanceType":"camera","operator":"","description":"fixed"},"geometry":{"type":"Point","coordinates":[-73.9803682,40.5732188]}},{"type":"Feature","properties":{"id":"osm-2552638556","region":"New York City","surveillanceType":"camera","operator":"","description":"dome"},"geometry":{"type":"Point","coordinates":[-73.9800463,40.5732524]}},{"type":"Feature","properties":{"id":"osm-2568800606","region":"New York City","surveillanceType":"camera","operator":"","description":"fixed"},"geometry":{"type":"Point","coordinates":[-73.9147711,40.7050673]}},{"type":"Feature","properties":{"id":"osm-2568802051","region":"New York City","surveillanceType":"camera","operator":"","description":""},"geometry":{"type":"Point","coordinates":[-73.9142644,40.7046438]}},{"type":"Feature","properties":{"id":"osm-2568802119","region":"New York City","surveillanceType":"camera","operator":"","description":"fixed"},"geometry":{"type":"Point","coordinates":[-73.9150194,40.7047736]}},{"type":"Feature","properties":{"id":"osm-2568802152","region":"New York City","surveillanceType":"camera","operator":"","description":"fixed"},"geometry":{"type":"Point","coordinates":[-73.9149632,40.704829]}},{"type":"Feature","properties":{"id":"osm-2568802214","region":"New York City","surveillanceType":"camera","operator":"","description":"fixed"},"geometry":{"type":"Point","coordinates":[-73.9148523,40.7049386]}},{"type":"Feature","properties":{"id":"osm-2568840609","region":"New York City","surveillanceType":"camera","operator":"","description":"fixed"},"geometry":{"type":"Point","coordinates":[-73.9122591,40.7077825]}},{"type":"Feature","properties":{"id":"osm-2568840654","region":"New York City","surveillanceType":"camera","operator":"","description":"fixed"},"geometry":{"type":"Point","coordinates":[-73.9121496,40.7078905]}},{"type":"Feature","properties":{"id":"osm-2568840678","region":"New York City","surveillanceType":"camera","operator":"","description":"panning"},"geometry":{"type":"Point","coordinates":[-73.9120943,40.707945]}},{"type":"Feature","properties":{"id":"osm-2568841130","region":"New York City","surveillanceType":"camera","operator":"","description":"fixed"},"geometry":{"type":"Point","coordinates":[-73.9140169,40.7083903]}},{"type":"Feature","properties":{"id":"osm-2568841434","region":"New York City","surveillanceType":"camera","operator":"","description":"fixed"},"geometry":{"type":"Point","coordinates":[-73.9135105,40.7085765]}},{"type":"Feature","properties":{"id":"osm-2568841445","region":"New York City","surveillanceType":"camera","operator":"","description":"panning"},"geometry":{"type":"Point","coordinates":[-73.9135085,40.7085903]}},{"type":"Feature","properties":{"id":"osm-2568841519","region":"New York City","surveillanceType":"camera","operator":"","description":"fixed"},"geometry":{"type":"Point","coordinates":[-73.9134668,40.7086239]}},{"type":"Feature","properties":{"id":"osm-2568848501","region":"New York City","surveillanceType":"camera","operator":"","description":"dome"},"geometry":{"type":"Point","coordinates":[-73.9119772,40.7077978]}},{"type":"Feature","properties":{"id":"osm-2568864761","region":"New York City","surveillanceType":"camera","operator":"","description":"fixed"},"geometry":{"type":"Point","coordinates":[-73.9113312,40.7083077]}},{"type":"Feature","properties":{"id":"osm-2711505138","region":"New York City","surveillanceType":"camera","operator":"","description":""},"geometry":{"type":"Point","coordinates":[-74.0046901,40.7478419]}},{"type":"Feature","properties":{"id":"osm-2724232963","region":"New York City","surveillanceType":"camera","operator":"","description":"dome"},"geometry":{"type":"Point","coordinates":[-73.9570666,40.7799638]}},{"type":"Feature","properties":{"id":"osm-2762408673","region":"New York City","surveillanceType":"camera","operator":"","description":""},"geometry":{"type":"Point","coordinates":[-73.9473449,40.7969732]}},{"type":"Feature","properties":{"id":"osm-2762408720","region":"New York City","surveillanceType":"camera","operator":"","description":""},"geometry":{"type":"Point","coordinates":[-73.9478876,40.7972009]}},{"type":"Feature","properties":{"id":"osm-2768318455","region":"New York City","surveillanceType":"camera","operator":"","description":"dome"},"geometry":{"type":"Point","coordinates":[-73.9484472,40.8238014]}},{"type":"Feature","properties":{"id":"osm-2768369096","region":"New York City","surveillanceType":"camera","operator":"","description":"dome"},"geometry":{"type":"Point","coordinates":[-73.9510469,40.8202367]}},{"type":"Feature","properties":{"id":"osm-2768439027","region":"New York City","surveillanceType":"camera","operator":"Columbia University","description":"dome"},"geometry":{"type":"Point","coordinates":[-73.9592862,40.809518]}},{"type":"Feature","properties":{"id":"osm-2768439070","region":"New York City","surveillanceType":"camera","operator":"Columbia University","description":"dome"},"geometry":{"type":"Point","coordinates":[-73.9578801,40.809751]}},{"type":"Feature","properties":{"id":"osm-2768439190","region":"New York City","surveillanceType":"camera","operator":"","description":""},"geometry":{"type":"Point","coordinates":[-73.9589357,40.8100019]}},{"type":"Feature","properties":{"id":"osm-2768450472","region":"New York City","surveillanceType":"camera","operator":"","description":"dome"},"geometry":{"type":"Point","coordinates":[-73.9586744,40.8089429]}},{"type":"Feature","properties":{"id":"osm-2768450475","region":"New York City","surveillanceType":"camera","operator":"","description":"dome"},"geometry":{"type":"Point","coordinates":[-73.9587096,40.8089572]}},{"type":"Feature","properties":{"id":"osm-2768450480","region":"New York City","surveillanceType":"camera","operator":"","description":"dome"},"geometry":{"type":"Point","coordinates":[-73.9588174,40.8090027]}},{"type":"Feature","properties":{"id":"osm-2768450489","region":"New York City","surveillanceType":"camera","operator":"","description":"dome"},"geometry":{"type":"Point","coordinates":[-73.9588765,40.8090276]}},{"type":"Feature","properties":{"id":"osm-2768450497","region":"New York City","surveillanceType":"camera","operator":"","description":"dome"},"geometry":{"type":"Point","coordinates":[-73.9589856,40.8090737]}},{"type":"Feature","properties":{"id":"osm-2768450508","region":"New York City","surveillanceType":"camera","operator":"","description":"dome"},"geometry":{"type":"Point","coordinates":[-73.9590413,40.8090972]}},{"type":"Feature","properties":{"id":"osm-2796609336","region":"New York City","surveillanceType":"camera","operator":"Columbia University","description":"dome"},"geometry":{"type":"Point","coordinates":[-73.9613039,40.8067612]}},{"type":"Feature","properties":{"id":"osm-2823341427","region":"New York City","surveillanceType":"camera","operator":"","description":"dome"},"geometry":{"type":"Point","coordinates":[-74.011041,40.7134539]}},{"type":"Feature","properties":{"id":"osm-2823341429","region":"New York City","surveillanceType":"camera","operator":"","description":"dome"},"geometry":{"type":"Point","coordinates":[-74.0114048,40.7136169]}},{"type":"Feature","properties":{"id":"osm-2823341524","region":"New York City","surveillanceType":"camera","operator":"","description":"fixed"},"geometry":{"type":"Point","coordinates":[-74.0107725,40.7152605]}},{"type":"Feature","properties":{"id":"osm-2824829021","region":"New York City","surveillanceType":"camera","operator":"","description":"dome"},"geometry":{"type":"Point","coordinates":[-74.0089068,40.7038859]}},{"type":"Feature","properties":{"id":"osm-2846342045","region":"New York City","surveillanceType":"camera","operator":"","description":""},"geometry":{"type":"Point","coordinates":[-73.8856745,40.7443614]}},{"type":"Feature","properties":{"id":"osm-2846342399","region":"New York City","surveillanceType":"camera","operator":"","description":""},"geometry":{"type":"Point","coordinates":[-73.8868915,40.7448787]}},{"type":"Feature","properties":{"id":"osm-4318184496","region":"New York City","surveillanceType":"camera","operator":"City of New York","description":""},"geometry":{"type":"Point","coordinates":[-73.99362,40.752151]}},{"type":"Feature","properties":{"id":"osm-4318191895","region":"New York City","surveillanceType":"camera","operator":"City of New York","description":""},"geometry":{"type":"Point","coordinates":[-73.990766,40.750597]}},{"type":"Feature","properties":{"id":"osm-4318191900","region":"New York City","surveillanceType":"camera","operator":"","description":""},"geometry":{"type":"Point","coordinates":[-73.993707,40.752137]}},{"type":"Feature","properties":{"id":"osm-4318191996","region":"New York City","surveillanceType":"camera","operator":"City of New York","description":""},"geometry":{"type":"Point","coordinates":[-73.993517,40.752281]}},{"type":"Feature","properties":{"id":"osm-4318204490","region":"New York City","surveillanceType":"camera","operator":"","description":""},"geometry":{"type":"Point","coordinates":[-73.993726,40.752143]}},{"type":"Feature","properties":{"id":"osm-4318205090","region":"New York City","surveillanceType":"camera","operator":"City of New York","description":""},"geometry":{"type":"Point","coordinates":[-73.990774,40.750612]}},{"type":"Feature","properties":{"id":"osm-4318205097","region":"New York City","surveillanceType":"camera","operator":"City of New York","description":""},"geometry":{"type":"Point","coordinates":[-73.9933235,40.7522214]}},{"type":"Feature","properties":{"id":"osm-4318205100","region":"New York City","surveillanceType":"camera","operator":"","description":""},"geometry":{"type":"Point","coordinates":[-73.994115,40.752315]}},{"type":"Feature","properties":{"id":"osm-4318214989","region":"New York City","surveillanceType":"camera","operator":"City of New York","description":""},"geometry":{"type":"Point","coordinates":[-73.990746,40.750967]}},{"type":"Feature","properties":{"id":"osm-4318214994","region":"New York City","surveillanceType":"camera","operator":"","description":""},"geometry":{"type":"Point","coordinates":[-73.994096,40.752307]}},{"type":"Feature","properties":{"id":"osm-4318224590","region":"New York City","surveillanceType":"camera","operator":"","description":""},"geometry":{"type":"Point","coordinates":[-73.994045,40.751663]}},{"type":"Feature","properties":{"id":"osm-4318224591","region":"New York City","surveillanceType":"camera","operator":"","description":""},"geometry":{"type":"Point","coordinates":[-73.9935975,40.7511664]}},{"type":"Feature","properties":{"id":"osm-4318284801","region":"New York City","surveillanceType":"camera","operator":"","description":""},"geometry":{"type":"Point","coordinates":[-73.99391,40.751873]}},{"type":"Feature","properties":{"id":"osm-4318291007","region":"New York City","surveillanceType":"camera","operator":"","description":""},"geometry":{"type":"Point","coordinates":[-73.9931088,40.7507615]}},{"type":"Feature","properties":{"id":"osm-4318291393","region":"New York City","surveillanceType":"camera","operator":"","description":""},"geometry":{"type":"Point","coordinates":[-73.992936,40.751633]}},{"type":"Feature","properties":{"id":"osm-4318291394","region":"New York City","surveillanceType":"camera","operator":"","description":""},"geometry":{"type":"Point","coordinates":[-73.992679,40.750781]}},{"type":"Feature","properties":{"id":"osm-4318291395","region":"New York City","surveillanceType":"camera","operator":"","description":""},"geometry":{"type":"Point","coordinates":[-73.992621,40.750622]}},{"type":"Feature","properties":{"id":"osm-4318291915","region":"New York City","surveillanceType":"camera","operator":"","description":""},"geometry":{"type":"Point","coordinates":[-73.993078,40.75143]}},{"type":"Feature","properties":{"id":"osm-4318292099","region":"New York City","surveillanceType":"camera","operator":"","description":""},"geometry":{"type":"Point","coordinates":[-73.993057,40.751424]}},{"type":"Feature","properties":{"id":"osm-4318299292","region":"New York City","surveillanceType":"camera","operator":"","description":""},"geometry":{"type":"Point","coordinates":[-73.994436,40.751831]}},{"type":"Feature","properties":{"id":"osm-4318299293","region":"New York City","surveillanceType":"camera","operator":"","description":""},"geometry":{"type":"Point","coordinates":[-73.993075,40.751446]}},{"type":"Feature","properties":{"id":"osm-4318299294","region":"New York City","surveillanceType":"camera","operator":"","description":""},"geometry":{"type":"Point","coordinates":[-73.992941,40.751633]}},{"type":"Feature","properties":{"id":"osm-4318299392","region":"New York City","surveillanceType":"camera","operator":"","description":""},"geometry":{"type":"Point","coordinates":[-73.994063,40.75167]}},{"type":"Feature","properties":{"id":"osm-4318336589","region":"New York City","surveillanceType":"camera","operator":"","description":""},"geometry":{"type":"Point","coordinates":[-73.994454,40.751833]}},{"type":"Feature","properties":{"id":"osm-4318336591","region":"New York City","surveillanceType":"camera","operator":"","description":""},"geometry":{"type":"Point","coordinates":[-73.992591,40.750517]}},{"type":"Feature","properties":{"id":"osm-4318336989","region":"New York City","surveillanceType":"camera","operator":"","description":""},"geometry":{"type":"Point","coordinates":[-73.993859,40.751936]}},{"type":"Feature","properties":{"id":"osm-4318344089","region":"New York City","surveillanceType":"camera","operator":"","description":""},"geometry":{"type":"Point","coordinates":[-73.99307,40.751444]}},{"type":"Feature","properties":{"id":"osm-4318348089","region":"New York City","surveillanceType":"camera","operator":"","description":""},"geometry":{"type":"Point","coordinates":[-73.992939,40.751629]}},{"type":"Feature","properties":{"id":"osm-4318348590","region":"New York City","surveillanceType":"camera","operator":"","description":""},"geometry":{"type":"Point","coordinates":[-73.992923,40.751631]}},{"type":"Feature","properties":{"id":"osm-4318572591","region":"New York City","surveillanceType":"camera","operator":"Penn Station","description":""},"geometry":{"type":"Point","coordinates":[-73.991622,40.749832]}},{"type":"Feature","properties":{"id":"osm-4318595689","region":"New York City","surveillanceType":"camera","operator":"Penn Station","description":""},"geometry":{"type":"Point","coordinates":[-73.991639,40.749874]}},{"type":"Feature","properties":{"id":"osm-4318597390","region":"New York City","surveillanceType":"camera","operator":"Penn Station","description":""},"geometry":{"type":"Point","coordinates":[-73.99177,40.749675]}},{"type":"Feature","properties":{"id":"osm-4318600189","region":"New York City","surveillanceType":"camera","operator":"Penn Station","description":""},"geometry":{"type":"Point","coordinates":[-73.991736,40.749682]}},{"type":"Feature","properties":{"id":"osm-4318885790","region":"New York City","surveillanceType":"camera","operator":"","description":""},"geometry":{"type":"Point","coordinates":[-73.9904916,40.7501624]}},{"type":"Feature","properties":{"id":"osm-4318885791","region":"New York City","surveillanceType":"camera","operator":"Penn Station","description":""},"geometry":{"type":"Point","coordinates":[-73.994433,40.750537]}},{"type":"Feature","properties":{"id":"osm-4318895790","region":"New York City","surveillanceType":"camera","operator":"","description":""},"geometry":{"type":"Point","coordinates":[-73.990649,40.750221]}},{"type":"Feature","properties":{"id":"osm-4318910689","region":"New York City","surveillanceType":"camera","operator":"","description":""},"geometry":{"type":"Point","coordinates":[-73.989937,40.749928]}},{"type":"Feature","properties":{"id":"osm-4318911389","region":"New York City","surveillanceType":"camera","operator":"","description":""},"geometry":{"type":"Point","coordinates":[-73.9903365,40.7500966]}},{"type":"Feature","properties":{"id":"osm-4318911390","region":"New York City","surveillanceType":"camera","operator":"","description":""},"geometry":{"type":"Point","coordinates":[-73.992497,40.750357]}},{"type":"Feature","properties":{"id":"osm-4318911391","region":"New York City","surveillanceType":"camera","operator":"Penn Station","description":""},"geometry":{"type":"Point","coordinates":[-73.994355,40.750503]}},{"type":"Feature","properties":{"id":"osm-4318911889","region":"New York City","surveillanceType":"camera","operator":"","description":""},"geometry":{"type":"Point","coordinates":[-73.990506,40.750157]}},{"type":"Feature","properties":{"id":"osm-4318911989","region":"New York City","surveillanceType":"camera","operator":"","description":""},"geometry":{"type":"Point","coordinates":[-73.990572,40.750196]}},{"type":"Feature","properties":{"id":"osm-4318911990","region":"New York City","surveillanceType":"camera","operator":"Penn Station","description":""},"geometry":{"type":"Point","coordinates":[-73.994452,40.750546]}},{"type":"Feature","properties":{"id":"osm-4318912189","region":"New York City","surveillanceType":"camera","operator":"","description":""},"geometry":{"type":"Point","coordinates":[-73.990623,40.750218]}},{"type":"Feature","properties":{"id":"osm-4318912190","region":"New York City","surveillanceType":"camera","operator":"","description":""},"geometry":{"type":"Point","coordinates":[-73.992832,40.751286]}},{"type":"Feature","properties":{"id":"osm-4318913491","region":"New York City","surveillanceType":"camera","operator":"City of New York","description":""},"geometry":{"type":"Point","coordinates":[-73.994058,40.751289]}},{"type":"Feature","properties":{"id":"osm-4318913492","region":"New York City","surveillanceType":"camera","operator":"Penn Station","description":""},"geometry":{"type":"Point","coordinates":[-73.994436,40.750529]}},{"type":"Feature","properties":{"id":"osm-4318914089","region":"New York City","surveillanceType":"camera","operator":"","description":""},"geometry":{"type":"Point","coordinates":[-73.99281,40.751276]}},{"type":"Feature","properties":{"id":"osm-4318917489","region":"New York City","surveillanceType":"camera","operator":"Penn Station","description":""},"geometry":{"type":"Point","coordinates":[-73.994323,40.750346]}},{"type":"Feature","properties":{"id":"osm-4338256990","region":"New York City","surveillanceType":"camera","operator":"","description":""},"geometry":{"type":"Point","coordinates":[-73.990773,40.750503]}},{"type":"Feature","properties":{"id":"osm-4338270391","region":"New York City","surveillanceType":"camera","operator":"","description":""},"geometry":{"type":"Point","coordinates":[-73.99145,40.750879]}},{"type":"Feature","properties":{"id":"osm-4338270392","region":"New York City","surveillanceType":"camera","operator":"","description":""},"geometry":{"type":"Point","coordinates":[-73.991345,40.751013]}},{"type":"Feature","properties":{"id":"osm-4338270490","region":"New York City","surveillanceType":"camera","operator":"","description":""},"geometry":{"type":"Point","coordinates":[-73.991302,40.750507]}},{"type":"Feature","properties":{"id":"osm-4338270493","region":"New York City","surveillanceType":"camera","operator":"Penn Station","description":""},"geometry":{"type":"Point","coordinates":[-73.991694,40.749746]}},{"type":"Feature","properties":{"id":"osm-4338270494","region":"New York City","surveillanceType":"camera","operator":"Penn Station","description":""},"geometry":{"type":"Point","coordinates":[-73.991666,40.7503]}},{"type":"Feature","properties":{"id":"osm-4338297490","region":"New York City","surveillanceType":"camera","operator":"","description":""},"geometry":{"type":"Point","coordinates":[-73.991614,40.750641]}},{"type":"Feature","properties":{"id":"osm-4338297491","region":"New York City","surveillanceType":"camera","operator":"","description":""},"geometry":{"type":"Point","coordinates":[-73.991611,40.750635]}},{"type":"Feature","properties":{"id":"osm-4338297492","region":"New York City","surveillanceType":"camera","operator":"","description":""},"geometry":{"type":"Point","coordinates":[-73.991606,40.750639]}},{"type":"Feature","properties":{"id":"osm-4338318291","region":"New York City","surveillanceType":"camera","operator":"","description":""},"geometry":{"type":"Point","coordinates":[-73.991453,40.750869]}},{"type":"Feature","properties":{"id":"osm-4338318392","region":"New York City","surveillanceType":"camera","operator":"","description":""},"geometry":{"type":"Point","coordinates":[-73.99142,40.750922]}},{"type":"Feature","properties":{"id":"osm-4338318393","region":"New York City","surveillanceType":"camera","operator":"","description":""},"geometry":{"type":"Point","coordinates":[-73.991404,40.75094]}},{"type":"Feature","properties":{"id":"osm-4338318493","region":"New York City","surveillanceType":"camera","operator":"","description":""},"geometry":{"type":"Point","coordinates":[-73.991297,40.750513]}},{"type":"Feature","properties":{"id":"osm-4338318494","region":"New York City","surveillanceType":"camera","operator":"","description":""},"geometry":{"type":"Point","coordinates":[-73.99119,40.750511]}},{"type":"Feature","properties":{"id":"osm-4338318590","region":"New York City","surveillanceType":"camera","operator":"","description":""},"geometry":{"type":"Point","coordinates":[-73.991611,40.750648]}},{"type":"Feature","properties":{"id":"osm-4338318591","region":"New York City","surveillanceType":"camera","operator":"","description":""},"geometry":{"type":"Point","coordinates":[-73.991278,40.751103]}},{"type":"Feature","properties":{"id":"osm-4338326689","region":"New York City","surveillanceType":"camera","operator":"","description":""},"geometry":{"type":"Point","coordinates":[-73.991284,40.751109]}},{"type":"Feature","properties":{"id":"osm-4338326690","region":"New York City","surveillanceType":"camera","operator":"","description":""},"geometry":{"type":"Point","coordinates":[-73.991525,40.750767]}},{"type":"Feature","properties":{"id":"osm-4338326691","region":"New York City","surveillanceType":"camera","operator":"","description":""},"geometry":{"type":"Point","coordinates":[-73.991313,40.750505]}},{"type":"Feature","properties":{"id":"osm-4338326694","region":"New York City","surveillanceType":"camera","operator":"Penn Station","description":""},"geometry":{"type":"Point","coordinates":[-73.991781,40.74968]}},{"type":"Feature","properties":{"id":"osm-4338337689","region":"New York City","surveillanceType":"camera","operator":"","description":""},"geometry":{"type":"Point","coordinates":[-73.991445,40.750564]}},{"type":"Feature","properties":{"id":"osm-4338337690","region":"New York City","surveillanceType":"camera","operator":"","description":""},"geometry":{"type":"Point","coordinates":[-73.991286,40.750532]}},{"type":"Feature","properties":{"id":"osm-4338337691","region":"New York City","surveillanceType":"camera","operator":"","description":""},"geometry":{"type":"Point","coordinates":[-73.991174,40.750513]}},{"type":"Feature","properties":{"id":"osm-4338337701","region":"New York City","surveillanceType":"camera","operator":"Penn Station","description":""},"geometry":{"type":"Point","coordinates":[-73.99183,40.75008]}},{"type":"Feature","properties":{"id":"osm-4338337702","region":"New York City","surveillanceType":"camera","operator":"Penn Station","description":""},"geometry":{"type":"Point","coordinates":[-73.991762,40.750351]}},{"type":"Feature","properties":{"id":"osm-4338337704","region":"New York City","surveillanceType":"camera","operator":"Penn Station","description":""},"geometry":{"type":"Point","coordinates":[-73.991999,40.750448]}},{"type":"Feature","properties":{"id":"osm-4338351989","region":"New York City","surveillanceType":"camera","operator":"Penn Station","description":""},"geometry":{"type":"Point","coordinates":[-73.991848,40.749956]}},{"type":"Feature","properties":{"id":"osm-4338352189","region":"New York City","surveillanceType":"camera","operator":"Penn Station","description":""},"geometry":{"type":"Point","coordinates":[-73.991872,40.749944]}},{"type":"Feature","properties":{"id":"osm-4338352489","region":"New York City","surveillanceType":"camera","operator":"Penn Station","description":""},"geometry":{"type":"Point","coordinates":[-73.991886,40.749938]}},{"type":"Feature","properties":{"id":"osm-4338352490","region":"New York City","surveillanceType":"camera","operator":"Penn Station","description":""},"geometry":{"type":"Point","coordinates":[-73.991669,40.75029]}},{"type":"Feature","properties":{"id":"osm-4338355789","region":"New York City","surveillanceType":"camera","operator":"Penn Station","description":""},"geometry":{"type":"Point","coordinates":[-73.992142,40.7501909]}},{"type":"Feature","properties":{"id":"osm-4338356189","region":"New York City","surveillanceType":"camera","operator":"Penn Station","description":""},"geometry":{"type":"Point","coordinates":[-73.991671,40.75031]}},{"type":"Feature","properties":{"id":"osm-4338373989","region":"New York City","surveillanceType":"camera","operator":"Penn Station","description":""},"geometry":{"type":"Point","coordinates":[-73.99209,40.750491]}},{"type":"Feature","properties":{"id":"osm-4338378190","region":"New York City","surveillanceType":"camera","operator":"Penn Station","description":""},"geometry":{"type":"Point","coordinates":[-73.992007,40.749772]}},{"type":"Feature","properties":{"id":"osm-4539924600","region":"New York City","surveillanceType":"camera","operator":"","description":""},"geometry":{"type":"Point","coordinates":[-73.9968467,40.7314414]}},{"type":"Feature","properties":{"id":"osm-4539924601","region":"New York City","surveillanceType":"camera","operator":"","description":""},"geometry":{"type":"Point","coordinates":[-73.9969997,40.7315221]}},{"type":"Feature","properties":{"id":"osm-4539924602","region":"New York City","surveillanceType":"camera","operator":"","description":""},"geometry":{"type":"Point","coordinates":[-73.9970604,40.7311382]}},{"type":"Feature","properties":{"id":"osm-4539924603","region":"New York City","surveillanceType":"camera","operator":"","description":""},"geometry":{"type":"Point","coordinates":[-73.9973698,40.7311921]}},{"type":"Feature","properties":{"id":"osm-4539924604","region":"New York City","surveillanceType":"camera","operator":"","description":""},"geometry":{"type":"Point","coordinates":[-73.9981921,40.7302913]}},{"type":"Feature","properties":{"id":"osm-4539924607","region":"New York City","surveillanceType":"camera","operator":"","description":""},"geometry":{"type":"Point","coordinates":[-73.9961789,40.7301025]}},{"type":"Feature","properties":{"id":"osm-4539924608","region":"New York City","surveillanceType":"camera","operator":"","description":""},"geometry":{"type":"Point","coordinates":[-73.9955607,40.730815]}},{"type":"Feature","properties":{"id":"osm-4539924609","region":"New York City","surveillanceType":"camera","operator":"","description":""},"geometry":{"type":"Point","coordinates":[-73.9953251,40.7297846]}},{"type":"Feature","properties":{"id":"osm-4539924610","region":"New York City","surveillanceType":"camera","operator":"","description":""},"geometry":{"type":"Point","coordinates":[-73.9957983,40.7291969]}},{"type":"Feature","properties":{"id":"osm-4539924611","region":"New York City","surveillanceType":"camera","operator":"","description":""},"geometry":{"type":"Point","coordinates":[-73.994535,40.7294202]}},{"type":"Feature","properties":{"id":"osm-4539924612","region":"New York City","surveillanceType":"camera","operator":"","description":""},"geometry":{"type":"Point","coordinates":[-73.9945776,40.7294014]}},{"type":"Feature","properties":{"id":"osm-4539924613","region":"New York City","surveillanceType":"camera","operator":"","description":""},"geometry":{"type":"Point","coordinates":[-73.9978747,40.7293235]}},{"type":"Feature","properties":{"id":"osm-4539924614","region":"New York City","surveillanceType":"camera","operator":"","description":""},"geometry":{"type":"Point","coordinates":[-73.9986282,40.7321156]}},{"type":"Feature","properties":{"id":"osm-4539924616","region":"New York City","surveillanceType":"camera","operator":"","description":""},"geometry":{"type":"Point","coordinates":[-73.999217,40.7315832]}},{"type":"Feature","properties":{"id":"osm-4539924618","region":"New York City","surveillanceType":"camera","operator":"","description":""},"geometry":{"type":"Point","coordinates":[-73.9994924,40.7310548]}},{"type":"Feature","properties":{"id":"osm-4627818502","region":"New York City","surveillanceType":"camera","operator":"","description":"panning"},"geometry":{"type":"Point","coordinates":[-73.81149,40.7392384]}},{"type":"Feature","properties":{"id":"osm-4627818503","region":"New York City","surveillanceType":"camera","operator":"","description":"panning"},"geometry":{"type":"Point","coordinates":[-73.8114182,40.7391523]}},{"type":"Feature","properties":{"id":"osm-5213820831","region":"New York City","surveillanceType":"camera","operator":"","description":"dome"},"geometry":{"type":"Point","coordinates":[-73.9850046,40.7561801]}},{"type":"Feature","properties":{"id":"osm-5213820832","region":"New York City","surveillanceType":"camera","operator":"New York Police Department","description":""},"geometry":{"type":"Point","coordinates":[-73.98526,40.7561679]}},{"type":"Feature","properties":{"id":"osm-5213820833","region":"New York City","surveillanceType":"camera","operator":"","description":"dome"},"geometry":{"type":"Point","coordinates":[-73.9849627,40.7561646]}},{"type":"Feature","properties":{"id":"osm-5213820923","region":"New York City","surveillanceType":"camera","operator":"","description":""},"geometry":{"type":"Point","coordinates":[-73.9851616,40.7561272]}},{"type":"Feature","properties":{"id":"osm-5719276484","region":"New York City","surveillanceType":"camera","operator":"National Security Agency","description":""},"geometry":{"type":"Point","coordinates":[-73.9906426,40.7670462]}},{"type":"Feature","properties":{"id":"osm-122767507","region":"Los Angeles","surveillanceType":"ALPR","operator":"","description":"fixed"},"geometry":{"type":"Point","coordinates":[-118.4189398,34.2643927]}},{"type":"Feature","properties":{"id":"osm-268538625","region":"Los Angeles","surveillanceType":"ALPR","operator":"Los Angeles County Metropolitan Transportation Authority","description":"fixed"},"geometry":{"type":"Point","coordinates":[-118.2068635,34.0540917]}},{"type":"Feature","properties":{"id":"osm-1306591128","region":"Los Angeles","surveillanceType":"camera","operator":"","description":""},"geometry":{"type":"Point","coordinates":[-118.5544891,34.0389515]}},{"type":"Feature","properties":{"id":"osm-1393180232","region":"Los Angeles","surveillanceType":"camera","operator":"","description":""},"geometry":{"type":"Point","coordinates":[-118.3222171,34.1340293]}},{"type":"Feature","properties":{"id":"osm-2090496972","region":"Los Angeles","surveillanceType":"camera","operator":"lacma","description":"dome"},"geometry":{"type":"Point","coordinates":[-118.359288,34.062901]}},{"type":"Feature","properties":{"id":"osm-2090496973","region":"Los Angeles","surveillanceType":"camera","operator":"lacma","description":"dome"},"geometry":{"type":"Point","coordinates":[-118.35912,34.062886]}},{"type":"Feature","properties":{"id":"osm-2614093577","region":"Los Angeles","surveillanceType":"camera","operator":"","description":""},"geometry":{"type":"Point","coordinates":[-118.3564539,34.0743815]}},{"type":"Feature","properties":{"id":"osm-2614093834","region":"Los Angeles","surveillanceType":"camera","operator":"","description":""},"geometry":{"type":"Point","coordinates":[-118.3563995,34.0736067]}},{"type":"Feature","properties":{"id":"osm-2614096596","region":"Los Angeles","surveillanceType":"camera","operator":"The Grove","description":""},"geometry":{"type":"Point","coordinates":[-118.3564352,34.0717155]}},{"type":"Feature","properties":{"id":"osm-2614096597","region":"Los Angeles","surveillanceType":"camera","operator":"The Grove","description":""},"geometry":{"type":"Point","coordinates":[-118.3564518,34.0717141]}},{"type":"Feature","properties":{"id":"osm-2614096598","region":"Los Angeles","surveillanceType":"camera","operator":"The Grove","description":""},"geometry":{"type":"Point","coordinates":[-118.3564114,34.0716329]}},{"type":"Feature","properties":{"id":"osm-2614097892","region":"Los Angeles","surveillanceType":"camera","operator":"","description":""},"geometry":{"type":"Point","coordinates":[-118.3591739,34.0705263]}},{"type":"Feature","properties":{"id":"osm-2620236966","region":"Los Angeles","surveillanceType":"camera","operator":"Whole Foods","description":""},"geometry":{"type":"Point","coordinates":[-118.3609334,34.0705128]}},{"type":"Feature","properties":{"id":"osm-2620236967","region":"Los Angeles","surveillanceType":"camera","operator":"Whole Foods","description":""},"geometry":{"type":"Point","coordinates":[-118.3605138,34.0705216]}},{"type":"Feature","properties":{"id":"osm-2634755362","region":"Los Angeles","surveillanceType":"camera","operator":"Yogurt Land","description":""},"geometry":{"type":"Point","coordinates":[-118.3439279,34.0683905]}},{"type":"Feature","properties":{"id":"osm-2634755365","region":"Los Angeles","surveillanceType":"camera","operator":"Yogurt Land","description":""},"geometry":{"type":"Point","coordinates":[-118.3439429,34.0684665]}},{"type":"Feature","properties":{"id":"osm-2697835211","region":"Los Angeles","surveillanceType":"camera","operator":"","description":""},"geometry":{"type":"Point","coordinates":[-118.5180177,34.0276662]}},{"type":"Feature","properties":{"id":"osm-2713468628","region":"Los Angeles","surveillanceType":"camera","operator":"","description":""},"geometry":{"type":"Point","coordinates":[-118.3945773,33.9720333]}},{"type":"Feature","properties":{"id":"osm-2715023577","region":"Los Angeles","surveillanceType":"camera","operator":"","description":""},"geometry":{"type":"Point","coordinates":[-118.3092858,34.0767726]}},{"type":"Feature","properties":{"id":"osm-2715023602","region":"Los Angeles","surveillanceType":"camera","operator":"Shell","description":"dome"},"geometry":{"type":"Point","coordinates":[-118.3272217,34.0912319]}},{"type":"Feature","properties":{"id":"osm-2715023603","region":"Los Angeles","surveillanceType":"camera","operator":"","description":""},"geometry":{"type":"Point","coordinates":[-118.3271517,34.0912321]}},{"type":"Feature","properties":{"id":"osm-2715023604","region":"Los Angeles","surveillanceType":"camera","operator":"","description":""},"geometry":{"type":"Point","coordinates":[-118.326974,34.0912337]}},{"type":"Feature","properties":{"id":"osm-2715023605","region":"Los Angeles","surveillanceType":"camera","operator":"","description":""},"geometry":{"type":"Point","coordinates":[-118.3268132,34.0912348]}},{"type":"Feature","properties":{"id":"osm-3331172644","region":"Los Angeles","surveillanceType":"camera","operator":"","description":""},"geometry":{"type":"Point","coordinates":[-118.3942625,33.8643772]}},{"type":"Feature","properties":{"id":"osm-3645214407","region":"Los Angeles","surveillanceType":"ALPR","operator":"","description":""},"geometry":{"type":"Point","coordinates":[-118.3928577,33.9021673]}},{"type":"Feature","properties":{"id":"osm-4172303002","region":"Los Angeles","surveillanceType":"camera","operator":"Best Buy","description":"fixed"},"geometry":{"type":"Point","coordinates":[-118.349768,33.8062129]}},{"type":"Feature","properties":{"id":"osm-4172303003","region":"Los Angeles","surveillanceType":"camera","operator":"Tokyo Central","description":"fixed"},"geometry":{"type":"Point","coordinates":[-118.3490579,33.8062137]}},{"type":"Feature","properties":{"id":"osm-4235762852","region":"Los Angeles","surveillanceType":"outdoor","operator":"","description":""},"geometry":{"type":"Point","coordinates":[-118.3442169,34.1016853]}},{"type":"Feature","properties":{"id":"osm-4235767311","region":"Los Angeles","surveillanceType":"outdoor","operator":"","description":""},"geometry":{"type":"Point","coordinates":[-118.3446079,34.1017308]}},{"type":"Feature","properties":{"id":"osm-4272729490","region":"Los Angeles","surveillanceType":"camera","operator":"","description":"dome"},"geometry":{"type":"Point","coordinates":[-118.2612746,34.0397095]}},{"type":"Feature","properties":{"id":"osm-4610777701","region":"Los Angeles","surveillanceType":"camera","operator":"","description":""},"geometry":{"type":"Point","coordinates":[-118.3506032,33.8060811]}},{"type":"Feature","properties":{"id":"osm-4610777733","region":"Los Angeles","surveillanceType":"camera","operator":"","description":""},"geometry":{"type":"Point","coordinates":[-118.3504925,33.8059796]}},{"type":"Feature","properties":{"id":"osm-4610777734","region":"Los Angeles","surveillanceType":"camera","operator":"","description":""},"geometry":{"type":"Point","coordinates":[-118.3505172,33.8060691]}},{"type":"Feature","properties":{"id":"osm-4610777735","region":"Los Angeles","surveillanceType":"camera","operator":"","description":""},"geometry":{"type":"Point","coordinates":[-118.3507873,33.806036]}},{"type":"Feature","properties":{"id":"osm-4610778895","region":"Los Angeles","surveillanceType":"camera","operator":"","description":""},"geometry":{"type":"Point","coordinates":[-118.3505205,33.8059452]}},{"type":"Feature","properties":{"id":"osm-4610778896","region":"Los Angeles","surveillanceType":"camera","operator":"","description":""},"geometry":{"type":"Point","coordinates":[-118.3507647,33.8060826]}},{"type":"Feature","properties":{"id":"osm-4610778897","region":"Los Angeles","surveillanceType":"camera","operator":"","description":""},"geometry":{"type":"Point","coordinates":[-118.3507728,33.8059516]}},{"type":"Feature","properties":{"id":"osm-4619142033","region":"Los Angeles","surveillanceType":"camera","operator":"","description":""},"geometry":{"type":"Point","coordinates":[-118.3501486,33.8052637]}},{"type":"Feature","properties":{"id":"osm-4658299256","region":"Los Angeles","surveillanceType":"camera","operator":"","description":""},"geometry":{"type":"Point","coordinates":[-118.3495689,33.8041695]}},{"type":"Feature","properties":{"id":"osm-4673879931","region":"Los Angeles","surveillanceType":"camera","operator":"","description":""},"geometry":{"type":"Point","coordinates":[-118.3466238,33.8036896]}},{"type":"Feature","properties":{"id":"osm-4673879932","region":"Los Angeles","surveillanceType":"camera","operator":"","description":""},"geometry":{"type":"Point","coordinates":[-118.3506014,33.8038072]}},{"type":"Feature","properties":{"id":"osm-4673879933","region":"Los Angeles","surveillanceType":"camera","operator":"","description":""},"geometry":{"type":"Point","coordinates":[-118.3505608,33.8037087]}},{"type":"Feature","properties":{"id":"osm-4673879938","region":"Los Angeles","surveillanceType":"camera","operator":"","description":""},"geometry":{"type":"Point","coordinates":[-118.350561,33.8037661]}},{"type":"Feature","properties":{"id":"osm-4673881816","region":"Los Angeles","surveillanceType":"camera","operator":"","description":""},"geometry":{"type":"Point","coordinates":[-118.3454905,33.8029222]}},{"type":"Feature","properties":{"id":"osm-4673881817","region":"Los Angeles","surveillanceType":"camera","operator":"","description":""},"geometry":{"type":"Point","coordinates":[-118.3507457,33.8038147]}},{"type":"Feature","properties":{"id":"osm-4673881818","region":"Los Angeles","surveillanceType":"camera","operator":"","description":""},"geometry":{"type":"Point","coordinates":[-118.350592,33.8037629]}},{"type":"Feature","properties":{"id":"osm-4673881819","region":"Los Angeles","surveillanceType":"camera","operator":"","description":""},"geometry":{"type":"Point","coordinates":[-118.3505535,33.8024289]}},{"type":"Feature","properties":{"id":"osm-4673882641","region":"Los Angeles","surveillanceType":"camera","operator":"","description":""},"geometry":{"type":"Point","coordinates":[-118.3505502,33.803749]}},{"type":"Feature","properties":{"id":"osm-4696382316","region":"Los Angeles","surveillanceType":"camera","operator":"","description":""},"geometry":{"type":"Point","coordinates":[-118.3479839,33.8041989]}},{"type":"Feature","properties":{"id":"osm-4696382325","region":"Los Angeles","surveillanceType":"camera","operator":"","description":""},"geometry":{"type":"Point","coordinates":[-118.3479684,33.8039997]}},{"type":"Feature","properties":{"id":"osm-4696382326","region":"Los Angeles","surveillanceType":"camera","operator":"","description":""},"geometry":{"type":"Point","coordinates":[-118.3481097,33.8039665]}},{"type":"Feature","properties":{"id":"osm-4696382327","region":"Los Angeles","surveillanceType":"camera","operator":"","description":""},"geometry":{"type":"Point","coordinates":[-118.3482287,33.8040866]}},{"type":"Feature","properties":{"id":"osm-4696382328","region":"Los Angeles","surveillanceType":"camera","operator":"","description":""},"geometry":{"type":"Point","coordinates":[-118.3481708,33.8042004]}},{"type":"Feature","properties":{"id":"osm-4696382716","region":"Los Angeles","surveillanceType":"camera","operator":"","description":""},"geometry":{"type":"Point","coordinates":[-118.3537832,33.837664]}},{"type":"Feature","properties":{"id":"osm-4696382717","region":"Los Angeles","surveillanceType":"camera","operator":"","description":""},"geometry":{"type":"Point","coordinates":[-118.3479997,33.8039707]}},{"type":"Feature","properties":{"id":"osm-4696382718","region":"Los Angeles","surveillanceType":"camera","operator":"","description":""},"geometry":{"type":"Point","coordinates":[-118.3481372,33.8039851]}},{"type":"Feature","properties":{"id":"osm-4696382719","region":"Los Angeles","surveillanceType":"camera","operator":"","description":""},"geometry":{"type":"Point","coordinates":[-118.3482081,33.8041799]}},{"type":"Feature","properties":{"id":"osm-5247087348","region":"Los Angeles","surveillanceType":"camera","operator":"","description":"fixed"},"geometry":{"type":"Point","coordinates":[-118.3455061,34.1029157]}},{"type":"Feature","properties":{"id":"osm-6225906829","region":"Los Angeles","surveillanceType":"ALPR","operator":"","description":"fixed"},"geometry":{"type":"Point","coordinates":[-118.1904337,33.8057479]}},{"type":"Feature","properties":{"id":"osm-6402616478","region":"Los Angeles","surveillanceType":"camera","operator":"","description":"fixed"},"geometry":{"type":"Point","coordinates":[-118.345267,34.1020184]}},{"type":"Feature","properties":{"id":"osm-6402616481","region":"Los Angeles","surveillanceType":"camera","operator":"","description":"fixed"},"geometry":{"type":"Point","coordinates":[-118.3455498,34.10306]}},{"type":"Feature","properties":{"id":"osm-7353007270","region":"Los Angeles","surveillanceType":"camera","operator":"","description":"dome"},"geometry":{"type":"Point","coordinates":[-118.6139253,34.2654871]}},{"type":"Feature","properties":{"id":"osm-7353007271","region":"Los Angeles","surveillanceType":"camera","operator":"","description":"dome"},"geometry":{"type":"Point","coordinates":[-118.6138205,34.2654235]}},{"type":"Feature","properties":{"id":"osm-7393619153","region":"Los Angeles","surveillanceType":"ALPR","operator":"","description":"fixed"},"geometry":{"type":"Point","coordinates":[-118.2214224,34.204864]}},{"type":"Feature","properties":{"id":"osm-7428089366","region":"Los Angeles","surveillanceType":"ALPR","operator":"","description":"Flock Automatic License Plate Reader (ALPR) Camera"},"geometry":{"type":"Point","coordinates":[-118.1891386,34.1992543]}},{"type":"Feature","properties":{"id":"osm-7468004108","region":"Los Angeles","surveillanceType":"camera","operator":"","description":""},"geometry":{"type":"Point","coordinates":[-118.3153986,34.2742288]}},{"type":"Feature","properties":{"id":"osm-7490646510","region":"Los Angeles","surveillanceType":"camera","operator":"","description":"dome"},"geometry":{"type":"Point","coordinates":[-118.3234453,34.0734835]}},{"type":"Feature","properties":{"id":"osm-7744709741","region":"Los Angeles","surveillanceType":"camera","operator":"","description":"mounted on the top right corner of the \"D\""},"geometry":{"type":"Point","coordinates":[-118.3210756,34.1340827]}},{"type":"Feature","properties":{"id":"osm-7744709742","region":"Los Angeles","surveillanceType":"camera","operator":"","description":"mounted top right at the \"Y\";located bottom right of the \"Y\", used to keep people away if they approach the sign,"},"geometry":{"type":"Point","coordinates":[-118.321639,34.1340542]}},{"type":"Feature","properties":{"id":"osm-7744853487","region":"Los Angeles","surveillanceType":"camera","operator":"","description":"fixed"},"geometry":{"type":"Point","coordinates":[-118.3220399,34.1344031]}},{"type":"Feature","properties":{"id":"osm-7744853488","region":"Los Angeles","surveillanceType":"camera","operator":"","description":"dome"},"geometry":{"type":"Point","coordinates":[-118.3220383,34.134402]}},{"type":"Feature","properties":{"id":"osm-7744853489","region":"Los Angeles","surveillanceType":"camera","operator":"","description":"fixed"},"geometry":{"type":"Point","coordinates":[-118.3205931,34.1346169]}},{"type":"Feature","properties":{"id":"osm-7744853490","region":"Los Angeles","surveillanceType":"camera","operator":"","description":""},"geometry":{"type":"Point","coordinates":[-118.3208181,34.1344828]}},{"type":"Feature","properties":{"id":"osm-7744853491","region":"Los Angeles","surveillanceType":"camera","operator":"","description":"dome"},"geometry":{"type":"Point","coordinates":[-118.3212536,34.1345066]}},{"type":"Feature","properties":{"id":"osm-7744853492","region":"Los Angeles","surveillanceType":"camera","operator":"","description":"panning"},"geometry":{"type":"Point","coordinates":[-118.3214834,34.1345097]}},{"type":"Feature","properties":{"id":"osm-7744853493","region":"Los Angeles","surveillanceType":"camera","operator":"","description":"fixed"},"geometry":{"type":"Point","coordinates":[-118.3215133,34.1345118]}},{"type":"Feature","properties":{"id":"osm-7744853494","region":"Los Angeles","surveillanceType":"camera","operator":"","description":"fixed"},"geometry":{"type":"Point","coordinates":[-118.321495,34.1345176]}},{"type":"Feature","properties":{"id":"osm-7744853495","region":"Los Angeles","surveillanceType":"camera","operator":"","description":"dome"},"geometry":{"type":"Point","coordinates":[-118.3214772,34.1345359]}},{"type":"Feature","properties":{"id":"osm-8197962964","region":"Los Angeles","surveillanceType":"ALPR","operator":"","description":"Flock Automatic License Plate Reader (ALPR) Camera"},"geometry":{"type":"Point","coordinates":[-118.250886,34.2310872]}},{"type":"Feature","properties":{"id":"osm-8197962966","region":"Los Angeles","surveillanceType":"ALPR","operator":"","description":"Flock Automatic License Plate Reader (ALPR) Camera"},"geometry":{"type":"Point","coordinates":[-118.227658,34.2170992]}},{"type":"Feature","properties":{"id":"osm-8197962967","region":"Los Angeles","surveillanceType":"ALPR","operator":"","description":"Flock Automatic License Plate Reader (ALPR) Camera"},"geometry":{"type":"Point","coordinates":[-118.227997,34.2175207]}},{"type":"Feature","properties":{"id":"osm-8304784388","region":"Los Angeles","surveillanceType":"ALPR","operator":"Flock Safety","description":"Flock Automatic License Plate Reader (ALPR) Camera"},"geometry":{"type":"Point","coordinates":[-118.264974,34.2395508]}},{"type":"Feature","properties":{"id":"osm-8307509313","region":"Los Angeles","surveillanceType":"ALPR","operator":"","description":"Flock Automatic License Plate Reader (ALPR) Camera"},"geometry":{"type":"Point","coordinates":[-118.189284,34.2178558]}},{"type":"Feature","properties":{"id":"osm-8307509314","region":"Los Angeles","surveillanceType":"ALPR","operator":"","description":"Flock Automatic License Plate Reader (ALPR) Camera"},"geometry":{"type":"Point","coordinates":[-118.20042,34.2046687]}},{"type":"Feature","properties":{"id":"osm-8307509315","region":"Los Angeles","surveillanceType":"ALPR","operator":"","description":"Flock Automatic License Plate Reader (ALPR) Camera"},"geometry":{"type":"Point","coordinates":[-118.200346,34.2043816]}},{"type":"Feature","properties":{"id":"osm-8307611359","region":"Los Angeles","surveillanceType":"ALPR","operator":"","description":"Flock Automatic License Plate Reader (ALPR) Camera"},"geometry":{"type":"Point","coordinates":[-118.215636,34.2116765]}},{"type":"Feature","properties":{"id":"osm-8307611360","region":"Los Angeles","surveillanceType":"ALPR","operator":"","description":"Flock Automatic License Plate Reader (ALPR) Camera"},"geometry":{"type":"Point","coordinates":[-118.215203,34.211204]}},{"type":"Feature","properties":{"id":"osm-8307643736","region":"Los Angeles","surveillanceType":"ALPR","operator":"","description":"Flock Automatic License Plate Reader (ALPR) Camera"},"geometry":{"type":"Point","coordinates":[-118.195957,34.2026101]}},{"type":"Feature","properties":{"id":"osm-8307643737","region":"Los Angeles","surveillanceType":"ALPR","operator":"","description":"Flock Automatic License Plate Reader (ALPR) Camera"},"geometry":{"type":"Point","coordinates":[-118.195699,34.2022462]}},{"type":"Feature","properties":{"id":"osm-8307643738","region":"Los Angeles","surveillanceType":"ALPR","operator":"","description":"Flock Automatic License Plate Reader (ALPR) Camera"},"geometry":{"type":"Point","coordinates":[-118.189409,34.1996545]}},{"type":"Feature","properties":{"id":"osm-8307643740","region":"Los Angeles","surveillanceType":"ALPR","operator":"likely Pasadena Police Department","description":"Flock Automatic License Plate Reader (ALPR) Camera"},"geometry":{"type":"Point","coordinates":[-118.177946,34.1942793]}},{"type":"Feature","properties":{"id":"osm-8307654686","region":"Los Angeles","surveillanceType":"ALPR","operator":"","description":"Flock Automatic License Plate Reader (ALPR) Camera"},"geometry":{"type":"Point","coordinates":[-118.211703,34.2057346]}},{"type":"Feature","properties":{"id":"osm-8307654687","region":"Los Angeles","surveillanceType":"ALPR","operator":"","description":"Flock Automatic License Plate Reader (ALPR) Camera"},"geometry":{"type":"Point","coordinates":[-118.21141,34.2055913]}},{"type":"Feature","properties":{"id":"osm-8307654688","region":"Los Angeles","surveillanceType":"ALPR","operator":"","description":"Flock Automatic License Plate Reader (ALPR) Camera"},"geometry":{"type":"Point","coordinates":[-118.211517,34.2057627]}},{"type":"Feature","properties":{"id":"osm-8307654689","region":"Los Angeles","surveillanceType":"ALPR","operator":"","description":"Flock Automatic License Plate Reader (ALPR) Camera"},"geometry":{"type":"Point","coordinates":[-118.211694,34.2055422]}},{"type":"Feature","properties":{"id":"osm-8307654690","region":"Los Angeles","surveillanceType":"ALPR","operator":"","description":"Flock Automatic License Plate Reader (ALPR) Camera"},"geometry":{"type":"Point","coordinates":[-118.204735,34.2066596]}},{"type":"Feature","properties":{"id":"osm-8307654691","region":"Los Angeles","surveillanceType":"ALPR","operator":"","description":"Flock Automatic License Plate Reader (ALPR) Camera"},"geometry":{"type":"Point","coordinates":[-118.204459,34.2062732]}},{"type":"Feature","properties":{"id":"osm-8307659788","region":"Los Angeles","surveillanceType":"ALPR","operator":"","description":"Flock Automatic License Plate Reader (ALPR) Camera"},"geometry":{"type":"Point","coordinates":[-118.199301,34.1952153]}},{"type":"Feature","properties":{"id":"osm-8307659789","region":"Los Angeles","surveillanceType":"ALPR","operator":"","description":"Flock Automatic License Plate Reader (ALPR) Camera"},"geometry":{"type":"Point","coordinates":[-118.200001,34.1952624]}},{"type":"Feature","properties":{"id":"osm-8307659795","region":"Los Angeles","surveillanceType":"ALPR","operator":"","description":"Flock Automatic License Plate Reader (ALPR) Camera"},"geometry":{"type":"Point","coordinates":[-118.195943,34.1943311]}},{"type":"Feature","properties":{"id":"osm-8313410575","region":"Los Angeles","surveillanceType":"ALPR","operator":"","description":"Flock Automatic License Plate Reader (ALPR) Camera"},"geometry":{"type":"Point","coordinates":[-118.203836,34.199223]}},{"type":"Feature","properties":{"id":"osm-8313410576","region":"Los Angeles","surveillanceType":"ALPR","operator":"","description":"Flock Automatic License Plate Reader (ALPR) Camera"},"geometry":{"type":"Point","coordinates":[-118.20118,34.1983728]}},{"type":"Feature","properties":{"id":"osm-8313410577","region":"Los Angeles","surveillanceType":"ALPR","operator":"","description":"Flock Automatic License Plate Reader (ALPR) Camera"},"geometry":{"type":"Point","coordinates":[-118.20095,34.1982778]}},{"type":"Feature","properties":{"id":"osm-8313410579","region":"Los Angeles","surveillanceType":"ALPR","operator":"","description":"Flock Automatic License Plate Reader (ALPR) Camera"},"geometry":{"type":"Point","coordinates":[-118.201135,34.1981087]}},{"type":"Feature","properties":{"id":"osm-8313410580","region":"Los Angeles","surveillanceType":"ALPR","operator":"","description":"Flock Automatic License Plate Reader (ALPR) Camera"},"geometry":{"type":"Point","coordinates":[-118.201018,34.1993885]}},{"type":"Feature","properties":{"id":"osm-8313463305","region":"Los Angeles","surveillanceType":"ALPR","operator":"","description":"Flock Automatic License Plate Reader (ALPR) Camera"},"geometry":{"type":"Point","coordinates":[-118.192723,34.1931408]}},{"type":"Feature","properties":{"id":"osm-8313463306","region":"Los Angeles","surveillanceType":"ALPR","operator":"","description":"Flock Automatic License Plate Reader (ALPR) Camera"},"geometry":{"type":"Point","coordinates":[-118.191082,34.192476]}},{"type":"Feature","properties":{"id":"osm-8313463309","region":"Los Angeles","surveillanceType":"ALPR","operator":"","description":"Flock Automatic License Plate Reader (ALPR) Camera"},"geometry":{"type":"Point","coordinates":[-118.191583,34.1927772]}},{"type":"Feature","properties":{"id":"osm-8313463310","region":"Los Angeles","surveillanceType":"ALPR","operator":"","description":"Flock Automatic License Plate Reader (ALPR) Camera"},"geometry":{"type":"Point","coordinates":[-118.196357,34.1815244]}},{"type":"Feature","properties":{"id":"osm-8384459763","region":"Los Angeles","surveillanceType":"camera","operator":"","description":""},"geometry":{"type":"Point","coordinates":[-118.1672609,34.2774365]}},{"type":"Feature","properties":{"id":"osm-8409858819","region":"Los Angeles","surveillanceType":"camera","operator":"","description":""},"geometry":{"type":"Point","coordinates":[-118.4309269,34.0358733]}},{"type":"Feature","properties":{"id":"osm-8576335559","region":"Los Angeles","surveillanceType":"camera","operator":"","description":""},"geometry":{"type":"Point","coordinates":[-118.4063007,34.0314439]}},{"type":"Feature","properties":{"id":"osm-8699212504","region":"Los Angeles","surveillanceType":"camera","operator":"","description":""},"geometry":{"type":"Point","coordinates":[-118.4037091,34.018112]}},{"type":"Feature","properties":{"id":"osm-10049888195","region":"Los Angeles","surveillanceType":"ALPR","operator":"City of Beverly Hills","description":"fixed"},"geometry":{"type":"Point","coordinates":[-118.4031319,34.0721767]}},{"type":"Feature","properties":{"id":"osm-10272259209","region":"Los Angeles","surveillanceType":"camera","operator":"","description":""},"geometry":{"type":"Point","coordinates":[-118.3438279,33.958247]}},{"type":"Feature","properties":{"id":"osm-10272259759","region":"Los Angeles","surveillanceType":"camera","operator":"","description":""},"geometry":{"type":"Point","coordinates":[-118.348022,33.9686693]}},{"type":"Feature","properties":{"id":"osm-10279001282","region":"Los Angeles","surveillanceType":"camera","operator":"","description":""},"geometry":{"type":"Point","coordinates":[-118.196531,33.7679429]}},{"type":"Feature","properties":{"id":"osm-10279001283","region":"Los Angeles","surveillanceType":"camera","operator":"","description":""},"geometry":{"type":"Point","coordinates":[-118.1965325,33.7680621]}},{"type":"Feature","properties":{"id":"osm-11067684141","region":"Los Angeles","surveillanceType":"camera","operator":"","description":""},"geometry":{"type":"Point","coordinates":[-118.2834431,34.0194973]}},{"type":"Feature","properties":{"id":"osm-11067684142","region":"Los Angeles","surveillanceType":"camera","operator":"","description":""},"geometry":{"type":"Point","coordinates":[-118.2839707,34.0202769]}},{"type":"Feature","properties":{"id":"osm-11067684143","region":"Los Angeles","surveillanceType":"camera","operator":"","description":""},"geometry":{"type":"Point","coordinates":[-118.2828329,34.0201688]}},{"type":"Feature","properties":{"id":"osm-11067684144","region":"Los Angeles","surveillanceType":"camera","operator":"","description":""},"geometry":{"type":"Point","coordinates":[-118.2834488,34.0212068]}},{"type":"Feature","properties":{"id":"osm-11067684145","region":"Los Angeles","surveillanceType":"camera","operator":"","description":""},"geometry":{"type":"Point","coordinates":[-118.2845495,34.0211181]}},{"type":"Feature","properties":{"id":"osm-11067684146","region":"Los Angeles","surveillanceType":"camera","operator":"","description":""},"geometry":{"type":"Point","coordinates":[-118.2855209,34.020858]}},{"type":"Feature","properties":{"id":"osm-11067684147","region":"Los Angeles","surveillanceType":"camera","operator":"","description":"dome"},"geometry":{"type":"Point","coordinates":[-118.285501,34.0202726]}},{"type":"Feature","properties":{"id":"osm-11067684148","region":"Los Angeles","surveillanceType":"camera","operator":"","description":""},"geometry":{"type":"Point","coordinates":[-118.2865828,34.0208391]}},{"type":"Feature","properties":{"id":"osm-11067684149","region":"Los Angeles","surveillanceType":"camera","operator":"","description":""},"geometry":{"type":"Point","coordinates":[-118.2865252,34.0210155]}},{"type":"Feature","properties":{"id":"osm-11067684150","region":"Los Angeles","surveillanceType":"camera","operator":"","description":""},"geometry":{"type":"Point","coordinates":[-118.2867387,34.0211031]}},{"type":"Feature","properties":{"id":"osm-11067684151","region":"Los Angeles","surveillanceType":"camera","operator":"","description":""},"geometry":{"type":"Point","coordinates":[-118.2876487,34.0208201]}},{"type":"Feature","properties":{"id":"osm-11067684152","region":"Los Angeles","surveillanceType":"camera","operator":"","description":""},"geometry":{"type":"Point","coordinates":[-118.286677,34.0218717]}},{"type":"Feature","properties":{"id":"osm-11067684153","region":"Los Angeles","surveillanceType":"camera","operator":"","description":""},"geometry":{"type":"Point","coordinates":[-118.2864187,34.0227883]}},{"type":"Feature","properties":{"id":"osm-11067684154","region":"Los Angeles","surveillanceType":"camera","operator":"","description":""},"geometry":{"type":"Point","coordinates":[-118.285446,34.0230064]}},{"type":"Feature","properties":{"id":"osm-11069727114","region":"Los Angeles","surveillanceType":"camera","operator":"","description":""},"geometry":{"type":"Point","coordinates":[-118.2851088,34.0249295]}},{"type":"Feature","properties":{"id":"osm-11069727115","region":"Los Angeles","surveillanceType":"camera","operator":"","description":""},"geometry":{"type":"Point","coordinates":[-118.2847477,34.0247735]}},{"type":"Feature","properties":{"id":"osm-11069727116","region":"Los Angeles","surveillanceType":"camera","operator":"","description":""},"geometry":{"type":"Point","coordinates":[-118.2853781,34.024518]}},{"type":"Feature","properties":{"id":"osm-11069853215","region":"Los Angeles","surveillanceType":"camera","operator":"","description":""},"geometry":{"type":"Point","coordinates":[-118.2862552,34.0256502]}},{"type":"Feature","properties":{"id":"osm-11069853216","region":"Los Angeles","surveillanceType":"camera","operator":"","description":""},"geometry":{"type":"Point","coordinates":[-118.2875257,34.024718]}},{"type":"Feature","properties":{"id":"osm-11069853217","region":"Los Angeles","surveillanceType":"camera","operator":"","description":""},"geometry":{"type":"Point","coordinates":[-118.2859336,34.0253245]}},{"type":"Feature","properties":{"id":"osm-11069868882","region":"Los Angeles","surveillanceType":"camera","operator":"","description":""},"geometry":{"type":"Point","coordinates":[-118.2873011,34.0250308]}},{"type":"Feature","properties":{"id":"osm-11069868883","region":"Los Angeles","surveillanceType":"camera","operator":"","description":""},"geometry":{"type":"Point","coordinates":[-118.2873701,34.024787]}},{"type":"Feature","properties":{"id":"osm-11069868884","region":"Los Angeles","surveillanceType":"camera","operator":"","description":""},"geometry":{"type":"Point","coordinates":[-118.2871416,34.0247895]}},{"type":"Feature","properties":{"id":"osm-11069868885","region":"Los Angeles","surveillanceType":"camera","operator":"","description":""},"geometry":{"type":"Point","coordinates":[-118.2876827,34.0244543]}},{"type":"Feature","properties":{"id":"osm-11069868886","region":"Los Angeles","surveillanceType":"camera","operator":"","description":""},"geometry":{"type":"Point","coordinates":[-118.2876795,34.0244581]}},{"type":"Feature","properties":{"id":"osm-11069868887","region":"Los Angeles","surveillanceType":"camera","operator":"","description":""},"geometry":{"type":"Point","coordinates":[-118.2880424,34.0226042]}},{"type":"Feature","properties":{"id":"osm-11069907516","region":"Los Angeles","surveillanceType":"camera","operator":"","description":""},"geometry":{"type":"Point","coordinates":[-118.2823892,34.018923]}},{"type":"Feature","properties":{"id":"osm-11069907517","region":"Los Angeles","surveillanceType":"camera","operator":"","description":""},"geometry":{"type":"Point","coordinates":[-118.2820963,34.0196511]}},{"type":"Feature","properties":{"id":"osm-11070078149","region":"Los Angeles","surveillanceType":"camera","operator":"","description":""},"geometry":{"type":"Point","coordinates":[-118.2861914,34.0188723]}},{"type":"Feature","properties":{"id":"osm-11360658662","region":"Los Angeles","surveillanceType":"camera","operator":"","description":"fixed"},"geometry":{"type":"Point","coordinates":[-118.3266029,33.9090916]}},{"type":"Feature","properties":{"id":"osm-11711758932","region":"Los Angeles","surveillanceType":"ALPR","operator":"","description":""},"geometry":{"type":"Point","coordinates":[-118.1638228,33.8539098]}},{"type":"Feature","properties":{"id":"osm-11867256901","region":"Los Angeles","surveillanceType":"ALPR","operator":"","description":"Affixed to pole"},"geometry":{"type":"Point","coordinates":[-118.3422403,33.7915157]}},{"type":"Feature","properties":{"id":"osm-261326106","region":"Chicago","surveillanceType":"ALPR","operator":"","description":"fixed"},"geometry":{"type":"Point","coordinates":[-87.6419063,41.9004337]}},{"type":"Feature","properties":{"id":"osm-1388390499","region":"Chicago","surveillanceType":"camera","operator":"","description":"dome"},"geometry":{"type":"Point","coordinates":[-87.6327021,41.8863085]}},{"type":"Feature","properties":{"id":"osm-1388390547","region":"Chicago","surveillanceType":"camera","operator":"","description":"dome"},"geometry":{"type":"Point","coordinates":[-87.6327141,41.8867168]}},{"type":"Feature","properties":{"id":"osm-1586372008","region":"Chicago","surveillanceType":"camera","operator":"","description":""},"geometry":{"type":"Point","coordinates":[-87.6252587,41.8769066]}},{"type":"Feature","properties":{"id":"osm-1640110604","region":"Chicago","surveillanceType":"outdoor","operator":"","description":""},"geometry":{"type":"Point","coordinates":[-87.7880607,41.9597804]}},{"type":"Feature","properties":{"id":"osm-1640110606","region":"Chicago","surveillanceType":"outdoor","operator":"","description":""},"geometry":{"type":"Point","coordinates":[-87.7881512,41.9597866]}},{"type":"Feature","properties":{"id":"osm-1641479870","region":"Chicago","surveillanceType":"outdoor","operator":"","description":""},"geometry":{"type":"Point","coordinates":[-87.7958541,41.952367]}},{"type":"Feature","properties":{"id":"osm-1641479894","region":"Chicago","surveillanceType":"outdoor","operator":"","description":""},"geometry":{"type":"Point","coordinates":[-87.7957039,41.952481]}},{"type":"Feature","properties":{"id":"osm-1648217659","region":"Chicago","surveillanceType":"outdoor","operator":"","description":""},"geometry":{"type":"Point","coordinates":[-87.6096627,41.894495]}},{"type":"Feature","properties":{"id":"osm-1648217669","region":"Chicago","surveillanceType":"outdoor","operator":"","description":""},"geometry":{"type":"Point","coordinates":[-87.6096761,41.8948959]}},{"type":"Feature","properties":{"id":"osm-1648217706","region":"Chicago","surveillanceType":"outdoor","operator":"","description":""},"geometry":{"type":"Point","coordinates":[-87.6201697,41.8956903]}},{"type":"Feature","properties":{"id":"osm-1648217741","region":"Chicago","surveillanceType":"outdoor","operator":"","description":""},"geometry":{"type":"Point","coordinates":[-87.6171169,41.8966732]}},{"type":"Feature","properties":{"id":"osm-1657357273","region":"Chicago","surveillanceType":"outdoor","operator":"","description":""},"geometry":{"type":"Point","coordinates":[-87.644305,41.8828522]}},{"type":"Feature","properties":{"id":"osm-1657357277","region":"Chicago","surveillanceType":"outdoor","operator":"","description":""},"geometry":{"type":"Point","coordinates":[-87.6450269,41.8830441]}},{"type":"Feature","properties":{"id":"osm-1657357286","region":"Chicago","surveillanceType":"outdoor","operator":"","description":""},"geometry":{"type":"Point","coordinates":[-87.6479199,41.8832558]}},{"type":"Feature","properties":{"id":"osm-1745480598","region":"Chicago","surveillanceType":"camera","operator":"Chicago Public Schools","description":"dome"},"geometry":{"type":"Point","coordinates":[-87.7646271,41.9604141]}},{"type":"Feature","properties":{"id":"osm-1745480622","region":"Chicago","surveillanceType":"camera","operator":"Chicago Public Schools","description":"dome"},"geometry":{"type":"Point","coordinates":[-87.764105,41.9604211]}},{"type":"Feature","properties":{"id":"osm-1748134168","region":"Chicago","surveillanceType":"camera","operator":"Chicago Transit Authority","description":"dome"},"geometry":{"type":"Point","coordinates":[-87.7749698,41.9018248]}},{"type":"Feature","properties":{"id":"osm-2161956398","region":"Chicago","surveillanceType":"camera","operator":"","description":""},"geometry":{"type":"Point","coordinates":[-87.8317588,42.0102468]}},{"type":"Feature","properties":{"id":"osm-2161956400","region":"Chicago","surveillanceType":"camera","operator":"","description":""},"geometry":{"type":"Point","coordinates":[-87.8313424,42.0101294]}},{"type":"Feature","properties":{"id":"osm-2184906042","region":"Chicago","surveillanceType":"camera","operator":"","description":"dome"},"geometry":{"type":"Point","coordinates":[-87.7248877,41.9398665]}},{"type":"Feature","properties":{"id":"osm-2184906197","region":"Chicago","surveillanceType":"camera","operator":"","description":"dome"},"geometry":{"type":"Point","coordinates":[-87.7243712,41.9396122]}},{"type":"Feature","properties":{"id":"osm-2203566982","region":"Chicago","surveillanceType":"outdoor","operator":"","description":""},"geometry":{"type":"Point","coordinates":[-87.6480593,41.8830375]}},{"type":"Feature","properties":{"id":"osm-2204703561","region":"Chicago","surveillanceType":"camera","operator":"","description":""},"geometry":{"type":"Point","coordinates":[-87.6595763,41.9981105]}},{"type":"Feature","properties":{"id":"osm-2207562198","region":"Chicago","surveillanceType":"camera","operator":"","description":""},"geometry":{"type":"Point","coordinates":[-87.66278,41.665285]}},{"type":"Feature","properties":{"id":"osm-2207566617","region":"Chicago","surveillanceType":"camera","operator":"","description":""},"geometry":{"type":"Point","coordinates":[-87.659439,41.6945765]}},{"type":"Feature","properties":{"id":"osm-2207566618","region":"Chicago","surveillanceType":"camera","operator":"","description":""},"geometry":{"type":"Point","coordinates":[-87.661949,41.6824278]}},{"type":"Feature","properties":{"id":"osm-2207566619","region":"Chicago","surveillanceType":"camera","operator":"","description":""},"geometry":{"type":"Point","coordinates":[-87.6526715,41.712187]}},{"type":"Feature","properties":{"id":"osm-2208959323","region":"Chicago","surveillanceType":"camera","operator":"Chicago Public Library","description":"dome"},"geometry":{"type":"Point","coordinates":[-87.614734,41.7510326]}},{"type":"Feature","properties":{"id":"osm-2208959339","region":"Chicago","surveillanceType":"camera","operator":"Chicago Public Library","description":"dome"},"geometry":{"type":"Point","coordinates":[-87.6142373,41.751043]}},{"type":"Feature","properties":{"id":"osm-2986637275","region":"Chicago","surveillanceType":"ALPR","operator":"","description":"fixed"},"geometry":{"type":"Point","coordinates":[-87.6253803,41.7508605]}},{"type":"Feature","properties":{"id":"osm-3657297879","region":"Chicago","surveillanceType":"camera","operator":"","description":""},"geometry":{"type":"Point","coordinates":[-87.6680698,41.914539]}},{"type":"Feature","properties":{"id":"osm-4428028187","region":"Chicago","surveillanceType":"camera","operator":"","description":""},"geometry":{"type":"Point","coordinates":[-87.6385738,41.8680592]}},{"type":"Feature","properties":{"id":"osm-4497342650","region":"Chicago","surveillanceType":"camera","operator":"","description":"dome"},"geometry":{"type":"Point","coordinates":[-87.6482634,41.9252102]}},{"type":"Feature","properties":{"id":"osm-4499383741","region":"Chicago","surveillanceType":"camera","operator":"","description":""},"geometry":{"type":"Point","coordinates":[-87.7080539,41.9099725]}},{"type":"Feature","properties":{"id":"osm-4499383775","region":"Chicago","surveillanceType":"camera","operator":"","description":""},"geometry":{"type":"Point","coordinates":[-87.7203178,41.9134817]}},{"type":"Feature","properties":{"id":"osm-4701618689","region":"Chicago","surveillanceType":"camera","operator":"","description":"fixed"},"geometry":{"type":"Point","coordinates":[-87.6869103,41.9038908]}},{"type":"Feature","properties":{"id":"osm-4701618690","region":"Chicago","surveillanceType":"camera","operator":"","description":"fixed"},"geometry":{"type":"Point","coordinates":[-87.6871975,41.9039112]}},{"type":"Feature","properties":{"id":"osm-4701622256","region":"Chicago","surveillanceType":"camera","operator":"","description":"fixed"},"geometry":{"type":"Point","coordinates":[-87.6678744,41.9118397]}},{"type":"Feature","properties":{"id":"osm-4701622257","region":"Chicago","surveillanceType":"camera","operator":"","description":"fixed"},"geometry":{"type":"Point","coordinates":[-87.6675789,41.9117064]}},{"type":"Feature","properties":{"id":"osm-4752020775","region":"Chicago","surveillanceType":"outdoor","operator":"","description":""},"geometry":{"type":"Point","coordinates":[-87.6202288,41.8966315]}},{"type":"Feature","properties":{"id":"osm-4915211824","region":"Chicago","surveillanceType":"camera","operator":"","description":""},"geometry":{"type":"Point","coordinates":[-87.8296891,41.8977097]}},{"type":"Feature","properties":{"id":"osm-4915218501","region":"Chicago","surveillanceType":"camera","operator":"","description":""},"geometry":{"type":"Point","coordinates":[-87.8295105,41.8970817]}},{"type":"Feature","properties":{"id":"osm-4916954536","region":"Chicago","surveillanceType":"camera","operator":"","description":""},"geometry":{"type":"Point","coordinates":[-87.8291366,41.8973943]}},{"type":"Feature","properties":{"id":"osm-4985640964","region":"Chicago","surveillanceType":"camera","operator":"","description":""},"geometry":{"type":"Point","coordinates":[-87.8636934,41.8878522]}},{"type":"Feature","properties":{"id":"osm-4985700799","region":"Chicago","surveillanceType":"camera","operator":"","description":""},"geometry":{"type":"Point","coordinates":[-87.8635061,41.8881514]}},{"type":"Feature","properties":{"id":"osm-5073750766","region":"Chicago","surveillanceType":"camera","operator":"","description":"fixed"},"geometry":{"type":"Point","coordinates":[-87.7652796,41.8876569]}},{"type":"Feature","properties":{"id":"osm-7025421509","region":"Chicago","surveillanceType":"ALPR","operator":"","description":"fixed"},"geometry":{"type":"Point","coordinates":[-87.6267914,41.8909987]}},{"type":"Feature","properties":{"id":"osm-7607257298","region":"Chicago","surveillanceType":"camera","operator":"","description":""},"geometry":{"type":"Point","coordinates":[-87.6573052,41.998763]}},{"type":"Feature","properties":{"id":"osm-7617294911","region":"Chicago","surveillanceType":"camera","operator":"","description":""},"geometry":{"type":"Point","coordinates":[-87.6590819,41.9945751]}},{"type":"Feature","properties":{"id":"osm-7911119568","region":"Chicago","surveillanceType":"camera","operator":"","description":""},"geometry":{"type":"Point","coordinates":[-87.831378,42.0100308]}},{"type":"Feature","properties":{"id":"osm-7911119569","region":"Chicago","surveillanceType":"camera","operator":"","description":""},"geometry":{"type":"Point","coordinates":[-87.8313514,42.010014]}},{"type":"Feature","properties":{"id":"osm-7911119570","region":"Chicago","surveillanceType":"camera","operator":"","description":""},"geometry":{"type":"Point","coordinates":[-87.8316902,42.0103166]}},{"type":"Feature","properties":{"id":"osm-7911119571","region":"Chicago","surveillanceType":"camera","operator":"","description":""},"geometry":{"type":"Point","coordinates":[-87.8316764,42.010319]}},{"type":"Feature","properties":{"id":"osm-7911172389","region":"Chicago","surveillanceType":"camera","operator":"","description":""},"geometry":{"type":"Point","coordinates":[-87.831343,42.0100105]}},{"type":"Feature","properties":{"id":"osm-8740438573","region":"Chicago","surveillanceType":"camera","operator":"","description":"fixed"},"geometry":{"type":"Point","coordinates":[-87.8668407,41.8182983]}},{"type":"Feature","properties":{"id":"osm-8740438578","region":"Chicago","surveillanceType":"camera","operator":"","description":"dome"},"geometry":{"type":"Point","coordinates":[-87.9075008,41.8146281]}},{"type":"Feature","properties":{"id":"osm-8740438579","region":"Chicago","surveillanceType":"camera","operator":"","description":"dome"},"geometry":{"type":"Point","coordinates":[-87.8972662,41.7994354]}},{"type":"Feature","properties":{"id":"osm-9213232773","region":"Chicago","surveillanceType":"ALPR","operator":"Chicago Police Department","description":"fixed"},"geometry":{"type":"Point","coordinates":[-87.7877242,41.9858332]}},{"type":"Feature","properties":{"id":"osm-9213245005","region":"Chicago","surveillanceType":"ALPR","operator":"Chicago Police Department","description":"fixed"},"geometry":{"type":"Point","coordinates":[-87.7697797,41.9238365]}},{"type":"Feature","properties":{"id":"osm-9243792669","region":"Chicago","surveillanceType":"camera","operator":"Chicago Police Department","description":"dome"},"geometry":{"type":"Point","coordinates":[-87.6522528,41.9815107]}},{"type":"Feature","properties":{"id":"osm-9255130981","region":"Chicago","surveillanceType":"ALPR","operator":"Chicago Police Department","description":"fixed"},"geometry":{"type":"Point","coordinates":[-87.7147747,41.928355]}},{"type":"Feature","properties":{"id":"osm-9255130982","region":"Chicago","surveillanceType":"ALPR","operator":"Chicago Police Department","description":"fixed"},"geometry":{"type":"Point","coordinates":[-87.7468795,41.9533902]}},{"type":"Feature","properties":{"id":"osm-9255130983","region":"Chicago","surveillanceType":"ALPR","operator":"Chicago Police Department","description":"fixed"},"geometry":{"type":"Point","coordinates":[-87.7559999,41.92404]}},{"type":"Feature","properties":{"id":"osm-9404107657","region":"Chicago","surveillanceType":"ALPR","operator":"Chicago Police Department","description":"fixed"},"geometry":{"type":"Point","coordinates":[-87.6767545,41.8762522]}},{"type":"Feature","properties":{"id":"osm-9622882840","region":"Chicago","surveillanceType":"camera","operator":"","description":"dome"},"geometry":{"type":"Point","coordinates":[-87.6338018,41.8867173]}},{"type":"Feature","properties":{"id":"osm-10057056538","region":"Chicago","surveillanceType":"ALPR","operator":"","description":"fixed"},"geometry":{"type":"Point","coordinates":[-87.6777295,41.9185873]}},{"type":"Feature","properties":{"id":"osm-10700673913","region":"Chicago","surveillanceType":"gunshot_detector","operator":"","description":""},"geometry":{"type":"Point","coordinates":[-87.5534853,41.7482259]}},{"type":"Feature","properties":{"id":"osm-10700673914","region":"Chicago","surveillanceType":"gunshot_detector","operator":"","description":""},"geometry":{"type":"Point","coordinates":[-87.5575997,41.7481467]}},{"type":"Feature","properties":{"id":"osm-10700677044","region":"Chicago","surveillanceType":"gunshot_detector","operator":"","description":""},"geometry":{"type":"Point","coordinates":[-87.5569132,41.7410111]}},{"type":"Feature","properties":{"id":"osm-10700677045","region":"Chicago","surveillanceType":"gunshot_detector","operator":"","description":""},"geometry":{"type":"Point","coordinates":[-87.5550499,41.7409162]}},{"type":"Feature","properties":{"id":"osm-10700687105","region":"Chicago","surveillanceType":"gunshot_detector","operator":"","description":""},"geometry":{"type":"Point","coordinates":[-87.5525303,41.7373063]}},{"type":"Feature","properties":{"id":"osm-10700687106","region":"Chicago","surveillanceType":"gunshot_detector","operator":"","description":""},"geometry":{"type":"Point","coordinates":[-87.5555006,41.7374125]}},{"type":"Feature","properties":{"id":"osm-10700687107","region":"Chicago","surveillanceType":"gunshot_detector","operator":"","description":""},"geometry":{"type":"Point","coordinates":[-87.5640534,41.7372881]}},{"type":"Feature","properties":{"id":"osm-10700872026","region":"Chicago","surveillanceType":"gunshot_detector","operator":"","description":""},"geometry":{"type":"Point","coordinates":[-87.5601925,41.7333936]}},{"type":"Feature","properties":{"id":"osm-10700872027","region":"Chicago","surveillanceType":"gunshot_detector","operator":"","description":""},"geometry":{"type":"Point","coordinates":[-87.5526441,41.7335703]}},{"type":"Feature","properties":{"id":"osm-10700872028","region":"Chicago","surveillanceType":"gunshot_detector","operator":"","description":""},"geometry":{"type":"Point","coordinates":[-87.5457845,41.7300753]}},{"type":"Feature","properties":{"id":"osm-10700896279","region":"Chicago","surveillanceType":"gunshot_detector","operator":"","description":""},"geometry":{"type":"Point","coordinates":[-87.560788,41.7500542]}},{"type":"Feature","properties":{"id":"osm-10700896280","region":"Chicago","surveillanceType":"gunshot_detector","operator":"","description":""},"geometry":{"type":"Point","coordinates":[-87.5667813,41.7499803]}},{"type":"Feature","properties":{"id":"osm-10700896281","region":"Chicago","surveillanceType":"gunshot_detector","operator":"","description":""},"geometry":{"type":"Point","coordinates":[-87.571727,41.7499181]}},{"type":"Feature","properties":{"id":"osm-10700898040","region":"Chicago","surveillanceType":"gunshot_detector","operator":"","description":""},"geometry":{"type":"Point","coordinates":[-87.5437201,41.7373954]}},{"type":"Feature","properties":{"id":"osm-10700898041","region":"Chicago","surveillanceType":"gunshot_detector","operator":"","description":""},"geometry":{"type":"Point","coordinates":[-87.5428763,41.7393827]}},{"type":"Feature","properties":{"id":"osm-10700898042","region":"Chicago","surveillanceType":"gunshot_detector","operator":"","description":""},"geometry":{"type":"Point","coordinates":[-87.5535202,41.7500306]}},{"type":"Feature","properties":{"id":"osm-10701036018","region":"Chicago","surveillanceType":"gunshot_detector","operator":"","description":""},"geometry":{"type":"Point","coordinates":[-87.5566008,41.7555895]}},{"type":"Feature","properties":{"id":"osm-10701036019","region":"Chicago","surveillanceType":"gunshot_detector","operator":"","description":""},"geometry":{"type":"Point","coordinates":[-87.5741861,41.7552189]}},{"type":"Feature","properties":{"id":"osm-10701036020","region":"Chicago","surveillanceType":"gunshot_detector","operator":"","description":""},"geometry":{"type":"Point","coordinates":[-87.582737,41.7551195]}},{"type":"Feature","properties":{"id":"osm-10701036021","region":"Chicago","surveillanceType":"gunshot_detector","operator":"","description":""},"geometry":{"type":"Point","coordinates":[-87.5778927,41.7533409]}},{"type":"Feature","properties":{"id":"osm-10701036022","region":"Chicago","surveillanceType":"gunshot_detector","operator":"","description":""},"geometry":{"type":"Point","coordinates":[-87.5717176,41.753545]}},{"type":"Feature","properties":{"id":"osm-10701068005","region":"Chicago","surveillanceType":"gunshot_detector","operator":"","description":""},"geometry":{"type":"Point","coordinates":[-87.5681303,41.7535923]}},{"type":"Feature","properties":{"id":"osm-10701088392","region":"Chicago","surveillanceType":"gunshot_detector","operator":"","description":""},"geometry":{"type":"Point","coordinates":[-87.5473592,41.7466069]}},{"type":"Feature","properties":{"id":"osm-10701088393","region":"Chicago","surveillanceType":"gunshot_detector","operator":"","description":""},"geometry":{"type":"Point","coordinates":[-87.5545809,41.7465074]}},{"type":"Feature","properties":{"id":"osm-10701088394","region":"Chicago","surveillanceType":"gunshot_detector","operator":"","description":""},"geometry":{"type":"Point","coordinates":[-87.5663401,41.746333]}},{"type":"Feature","properties":{"id":"osm-10701088395","region":"Chicago","surveillanceType":"gunshot_detector","operator":"","description":""},"geometry":{"type":"Point","coordinates":[-87.570375,41.7462926]}},{"type":"Feature","properties":{"id":"osm-10702269447","region":"Chicago","surveillanceType":"gunshot_detector","operator":"","description":""},"geometry":{"type":"Point","coordinates":[-87.5691084,41.7426756]}},{"type":"Feature","properties":{"id":"osm-10702269448","region":"Chicago","surveillanceType":"gunshot_detector","operator":"","description":""},"geometry":{"type":"Point","coordinates":[-87.5630873,41.7427562]}},{"type":"Feature","properties":{"id":"osm-10702269449","region":"Chicago","surveillanceType":"gunshot_detector","operator":"","description":""},"geometry":{"type":"Point","coordinates":[-87.5563073,41.7427151]}},{"type":"Feature","properties":{"id":"osm-10703095287","region":"Chicago","surveillanceType":"gunshot_detector","operator":"","description":""},"geometry":{"type":"Point","coordinates":[-87.5585263,41.737228]}},{"type":"Feature","properties":{"id":"osm-10703095288","region":"Chicago","surveillanceType":"gunshot_detector","operator":"","description":""},"geometry":{"type":"Point","coordinates":[-87.5662528,41.7445334]}},{"type":"Feature","properties":{"id":"osm-10703095289","region":"Chicago","surveillanceType":"gunshot_detector","operator":"","description":""},"geometry":{"type":"Point","coordinates":[-87.5767129,41.7449697]}},{"type":"Feature","properties":{"id":"osm-10703133480","region":"Chicago","surveillanceType":"gunshot_detector","operator":"","description":""},"geometry":{"type":"Point","coordinates":[-87.5599109,41.7444846]}},{"type":"Feature","properties":{"id":"osm-10703134782","region":"Chicago","surveillanceType":"gunshot_detector","operator":"","description":""},"geometry":{"type":"Point","coordinates":[-87.5459566,41.7411631]}},{"type":"Feature","properties":{"id":"osm-10704868704","region":"Chicago","surveillanceType":"gunshot_detector","operator":"","description":""},"geometry":{"type":"Point","coordinates":[-87.5568992,41.7392028]}},{"type":"Feature","properties":{"id":"osm-10704901005","region":"Chicago","surveillanceType":"gunshot_detector","operator":"","description":""},"geometry":{"type":"Point","coordinates":[-87.5611091,41.7390159]}},{"type":"Feature","properties":{"id":"osm-10704901006","region":"Chicago","surveillanceType":"gunshot_detector","operator":"","description":""},"geometry":{"type":"Point","coordinates":[-87.563031,41.7391259]}},{"type":"Feature","properties":{"id":"osm-10705242592","region":"Chicago","surveillanceType":"gunshot_detector","operator":"","description":""},"geometry":{"type":"Point","coordinates":[-87.5590938,41.7517724]}},{"type":"Feature","properties":{"id":"osm-10705761348","region":"Chicago","surveillanceType":"gunshot_detector","operator":"","description":""},"geometry":{"type":"Point","coordinates":[-87.5312144,41.7028021]}},{"type":"Feature","properties":{"id":"osm-10705761349","region":"Chicago","surveillanceType":"gunshot_detector","operator":"","description":""},"geometry":{"type":"Point","coordinates":[-87.5287107,41.7026184]}},{"type":"Feature","properties":{"id":"osm-10705761350","region":"Chicago","surveillanceType":"gunshot_detector","operator":"","description":""},"geometry":{"type":"Point","coordinates":[-87.5251832,41.7008159]}},{"type":"Feature","properties":{"id":"osm-10705779594","region":"Chicago","surveillanceType":"gunshot_detector","operator":"","description":""},"geometry":{"type":"Point","coordinates":[-87.5246421,41.6991238]}},{"type":"Feature","properties":{"id":"osm-10705779595","region":"Chicago","surveillanceType":"gunshot_detector","operator":"","description":""},"geometry":{"type":"Point","coordinates":[-87.5252117,41.6971946]}},{"type":"Feature","properties":{"id":"osm-10705779596","region":"Chicago","surveillanceType":"gunshot_detector","operator":"","description":""},"geometry":{"type":"Point","coordinates":[-87.5251707,41.691724]}},{"type":"Feature","properties":{"id":"osm-10705779597","region":"Chicago","surveillanceType":"gunshot_detector","operator":"","description":""},"geometry":{"type":"Point","coordinates":[-87.5281755,41.6923252]}},{"type":"Feature","properties":{"id":"osm-10705779598","region":"Chicago","surveillanceType":"gunshot_detector","operator":"","description":""},"geometry":{"type":"Point","coordinates":[-87.5402624,41.6919508]}},{"type":"Feature","properties":{"id":"osm-10705779599","region":"Chicago","surveillanceType":"gunshot_detector","operator":"","description":""},"geometry":{"type":"Point","coordinates":[-87.5402691,41.6882989]}},{"type":"Feature","properties":{"id":"osm-10705973476","region":"Chicago","surveillanceType":"gunshot_detector","operator":"","description":""},"geometry":{"type":"Point","coordinates":[-87.5340941,41.6810317]}},{"type":"Feature","properties":{"id":"osm-10705973477","region":"Chicago","surveillanceType":"gunshot_detector","operator":"","description":""},"geometry":{"type":"Point","coordinates":[-87.5334845,41.686348]}},{"type":"Feature","properties":{"id":"osm-10705973478","region":"Chicago","surveillanceType":"gunshot_detector","operator":"","description":""},"geometry":{"type":"Point","coordinates":[-87.5402769,41.6849751]}},{"type":"Feature","properties":{"id":"osm-10705973479","region":"Chicago","surveillanceType":"gunshot_detector","operator":"","description":""},"geometry":{"type":"Point","coordinates":[-87.5322646,41.6846463]}},{"type":"Feature","properties":{"id":"osm-10705973480","region":"Chicago","surveillanceType":"gunshot_detector","operator":"","description":""},"geometry":{"type":"Point","coordinates":[-87.540749,41.6901093]}},{"type":"Feature","properties":{"id":"osm-10705973481","region":"Chicago","surveillanceType":"gunshot_detector","operator":"","description":""},"geometry":{"type":"Point","coordinates":[-87.5376194,41.6901055]}},{"type":"Feature","properties":{"id":"osm-10705973482","region":"Chicago","surveillanceType":"gunshot_detector","operator":"","description":""},"geometry":{"type":"Point","coordinates":[-87.5346343,41.6899759]}},{"type":"Feature","properties":{"id":"osm-10705973483","region":"Chicago","surveillanceType":"gunshot_detector","operator":"","description":""},"geometry":{"type":"Point","coordinates":[-87.5315815,41.6882682]}},{"type":"Feature","properties":{"id":"osm-10706027734","region":"Chicago","surveillanceType":"gunshot_detector","operator":"","description":""},"geometry":{"type":"Point","coordinates":[-87.5364014,41.7214368]}},{"type":"Feature","properties":{"id":"osm-10706027735","region":"Chicago","surveillanceType":"gunshot_detector","operator":"","description":""},"geometry":{"type":"Point","coordinates":[-87.5356147,41.7228938]}},{"type":"Feature","properties":{"id":"osm-10707413095","region":"Chicago","surveillanceType":"gunshot_detector","operator":"","description":""},"geometry":{"type":"Point","coordinates":[-87.7924356,41.7994522]}},{"type":"Feature","properties":{"id":"osm-10707413096","region":"Chicago","surveillanceType":"gunshot_detector","operator":"","description":""},"geometry":{"type":"Point","coordinates":[-87.7863353,41.799543]}},{"type":"Feature","properties":{"id":"osm-10707413097","region":"Chicago","surveillanceType":"gunshot_detector","operator":"","description":""},"geometry":{"type":"Point","coordinates":[-87.7802431,41.7996386]}},{"type":"Feature","properties":{"id":"osm-10707413098","region":"Chicago","surveillanceType":"gunshot_detector","operator":"","description":""},"geometry":{"type":"Point","coordinates":[-87.7753649,41.7997344]}},{"type":"Feature","properties":{"id":"osm-10707413099","region":"Chicago","surveillanceType":"gunshot_detector","operator":"","description":""},"geometry":{"type":"Point","coordinates":[-87.7673192,41.7999191]}},{"type":"Feature","properties":{"id":"osm-10707413100","region":"Chicago","surveillanceType":"gunshot_detector","operator":"","description":""},"geometry":{"type":"Point","coordinates":[-87.7631731,41.7999934]}},{"type":"Feature","properties":{"id":"osm-10707417454","region":"Chicago","surveillanceType":"gunshot_detector","operator":"","description":""},"geometry":{"type":"Point","coordinates":[-87.5382622,41.695443]}},{"type":"Feature","properties":{"id":"osm-10707417455","region":"Chicago","surveillanceType":"gunshot_detector","operator":"","description":""},"geometry":{"type":"Point","coordinates":[-87.5315815,41.6955229]}},{"type":"Feature","properties":{"id":"osm-10707417456","region":"Chicago","surveillanceType":"gunshot_detector","operator":"","description":""},"geometry":{"type":"Point","coordinates":[-87.5252183,41.6953683]}},{"type":"Feature","properties":{"id":"osm-10707721936","region":"Chicago","surveillanceType":"gunshot_detector","operator":"","description":""},"geometry":{"type":"Point","coordinates":[-87.7046236,41.7934415]}},{"type":"Feature","properties":{"id":"osm-10707754655","region":"Chicago","surveillanceType":"gunshot_detector","operator":"","description":""},"geometry":{"type":"Point","coordinates":[-87.6935948,41.7941396]}},{"type":"Feature","properties":{"id":"osm-10707754656","region":"Chicago","surveillanceType":"gunshot_detector","operator":"","description":""},"geometry":{"type":"Point","coordinates":[-87.6741928,41.7931363]}},{"type":"Feature","properties":{"id":"osm-10707754657","region":"Chicago","surveillanceType":"gunshot_detector","operator":"","description":""},"geometry":{"type":"Point","coordinates":[-87.6738017,41.7786472]}},{"type":"Feature","properties":{"id":"osm-10765186749","region":"Chicago","surveillanceType":"ALPR","operator":"Illinois State Police","description":"fixed"},"geometry":{"type":"Point","coordinates":[-87.6512495,41.8910328]}},{"type":"Feature","properties":{"id":"osm-10765186750","region":"Chicago","surveillanceType":"ALPR","operator":"Illinois State Police","description":"fixed"},"geometry":{"type":"Point","coordinates":[-87.651039,41.8910366]}},{"type":"Feature","properties":{"id":"osm-10765186751","region":"Chicago","surveillanceType":"ALPR","operator":"Illinois State Police","description":"fixed"},"geometry":{"type":"Point","coordinates":[-87.6510946,41.8912806]}},{"type":"Feature","properties":{"id":"osm-10765186752","region":"Chicago","surveillanceType":"ALPR","operator":"Illinois State Police","description":"fixed"},"geometry":{"type":"Point","coordinates":[-87.6508545,41.8912781]}},{"type":"Feature","properties":{"id":"osm-10765186753","region":"Chicago","surveillanceType":"ALPR","operator":"Illinois State Police","description":"fixed"},"geometry":{"type":"Point","coordinates":[-87.6580738,41.8963435]}},{"type":"Feature","properties":{"id":"osm-10765186754","region":"Chicago","surveillanceType":"ALPR","operator":"Illinois State Police","description":"fixed"},"geometry":{"type":"Point","coordinates":[-87.657894,41.8963467]}},{"type":"Feature","properties":{"id":"osm-10765186755","region":"Chicago","surveillanceType":"ALPR","operator":"Illinois State Police","description":"fixed"},"geometry":{"type":"Point","coordinates":[-87.6582558,41.8963403]}},{"type":"Feature","properties":{"id":"osm-10765186756","region":"Chicago","surveillanceType":"ALPR","operator":"Illinois State Police","description":"fixed"},"geometry":{"type":"Point","coordinates":[-87.6580605,41.8961142]}},{"type":"Feature","properties":{"id":"osm-10765186757","region":"Chicago","surveillanceType":"ALPR","operator":"Illinois State Police","description":"fixed"},"geometry":{"type":"Point","coordinates":[-87.6585688,41.896105]}},{"type":"Feature","properties":{"id":"osm-10765186758","region":"Chicago","surveillanceType":"ALPR","operator":"Illinois State Police","description":"fixed"},"geometry":{"type":"Point","coordinates":[-87.658347,41.8961091]}},{"type":"Feature","properties":{"id":"osm-10765186759","region":"Chicago","surveillanceType":"ALPR","operator":"Illinois State Police","description":"fixed"},"geometry":{"type":"Point","coordinates":[-87.6581908,41.8961119]}},{"type":"Feature","properties":{"id":"osm-10767134880","region":"Chicago","surveillanceType":"ALPR","operator":"Illinois State Police","description":"fixed"},"geometry":{"type":"Point","coordinates":[-87.647808,41.892478]}},{"type":"Feature","properties":{"id":"osm-10767134881","region":"Chicago","surveillanceType":"ALPR","operator":"Illinois State Police","description":"fixed"},"geometry":{"type":"Point","coordinates":[-87.647825,41.8925397]}},{"type":"Feature","properties":{"id":"osm-348444479","region":"Toronto","surveillanceType":"public","operator":"Toronto Police","description":""},"geometry":{"type":"Point","coordinates":[-79.3814123,43.6573331]}},{"type":"Feature","properties":{"id":"osm-391170179","region":"Toronto","surveillanceType":"camera","operator":"","description":""},"geometry":{"type":"Point","coordinates":[-79.3820252,43.6515012]}},{"type":"Feature","properties":{"id":"osm-400943521","region":"Toronto","surveillanceType":"public","operator":"Toronto Police","description":""},"geometry":{"type":"Point","coordinates":[-79.3810212,43.6562097]}},{"type":"Feature","properties":{"id":"osm-400943524","region":"Toronto","surveillanceType":"public","operator":"","description":""},"geometry":{"type":"Point","coordinates":[-79.380763,43.656263]}},{"type":"Feature","properties":{"id":"osm-400943526","region":"Toronto","surveillanceType":"public","operator":"","description":""},"geometry":{"type":"Point","coordinates":[-79.3807617,43.6556018]}},{"type":"Feature","properties":{"id":"osm-400970136","region":"Toronto","surveillanceType":"public","operator":"","description":""},"geometry":{"type":"Point","coordinates":[-79.3822677,43.6591327]}},{"type":"Feature","properties":{"id":"osm-404534831","region":"Toronto","surveillanceType":"outdoor","operator":"","description":""},"geometry":{"type":"Point","coordinates":[-79.3791085,43.6453015]}},{"type":"Feature","properties":{"id":"osm-519717340","region":"Toronto","surveillanceType":"camera","operator":"","description":""},"geometry":{"type":"Point","coordinates":[-79.3820505,43.6514404]}},{"type":"Feature","properties":{"id":"osm-527037991","region":"Toronto","surveillanceType":"camera","operator":"","description":""},"geometry":{"type":"Point","coordinates":[-79.411329,43.6408814]}},{"type":"Feature","properties":{"id":"osm-534071147","region":"Toronto","surveillanceType":"ALPR","operator":"","description":""},"geometry":{"type":"Point","coordinates":[-79.2971901,43.8261397]}},{"type":"Feature","properties":{"id":"osm-560227970","region":"Toronto","surveillanceType":"outdoor","operator":"","description":""},"geometry":{"type":"Point","coordinates":[-79.3862429,43.670496]}},{"type":"Feature","properties":{"id":"osm-560227976","region":"Toronto","surveillanceType":"outdoor","operator":"","description":""},"geometry":{"type":"Point","coordinates":[-79.3841255,43.6710223]}},{"type":"Feature","properties":{"id":"osm-565546555","region":"Toronto","surveillanceType":"public","operator":"Toronto Police Service","description":""},"geometry":{"type":"Point","coordinates":[-79.3931166,43.6483274]}},{"type":"Feature","properties":{"id":"osm-580005390","region":"Toronto","surveillanceType":"outdoor","operator":"","description":""},"geometry":{"type":"Point","coordinates":[-79.385628,43.6625425]}},{"type":"Feature","properties":{"id":"osm-655337223","region":"Toronto","surveillanceType":"camera","operator":"","description":""},"geometry":{"type":"Point","coordinates":[-79.3789227,43.6429457]}},{"type":"Feature","properties":{"id":"osm-655337334","region":"Toronto","surveillanceType":"camera","operator":"City of Toronto","description":"panning"},"geometry":{"type":"Point","coordinates":[-79.3781287,43.6432097]}},{"type":"Feature","properties":{"id":"osm-655337335","region":"Toronto","surveillanceType":"camera","operator":"City of Toronto","description":"panning"},"geometry":{"type":"Point","coordinates":[-79.3777532,43.6434193]}},{"type":"Feature","properties":{"id":"osm-738936281","region":"Toronto","surveillanceType":"camera","operator":"","description":""},"geometry":{"type":"Point","coordinates":[-79.3901816,43.6990701]}},{"type":"Feature","properties":{"id":"osm-759971560","region":"Toronto","surveillanceType":"red_light","operator":"","description":""},"geometry":{"type":"Point","coordinates":[-79.3809963,43.6417252]}},{"type":"Feature","properties":{"id":"osm-759981944","region":"Toronto","surveillanceType":"public","operator":"","description":""},"geometry":{"type":"Point","coordinates":[-79.3821523,43.6590264]}},{"type":"Feature","properties":{"id":"osm-759985612","region":"Toronto","surveillanceType":"public","operator":"","description":""},"geometry":{"type":"Point","coordinates":[-79.3768629,43.6469437]}},{"type":"Feature","properties":{"id":"osm-766126694","region":"Toronto","surveillanceType":"public","operator":"Toronto Police Service","description":""},"geometry":{"type":"Point","coordinates":[-79.3928749,43.6472362]}},{"type":"Feature","properties":{"id":"osm-766129301","region":"Toronto","surveillanceType":"public","operator":"Toronto Police Service","description":""},"geometry":{"type":"Point","coordinates":[-79.390262,43.6477572]}},{"type":"Feature","properties":{"id":"osm-766129758","region":"Toronto","surveillanceType":"public","operator":"Toronto Police Service","description":""},"geometry":{"type":"Point","coordinates":[-79.3885037,43.6481549]}},{"type":"Feature","properties":{"id":"osm-766133909","region":"Toronto","surveillanceType":"outdoor","operator":"","description":""},"geometry":{"type":"Point","coordinates":[-79.3845178,43.6505631]}},{"type":"Feature","properties":{"id":"osm-766137161","region":"Toronto","surveillanceType":"public","operator":"Toronto Police Service","description":""},"geometry":{"type":"Point","coordinates":[-79.3879113,43.6497566]}},{"type":"Feature","properties":{"id":"osm-766137761","region":"Toronto","surveillanceType":"public","operator":"Toronto Police Service","description":""},"geometry":{"type":"Point","coordinates":[-79.3890592,43.6494267]}},{"type":"Feature","properties":{"id":"osm-766138769","region":"Toronto","surveillanceType":"public","operator":"Toronto Police Service","description":""},"geometry":{"type":"Point","coordinates":[-79.3906686,43.6490734]}},{"type":"Feature","properties":{"id":"osm-766139114","region":"Toronto","surveillanceType":"public","operator":"Toronto Police Service","description":""},"geometry":{"type":"Point","coordinates":[-79.3919292,43.6488134]}},{"type":"Feature","properties":{"id":"osm-766935172","region":"Toronto","surveillanceType":"camera","operator":"","description":""},"geometry":{"type":"Point","coordinates":[-79.3876467,43.6412599]}},{"type":"Feature","properties":{"id":"osm-766935173","region":"Toronto","surveillanceType":"camera","operator":"","description":""},"geometry":{"type":"Point","coordinates":[-79.3884972,43.6435797]}},{"type":"Feature","properties":{"id":"osm-766935183","region":"Toronto","surveillanceType":"outdoor","operator":"","description":""},"geometry":{"type":"Point","coordinates":[-79.3807025,43.64211]}},{"type":"Feature","properties":{"id":"osm-766935187","region":"Toronto","surveillanceType":"outdoor","operator":"","description":""},"geometry":{"type":"Point","coordinates":[-79.3799268,43.6424809]}},{"type":"Feature","properties":{"id":"osm-766940161","region":"Toronto","surveillanceType":"public","operator":"","description":""},"geometry":{"type":"Point","coordinates":[-79.3815854,43.6435805]}},{"type":"Feature","properties":{"id":"osm-766940164","region":"Toronto","surveillanceType":"public","operator":"","description":""},"geometry":{"type":"Point","coordinates":[-79.3818743,43.6435231]}},{"type":"Feature","properties":{"id":"osm-767576900","region":"Toronto","surveillanceType":"outdoor","operator":"","description":""},"geometry":{"type":"Point","coordinates":[-79.3903202,43.6448673]}},{"type":"Feature","properties":{"id":"osm-767576906","region":"Toronto","surveillanceType":"outdoor","operator":"","description":""},"geometry":{"type":"Point","coordinates":[-79.3905518,43.6450105]}},{"type":"Feature","properties":{"id":"osm-767577389","region":"Toronto","surveillanceType":"outdoor","operator":"","description":""},"geometry":{"type":"Point","coordinates":[-79.3844848,43.6430466]}},{"type":"Feature","properties":{"id":"osm-767577995","region":"Toronto","surveillanceType":"outdoor","operator":"","description":""},"geometry":{"type":"Point","coordinates":[-79.3883155,43.6452825]}},{"type":"Feature","properties":{"id":"osm-768925870","region":"Toronto","surveillanceType":"outdoor","operator":"","description":""},"geometry":{"type":"Point","coordinates":[-79.3967964,43.6980653]}},{"type":"Feature","properties":{"id":"osm-768963825","region":"Toronto","surveillanceType":"outdoor","operator":"","description":""},"geometry":{"type":"Point","coordinates":[-79.39343,43.6485335]}},{"type":"Feature","properties":{"id":"osm-768963832","region":"Toronto","surveillanceType":"outdoor","operator":"","description":""},"geometry":{"type":"Point","coordinates":[-79.3934034,43.6484549]}},{"type":"Feature","properties":{"id":"osm-768963853","region":"Toronto","surveillanceType":"outdoor","operator":"","description":""},"geometry":{"type":"Point","coordinates":[-79.3934148,43.6484366]}},{"type":"Feature","properties":{"id":"osm-768965409","region":"Toronto","surveillanceType":"outdoor","operator":"","description":""},"geometry":{"type":"Point","coordinates":[-79.3875111,43.6507526]}},{"type":"Feature","properties":{"id":"osm-768966180","region":"Toronto","surveillanceType":"outdoor","operator":"","description":""},"geometry":{"type":"Point","coordinates":[-79.3858154,43.6481825]}},{"type":"Feature","properties":{"id":"osm-769334989","region":"Toronto","surveillanceType":"outdoor","operator":"","description":""},"geometry":{"type":"Point","coordinates":[-79.3780626,43.6477637]}},{"type":"Feature","properties":{"id":"osm-769335066","region":"Toronto","surveillanceType":"outdoor","operator":"","description":""},"geometry":{"type":"Point","coordinates":[-79.3778192,43.6478136]}},{"type":"Feature","properties":{"id":"osm-769483564","region":"Toronto","surveillanceType":"outdoor","operator":"","description":""},"geometry":{"type":"Point","coordinates":[-79.3875981,43.657812]}},{"type":"Feature","properties":{"id":"osm-769483565","region":"Toronto","surveillanceType":"outdoor","operator":"","description":""},"geometry":{"type":"Point","coordinates":[-79.3883066,43.6579625]}},{"type":"Feature","properties":{"id":"osm-769483568","region":"Toronto","surveillanceType":"outdoor","operator":"","description":""},"geometry":{"type":"Point","coordinates":[-79.387717,43.658088]}},{"type":"Feature","properties":{"id":"osm-769489704","region":"Toronto","surveillanceType":"outdoor","operator":"","description":""},"geometry":{"type":"Point","coordinates":[-79.3882373,43.6556167]}},{"type":"Feature","properties":{"id":"osm-772951381","region":"Toronto","surveillanceType":"outdoor","operator":"","description":""},"geometry":{"type":"Point","coordinates":[-79.3893656,43.6635068]}},{"type":"Feature","properties":{"id":"osm-772951398","region":"Toronto","surveillanceType":"outdoor","operator":"","description":""},"geometry":{"type":"Point","coordinates":[-79.3875122,43.6648824]}},{"type":"Feature","properties":{"id":"osm-773398427","region":"Toronto","surveillanceType":"outdoor","operator":"","description":""},"geometry":{"type":"Point","coordinates":[-79.3868177,43.6708519]}},{"type":"Feature","properties":{"id":"osm-773398429","region":"Toronto","surveillanceType":"outdoor","operator":"","description":""},"geometry":{"type":"Point","coordinates":[-79.3882498,43.665315]}},{"type":"Feature","properties":{"id":"osm-773398431","region":"Toronto","surveillanceType":"outdoor","operator":"","description":""},"geometry":{"type":"Point","coordinates":[-79.389082,43.6651345]}},{"type":"Feature","properties":{"id":"osm-773398434","region":"Toronto","surveillanceType":"outdoor","operator":"","description":""},"geometry":{"type":"Point","coordinates":[-79.38869,43.6652183]}},{"type":"Feature","properties":{"id":"osm-773490268","region":"Toronto","surveillanceType":"outdoor","operator":"","description":""},"geometry":{"type":"Point","coordinates":[-79.3835252,43.6448494]}},{"type":"Feature","properties":{"id":"osm-773490281","region":"Toronto","surveillanceType":"outdoor","operator":"","description":""},"geometry":{"type":"Point","coordinates":[-79.3809024,43.6499824]}},{"type":"Feature","properties":{"id":"osm-773491832","region":"Toronto","surveillanceType":"outdoor","operator":"","description":""},"geometry":{"type":"Point","coordinates":[-79.379378,43.652265]}},{"type":"Feature","properties":{"id":"osm-773492770","region":"Toronto","surveillanceType":"outdoor","operator":"","description":""},"geometry":{"type":"Point","coordinates":[-79.3832672,43.6506303]}},{"type":"Feature","properties":{"id":"osm-773492773","region":"Toronto","surveillanceType":"outdoor","operator":"","description":""},"geometry":{"type":"Point","coordinates":[-79.3824973,43.6509985]}},{"type":"Feature","properties":{"id":"osm-773492774","region":"Toronto","surveillanceType":"outdoor","operator":"","description":""},"geometry":{"type":"Point","coordinates":[-79.3827011,43.6507702]}},{"type":"Feature","properties":{"id":"osm-773498278","region":"Toronto","surveillanceType":"outdoor","operator":"","description":""},"geometry":{"type":"Point","coordinates":[-79.3917879,43.6554754]}},{"type":"Feature","properties":{"id":"osm-773499453","region":"Toronto","surveillanceType":"outdoor","operator":"","description":""},"geometry":{"type":"Point","coordinates":[-79.3891098,43.6540228]}},{"type":"Feature","properties":{"id":"osm-773499470","region":"Toronto","surveillanceType":"outdoor","operator":"","description":""},"geometry":{"type":"Point","coordinates":[-79.3893141,43.6543885]}},{"type":"Feature","properties":{"id":"osm-773499472","region":"Toronto","surveillanceType":"outdoor","operator":"","description":""},"geometry":{"type":"Point","coordinates":[-79.3897874,43.6542903]}},{"type":"Feature","properties":{"id":"osm-773499477","region":"Toronto","surveillanceType":"outdoor","operator":"","description":""},"geometry":{"type":"Point","coordinates":[-79.3895507,43.6543394]}},{"type":"Feature","properties":{"id":"osm-773499495","region":"Toronto","surveillanceType":"outdoor","operator":"","description":""},"geometry":{"type":"Point","coordinates":[-79.3893313,43.6529211]}},{"type":"Feature","properties":{"id":"osm-774433952","region":"Toronto","surveillanceType":"traffic","operator":"","description":""},"geometry":{"type":"Point","coordinates":[-79.3869519,43.6394517]}},{"type":"Feature","properties":{"id":"osm-774439457","region":"Toronto","surveillanceType":"outdoor","operator":"","description":""},"geometry":{"type":"Point","coordinates":[-79.3936085,43.6488556]}},{"type":"Feature","properties":{"id":"osm-774439762","region":"Toronto","surveillanceType":"outdoor","operator":"","description":""},"geometry":{"type":"Point","coordinates":[-79.3927608,43.6467818]}},{"type":"Feature","properties":{"id":"osm-775894179","region":"Toronto","surveillanceType":"outdoor","operator":"","description":""},"geometry":{"type":"Point","coordinates":[-79.3791573,43.6401173]}},{"type":"Feature","properties":{"id":"osm-775894190","region":"Toronto","surveillanceType":"outdoor","operator":"","description":""},"geometry":{"type":"Point","coordinates":[-79.379044,43.6401022]}},{"type":"Feature","properties":{"id":"osm-775895392","region":"Toronto","surveillanceType":"outdoor","operator":"","description":""},"geometry":{"type":"Point","coordinates":[-79.3854905,43.6454684]}},{"type":"Feature","properties":{"id":"osm-778756823","region":"Toronto","surveillanceType":"outdoor","operator":"","description":""},"geometry":{"type":"Point","coordinates":[-79.3790183,43.6452496]}},{"type":"Feature","properties":{"id":"osm-778756825","region":"Toronto","surveillanceType":"outdoor","operator":"","description":""},"geometry":{"type":"Point","coordinates":[-79.3790972,43.6452883]}},{"type":"Feature","properties":{"id":"osm-778766339","region":"Toronto","surveillanceType":"outdoor","operator":"","description":""},"geometry":{"type":"Point","coordinates":[-79.3870222,43.6500142]}},{"type":"Feature","properties":{"id":"osm-778766340","region":"Toronto","surveillanceType":"outdoor","operator":"","description":""},"geometry":{"type":"Point","coordinates":[-79.3869799,43.6499989]}},{"type":"Feature","properties":{"id":"osm-919290510","region":"Toronto","surveillanceType":"outdoor","operator":"","description":""},"geometry":{"type":"Point","coordinates":[-79.4004911,43.7065909]}},{"type":"Feature","properties":{"id":"osm-1113716815","region":"Toronto","surveillanceType":"camera","operator":"","description":""},"geometry":{"type":"Point","coordinates":[-79.385008,43.655293]}},{"type":"Feature","properties":{"id":"osm-1201227211","region":"Toronto","surveillanceType":"outdoor","operator":"","description":""},"geometry":{"type":"Point","coordinates":[-79.4000188,43.6966255]}},{"type":"Feature","properties":{"id":"osm-1279887174","region":"Toronto","surveillanceType":"camera","operator":"","description":""},"geometry":{"type":"Point","coordinates":[-79.379628,43.647783]}},{"type":"Feature","properties":{"id":"osm-1518372965","region":"Toronto","surveillanceType":"outdoor","operator":"","description":""},"geometry":{"type":"Point","coordinates":[-79.381153,43.65129]}},{"type":"Feature","properties":{"id":"osm-1682604932","region":"Toronto","surveillanceType":"camera","operator":"","description":""},"geometry":{"type":"Point","coordinates":[-79.395501,43.668248]}},{"type":"Feature","properties":{"id":"osm-2084110122","region":"Toronto","surveillanceType":"outdoor","operator":"","description":""},"geometry":{"type":"Point","coordinates":[-79.3970151,43.7050953]}},{"type":"Feature","properties":{"id":"osm-2200453197","region":"Toronto","surveillanceType":"camera","operator":"","description":""},"geometry":{"type":"Point","coordinates":[-79.3880643,43.6974211]}},{"type":"Feature","properties":{"id":"osm-2200453201","region":"Toronto","surveillanceType":"camera","operator":"","description":""},"geometry":{"type":"Point","coordinates":[-79.3876558,43.6975008]}},{"type":"Feature","properties":{"id":"osm-2200453203","region":"Toronto","surveillanceType":"camera","operator":"","description":""},"geometry":{"type":"Point","coordinates":[-79.3874821,43.6975322]}},{"type":"Feature","properties":{"id":"osm-2282666891","region":"Toronto","surveillanceType":"camera","operator":"","description":""},"geometry":{"type":"Point","coordinates":[-79.3773333,43.6415446]}},{"type":"Feature","properties":{"id":"osm-2365904534","region":"Toronto","surveillanceType":"camera","operator":"","description":""},"geometry":{"type":"Point","coordinates":[-79.3006531,43.6861701]}},{"type":"Feature","properties":{"id":"osm-2386963615","region":"Toronto","surveillanceType":"camera","operator":"","description":""},"geometry":{"type":"Point","coordinates":[-79.4014352,43.6872146]}},{"type":"Feature","properties":{"id":"osm-2413640771","region":"Toronto","surveillanceType":"camera","operator":"","description":""},"geometry":{"type":"Point","coordinates":[-79.5365146,43.6377749]}},{"type":"Feature","properties":{"id":"osm-2454478153","region":"Toronto","surveillanceType":"outdoor","operator":"","description":""},"geometry":{"type":"Point","coordinates":[-79.3802124,43.6577596]}},{"type":"Feature","properties":{"id":"osm-2454548803","region":"Toronto","surveillanceType":"outdoor","operator":"","description":""},"geometry":{"type":"Point","coordinates":[-79.3873502,43.6644379]}},{"type":"Feature","properties":{"id":"osm-2475517030","region":"Toronto","surveillanceType":"camera","operator":"","description":""},"geometry":{"type":"Point","coordinates":[-79.5034983,43.7745111]}},{"type":"Feature","properties":{"id":"osm-2475517054","region":"Toronto","surveillanceType":"camera","operator":"","description":""},"geometry":{"type":"Point","coordinates":[-79.5029843,43.7746275]}},{"type":"Feature","properties":{"id":"osm-2478446564","region":"Toronto","surveillanceType":"outdoor","operator":"","description":""},"geometry":{"type":"Point","coordinates":[-79.3842952,43.6712746]}},{"type":"Feature","properties":{"id":"osm-2478446568","region":"Toronto","surveillanceType":"outdoor","operator":"","description":""},"geometry":{"type":"Point","coordinates":[-79.3897182,43.6715327]}},{"type":"Feature","properties":{"id":"osm-2478446574","region":"Toronto","surveillanceType":"outdoor","operator":"","description":""},"geometry":{"type":"Point","coordinates":[-79.3896252,43.6715537]}},{"type":"Feature","properties":{"id":"osm-2478476871","region":"Toronto","surveillanceType":"outdoor","operator":"","description":""},"geometry":{"type":"Point","coordinates":[-79.3928064,43.662868]}},{"type":"Feature","properties":{"id":"osm-2480722089","region":"Toronto","surveillanceType":"camera","operator":"","description":""},"geometry":{"type":"Point","coordinates":[-79.3909833,43.658582]}},{"type":"Feature","properties":{"id":"osm-2481906938","region":"Toronto","surveillanceType":"outdoor","operator":"","description":""},"geometry":{"type":"Point","coordinates":[-79.3899096,43.668947]}},{"type":"Feature","properties":{"id":"osm-2481907314","region":"Toronto","surveillanceType":"outdoor","operator":"","description":""},"geometry":{"type":"Point","coordinates":[-79.3900294,43.6694729]}},{"type":"Feature","properties":{"id":"osm-2481907785","region":"Toronto","surveillanceType":"outdoor","operator":"","description":""},"geometry":{"type":"Point","coordinates":[-79.3889257,43.6689043]}},{"type":"Feature","properties":{"id":"osm-2481907821","region":"Toronto","surveillanceType":"outdoor","operator":"","description":""},"geometry":{"type":"Point","coordinates":[-79.391633,43.6680634]}},{"type":"Feature","properties":{"id":"osm-2482519942","region":"Toronto","surveillanceType":"outdoor","operator":"","description":""},"geometry":{"type":"Point","coordinates":[-79.3906586,43.6711989]}},{"type":"Feature","properties":{"id":"osm-2485287242","region":"Toronto","surveillanceType":"outdoor","operator":"","description":""},"geometry":{"type":"Point","coordinates":[-79.3870501,43.6533226]}},{"type":"Feature","properties":{"id":"osm-2485317650","region":"Toronto","surveillanceType":"outdoor","operator":"","description":""},"geometry":{"type":"Point","coordinates":[-79.3870232,43.6614553]}},{"type":"Feature","properties":{"id":"osm-2485321559","region":"Toronto","surveillanceType":"camera","operator":"","description":""},"geometry":{"type":"Point","coordinates":[-79.3899328,43.6607675]}},{"type":"Feature","properties":{"id":"osm-2485321562","region":"Toronto","surveillanceType":"outdoor","operator":"","description":""},"geometry":{"type":"Point","coordinates":[-79.3895033,43.6614173]}},{"type":"Feature","properties":{"id":"osm-2485324042","region":"Toronto","surveillanceType":"camera","operator":"","description":""},"geometry":{"type":"Point","coordinates":[-79.3899806,43.6594622]}},{"type":"Feature","properties":{"id":"osm-2485326391","region":"Toronto","surveillanceType":"outdoor","operator":"","description":""},"geometry":{"type":"Point","coordinates":[-79.38664,43.6615309]}},{"type":"Feature","properties":{"id":"osm-2485326392","region":"Toronto","surveillanceType":"outdoor","operator":"","description":""},"geometry":{"type":"Point","coordinates":[-79.3868105,43.6621963]}},{"type":"Feature","properties":{"id":"osm-2485404416","region":"Toronto","surveillanceType":"outdoor","operator":"","description":""},"geometry":{"type":"Point","coordinates":[-79.3890155,43.6435842]}},{"type":"Feature","properties":{"id":"osm-2486933450","region":"Toronto","surveillanceType":"outdoor","operator":"","description":""},"geometry":{"type":"Point","coordinates":[-79.3873915,43.6502209]}},{"type":"Feature","properties":{"id":"osm-2491714317","region":"Toronto","surveillanceType":"outdoor","operator":"","description":""},"geometry":{"type":"Point","coordinates":[-79.3895932,43.6704224]}},{"type":"Feature","properties":{"id":"osm-2495294806","region":"Toronto","surveillanceType":"outdoor","operator":"","description":""},"geometry":{"type":"Point","coordinates":[-79.3903633,43.667201]}},{"type":"Feature","properties":{"id":"osm-2495294811","region":"Toronto","surveillanceType":"outdoor","operator":"","description":""},"geometry":{"type":"Point","coordinates":[-79.3904371,43.6673816]}},{"type":"Feature","properties":{"id":"osm-2495299838","region":"Toronto","surveillanceType":"outdoor","operator":"","description":""},"geometry":{"type":"Point","coordinates":[-79.3891592,43.668531]}},{"type":"Feature","properties":{"id":"osm-2495299840","region":"Toronto","surveillanceType":"outdoor","operator":"","description":""},"geometry":{"type":"Point","coordinates":[-79.3894074,43.6689425]}},{"type":"Feature","properties":{"id":"osm-2503474291","region":"Toronto","surveillanceType":"public","operator":"","description":""},"geometry":{"type":"Point","coordinates":[-79.3855873,43.6607336]}},{"type":"Feature","properties":{"id":"osm-2557539845","region":"Toronto","surveillanceType":"outdoor","operator":"","description":""},"geometry":{"type":"Point","coordinates":[-79.390896,43.6608527]}},{"type":"Feature","properties":{"id":"osm-2570662859","region":"Toronto","surveillanceType":"outdoor","operator":"","description":""},"geometry":{"type":"Point","coordinates":[-79.3825009,43.6516232]}},{"type":"Feature","properties":{"id":"osm-2597364767","region":"Toronto","surveillanceType":"outdoor","operator":"","description":""},"geometry":{"type":"Point","coordinates":[-79.4004168,43.7172292]}},{"type":"Feature","properties":{"id":"osm-2616696916","region":"Toronto","surveillanceType":"outdoor","operator":"","description":""},"geometry":{"type":"Point","coordinates":[-79.425777,43.8402338]}},{"type":"Feature","properties":{"id":"osm-2616696917","region":"Toronto","surveillanceType":"outdoor","operator":"","description":""},"geometry":{"type":"Point","coordinates":[-79.4256391,43.8402925]}},{"type":"Feature","properties":{"id":"osm-2635686376","region":"Toronto","surveillanceType":"outdoor","operator":"","description":""},"geometry":{"type":"Point","coordinates":[-79.3926377,43.6878716]}},{"type":"Feature","properties":{"id":"osm-2635686385","region":"Toronto","surveillanceType":"outdoor","operator":"","description":""},"geometry":{"type":"Point","coordinates":[-79.3915766,43.6881121]}},{"type":"Feature","properties":{"id":"osm-2780569834","region":"Toronto","surveillanceType":"outdoor","operator":"","description":""},"geometry":{"type":"Point","coordinates":[-79.3429851,43.7368127]}},{"type":"Feature","properties":{"id":"osm-2806826301","region":"Toronto","surveillanceType":"camera","operator":"","description":""},"geometry":{"type":"Point","coordinates":[-79.384868,43.6611108]}},{"type":"Feature","properties":{"id":"osm-2838254001","region":"Toronto","surveillanceType":"outdoor","operator":"","description":""},"geometry":{"type":"Point","coordinates":[-79.3917693,43.6742956]}},{"type":"Feature","properties":{"id":"osm-2882490696","region":"Toronto","surveillanceType":"camera","operator":"","description":""},"geometry":{"type":"Point","coordinates":[-79.2141586,43.8103747]}},{"type":"Feature","properties":{"id":"osm-2884385559","region":"Toronto","surveillanceType":"public","operator":"Toronto Police","description":""},"geometry":{"type":"Point","coordinates":[-79.5160551,43.700266]}},{"type":"Feature","properties":{"id":"osm-2893727220","region":"Toronto","surveillanceType":"outdoor","operator":"","description":""},"geometry":{"type":"Point","coordinates":[-79.3365202,43.7225405]}},{"type":"Feature","properties":{"id":"osm-2897246658","region":"Toronto","surveillanceType":"camera","operator":"","description":""},"geometry":{"type":"Point","coordinates":[-79.4223848,43.806985]}},{"type":"Feature","properties":{"id":"osm-2926800301","region":"Toronto","surveillanceType":"camera","operator":"","description":""},"geometry":{"type":"Point","coordinates":[-79.2893957,43.7298055]}},{"type":"Feature","properties":{"id":"osm-2927795325","region":"Toronto","surveillanceType":"outdoor","operator":"","description":""},"geometry":{"type":"Point","coordinates":[-79.2892667,43.7308785]}},{"type":"Feature","properties":{"id":"osm-3039645502","region":"Toronto","surveillanceType":"traffic","operator":"Ministry of Transportation of Ontario","description":""},"geometry":{"type":"Point","coordinates":[-79.2348303,43.7852223]}},{"type":"Feature","properties":{"id":"osm-3039645865","region":"Toronto","surveillanceType":"traffic","operator":"Ministry of Transportation of Ontario","description":""},"geometry":{"type":"Point","coordinates":[-79.2464055,43.7823407]}},{"type":"Feature","properties":{"id":"osm-3039645872","region":"Toronto","surveillanceType":"traffic","operator":"Ministry of Transportation of Ontario","description":""},"geometry":{"type":"Point","coordinates":[-79.2646139,43.7785575]}},{"type":"Feature","properties":{"id":"osm-3039646143","region":"Toronto","surveillanceType":"traffic","operator":"Ministry of Transportation of Ontario","description":""},"geometry":{"type":"Point","coordinates":[-79.2839433,43.7746853]}},{"type":"Feature","properties":{"id":"osm-3039646436","region":"Toronto","surveillanceType":"traffic","operator":"Ministry of Transportation of Ontario","description":""},"geometry":{"type":"Point","coordinates":[-79.2232217,43.789608]}},{"type":"Feature","properties":{"id":"osm-3039646549","region":"Toronto","surveillanceType":"traffic","operator":"Ministry of Transportation of Ontario","description":""},"geometry":{"type":"Point","coordinates":[-79.2549524,43.7806502]}},{"type":"Feature","properties":{"id":"osm-3039647210","region":"Toronto","surveillanceType":"traffic","operator":"Ministry of Transportation of Ontario","description":""},"geometry":{"type":"Point","coordinates":[-79.2152225,43.7933196]}},{"type":"Feature","properties":{"id":"osm-3039647437","region":"Toronto","surveillanceType":"traffic","operator":"Ministry of Transportation of Ontario","description":""},"geometry":{"type":"Point","coordinates":[-79.2724554,43.7772425]}},{"type":"Feature","properties":{"id":"osm-3039650585","region":"Toronto","surveillanceType":"traffic","operator":"Ministry of Transportation of Ontario","description":""},"geometry":{"type":"Point","coordinates":[-79.2917074,43.7728641]}},{"type":"Feature","properties":{"id":"osm-3039679702","region":"Toronto","surveillanceType":"traffic","operator":"Ministry of Transportation of Ontario","description":""},"geometry":{"type":"Point","coordinates":[-79.2070376,43.7944676]}},{"type":"Feature","properties":{"id":"osm-3039680020","region":"Toronto","surveillanceType":"traffic","operator":"Ministry of Transportation of Ontario","description":""},"geometry":{"type":"Point","coordinates":[-79.1877276,43.7973613]}},{"type":"Feature","properties":{"id":"osm-3039681826","region":"Toronto","surveillanceType":"traffic","operator":"Ministry of Transportation of Ontario","description":""},"geometry":{"type":"Point","coordinates":[-79.1970521,43.7958011]}},{"type":"Feature","properties":{"id":"osm-854429423","region":"Mexico City","surveillanceType":"camera","operator":"","description":""},"geometry":{"type":"Point","coordinates":[-99.1594078,19.344119]}},{"type":"Feature","properties":{"id":"osm-1053406163","region":"Mexico City","surveillanceType":"camera","operator":"","description":""},"geometry":{"type":"Point","coordinates":[-99.1633281,19.3481316]}},{"type":"Feature","properties":{"id":"osm-1482098754","region":"Mexico City","surveillanceType":"camera","operator":"","description":""},"geometry":{"type":"Point","coordinates":[-99.1595821,19.3472209]}},{"type":"Feature","properties":{"id":"osm-1719032554","region":"Mexico City","surveillanceType":"public","operator":"","description":""},"geometry":{"type":"Point","coordinates":[-99.1745473,19.364842]}},{"type":"Feature","properties":{"id":"osm-2185453989","region":"Mexico City","surveillanceType":"public","operator":"","description":""},"geometry":{"type":"Point","coordinates":[-99.0095832,19.3777789]}},{"type":"Feature","properties":{"id":"osm-2320248397","region":"Mexico City","surveillanceType":"camera","operator":"","description":""},"geometry":{"type":"Point","coordinates":[-99.1361411,19.4045045]}},{"type":"Feature","properties":{"id":"osm-2742569600","region":"Mexico City","surveillanceType":"camera","operator":"","description":""},"geometry":{"type":"Point","coordinates":[-99.1282216,19.2128998]}},{"type":"Feature","properties":{"id":"osm-3002100977","region":"Mexico City","surveillanceType":"camera","operator":"","description":""},"geometry":{"type":"Point","coordinates":[-99.1563141,19.343821]}},{"type":"Feature","properties":{"id":"osm-3029539757","region":"Mexico City","surveillanceType":"camera","operator":"","description":""},"geometry":{"type":"Point","coordinates":[-99.1984247,19.5003627]}},{"type":"Feature","properties":{"id":"osm-3029633871","region":"Mexico City","surveillanceType":"camera","operator":"","description":""},"geometry":{"type":"Point","coordinates":[-99.2046173,19.502016]}},{"type":"Feature","properties":{"id":"osm-3050291265","region":"Mexico City","surveillanceType":"public","operator":"CAEPCCM","description":""},"geometry":{"type":"Point","coordinates":[-99.1889904,19.4850316]}},{"type":"Feature","properties":{"id":"osm-3062782755","region":"Mexico City","surveillanceType":"camera","operator":"","description":""},"geometry":{"type":"Point","coordinates":[-99.0964152,19.4582507]}},{"type":"Feature","properties":{"id":"osm-3062841476","region":"Mexico City","surveillanceType":"camera","operator":"","description":""},"geometry":{"type":"Point","coordinates":[-99.0930451,19.466389]}},{"type":"Feature","properties":{"id":"osm-3199791487","region":"Mexico City","surveillanceType":"camera","operator":"","description":"dome"},"geometry":{"type":"Point","coordinates":[-99.187979,19.3324968]}},{"type":"Feature","properties":{"id":"osm-3596876327","region":"Mexico City","surveillanceType":"camera","operator":"C2","description":"dome"},"geometry":{"type":"Point","coordinates":[-99.171332,19.3779184]}},{"type":"Feature","properties":{"id":"osm-3596876328","region":"Mexico City","surveillanceType":"camera","operator":"C2","description":"dome"},"geometry":{"type":"Point","coordinates":[-99.1735859,19.3784297]}},{"type":"Feature","properties":{"id":"osm-3596876329","region":"Mexico City","surveillanceType":"camera","operator":"C2","description":"dome"},"geometry":{"type":"Point","coordinates":[-99.1710223,19.3790877]}},{"type":"Feature","properties":{"id":"osm-3596876330","region":"Mexico City","surveillanceType":"camera","operator":"C2","description":"dome"},"geometry":{"type":"Point","coordinates":[-99.1725162,19.379435]}},{"type":"Feature","properties":{"id":"osm-4158677161","region":"Mexico City","surveillanceType":"camera","operator":"","description":"dome"},"geometry":{"type":"Point","coordinates":[-99.1828354,19.3141381]}},{"type":"Feature","properties":{"id":"osm-5062772909","region":"Mexico City","surveillanceType":"camera","operator":"C5 CDMX","description":""},"geometry":{"type":"Point","coordinates":[-99.188102,19.2822875]}},{"type":"Feature","properties":{"id":"osm-5062772911","region":"Mexico City","surveillanceType":"camera","operator":"C5 CDMX","description":""},"geometry":{"type":"Point","coordinates":[-99.1856627,19.2839068]}},{"type":"Feature","properties":{"id":"osm-5062772912","region":"Mexico City","surveillanceType":"camera","operator":"C5 CDMX","description":""},"geometry":{"type":"Point","coordinates":[-99.1853275,19.2828828]}},{"type":"Feature","properties":{"id":"osm-5103747321","region":"Mexico City","surveillanceType":"camera","operator":"","description":""},"geometry":{"type":"Point","coordinates":[-99.0722418,19.505167]}},{"type":"Feature","properties":{"id":"osm-5111484319","region":"Mexico City","surveillanceType":"camera","operator":"C5 CDMX","description":""},"geometry":{"type":"Point","coordinates":[-99.177804,19.2894116]}},{"type":"Feature","properties":{"id":"osm-5111530190","region":"Mexico City","surveillanceType":"camera","operator":"C5 CDMX","description":""},"geometry":{"type":"Point","coordinates":[-99.1767105,19.2886357]}},{"type":"Feature","properties":{"id":"osm-5175805821","region":"Mexico City","surveillanceType":"guard","operator":"","description":""},"geometry":{"type":"Point","coordinates":[-99.1519391,19.3532363]}},{"type":"Feature","properties":{"id":"osm-5264498484","region":"Mexico City","surveillanceType":"camera","operator":"C5 CDMX","description":""},"geometry":{"type":"Point","coordinates":[-99.1850122,19.2859512]}},{"type":"Feature","properties":{"id":"osm-5266912421","region":"Mexico City","surveillanceType":"camera","operator":"","description":""},"geometry":{"type":"Point","coordinates":[-99.1807855,19.3301393]}},{"type":"Feature","properties":{"id":"osm-5355773148","region":"Mexico City","surveillanceType":"guard","operator":"","description":"Seguridad del centro de convivencia"},"geometry":{"type":"Point","coordinates":[-99.0839386,19.4169023]}},{"type":"Feature","properties":{"id":"osm-5355773149","region":"Mexico City","surveillanceType":"guard","operator":"","description":"Seguridad unidad bahia"},"geometry":{"type":"Point","coordinates":[-99.0839743,19.4157517]}},{"type":"Feature","properties":{"id":"osm-5355773150","region":"Mexico City","surveillanceType":"guard","operator":"","description":"Seguridad unidad bahia"},"geometry":{"type":"Point","coordinates":[-99.0842357,19.4142363]}},{"type":"Feature","properties":{"id":"osm-5355785095","region":"Mexico City","surveillanceType":"guard","operator":"","description":"Seguridad unidad bahia"},"geometry":{"type":"Point","coordinates":[-99.0837605,19.416595]}},{"type":"Feature","properties":{"id":"osm-5355785096","region":"Mexico City","surveillanceType":"guard","operator":"","description":"Seguridad unidad bahia"},"geometry":{"type":"Point","coordinates":[-99.0837934,19.416437]}},{"type":"Feature","properties":{"id":"osm-5355785097","region":"Mexico City","surveillanceType":"guard","operator":"","description":"Seguridad unidad bahia"},"geometry":{"type":"Point","coordinates":[-99.0836108,19.4173688]}},{"type":"Feature","properties":{"id":"osm-5355785098","region":"Mexico City","surveillanceType":"guard","operator":"","description":"Seguridad unidad bahia"},"geometry":{"type":"Point","coordinates":[-99.0833355,19.418749]}},{"type":"Feature","properties":{"id":"osm-5355785099","region":"Mexico City","surveillanceType":"guard","operator":"","description":"Seguridad escolar"},"geometry":{"type":"Point","coordinates":[-99.0832613,19.418979]}},{"type":"Feature","properties":{"id":"osm-5355785100","region":"Mexico City","surveillanceType":"guard","operator":"","description":"Seguridad unidad bahia"},"geometry":{"type":"Point","coordinates":[-99.0830203,19.4199247]}},{"type":"Feature","properties":{"id":"osm-5399068775","region":"Mexico City","surveillanceType":"camera","operator":"","description":""},"geometry":{"type":"Point","coordinates":[-99.0820775,19.3310686]}},{"type":"Feature","properties":{"id":"osm-5399074875","region":"Mexico City","surveillanceType":"camera","operator":"","description":""},"geometry":{"type":"Point","coordinates":[-99.0845209,19.3315573]}},{"type":"Feature","properties":{"id":"osm-5412010085","region":"Mexico City","surveillanceType":"camera","operator":"","description":"fixed"},"geometry":{"type":"Point","coordinates":[-99.0833354,19.4149522]}},{"type":"Feature","properties":{"id":"osm-5412010086","region":"Mexico City","surveillanceType":"camera","operator":"","description":"fixed"},"geometry":{"type":"Point","coordinates":[-99.0834167,19.4145413]}},{"type":"Feature","properties":{"id":"osm-5412010087","region":"Mexico City","surveillanceType":"camera","operator":"","description":"fixed"},"geometry":{"type":"Point","coordinates":[-99.0836662,19.4142556]}},{"type":"Feature","properties":{"id":"osm-5412010088","region":"Mexico City","surveillanceType":"camera","operator":"","description":"fixed"},"geometry":{"type":"Point","coordinates":[-99.0840658,19.4146185]}},{"type":"Feature","properties":{"id":"osm-5412010089","region":"Mexico City","surveillanceType":"camera","operator":"","description":"fixed"},"geometry":{"type":"Point","coordinates":[-99.0839227,19.4151665]}},{"type":"Feature","properties":{"id":"osm-5412010090","region":"Mexico City","surveillanceType":"camera","operator":"","description":"fixed"},"geometry":{"type":"Point","coordinates":[-99.0839493,19.4154857]}},{"type":"Feature","properties":{"id":"osm-5412010091","region":"Mexico City","surveillanceType":"camera","operator":"","description":"fixed"},"geometry":{"type":"Point","coordinates":[-99.0835799,19.4155112]}},{"type":"Feature","properties":{"id":"osm-5412010092","region":"Mexico City","surveillanceType":"camera","operator":"","description":"fixed"},"geometry":{"type":"Point","coordinates":[-99.0830437,19.4153749]}},{"type":"Feature","properties":{"id":"osm-5412010093","region":"Mexico City","surveillanceType":"camera","operator":"","description":"fixed"},"geometry":{"type":"Point","coordinates":[-99.084023,19.4156913]}},{"type":"Feature","properties":{"id":"osm-5421307569","region":"Mexico City","surveillanceType":"camera","operator":"","description":""},"geometry":{"type":"Point","coordinates":[-99.2333251,19.5323312]}},{"type":"Feature","properties":{"id":"osm-5421308638","region":"Mexico City","surveillanceType":"camera","operator":"","description":""},"geometry":{"type":"Point","coordinates":[-99.234724,19.5307511]}},{"type":"Feature","properties":{"id":"osm-5485828773","region":"Mexico City","surveillanceType":"camera","operator":"","description":"panning"},"geometry":{"type":"Point","coordinates":[-99.0864975,19.4221869]}},{"type":"Feature","properties":{"id":"osm-5614451556","region":"Mexico City","surveillanceType":"camera","operator":"C5 CDMX","description":""},"geometry":{"type":"Point","coordinates":[-99.1865246,19.2816275]}},{"type":"Feature","properties":{"id":"osm-5614460312","region":"Mexico City","surveillanceType":"camera","operator":"C5 CDMX","description":""},"geometry":{"type":"Point","coordinates":[-99.1808219,19.2859306]}},{"type":"Feature","properties":{"id":"osm-5614462517","region":"Mexico City","surveillanceType":"camera","operator":"C5 CDMX","description":""},"geometry":{"type":"Point","coordinates":[-99.1804038,19.288318]}},{"type":"Feature","properties":{"id":"osm-5614462898","region":"Mexico City","surveillanceType":"camera","operator":"C5 CDMX","description":""},"geometry":{"type":"Point","coordinates":[-99.1791018,19.2899531]}},{"type":"Feature","properties":{"id":"osm-5614463651","region":"Mexico City","surveillanceType":"camera","operator":"C5 CDMX","description":""},"geometry":{"type":"Point","coordinates":[-99.1781132,19.2926442]}},{"type":"Feature","properties":{"id":"osm-5631745153","region":"Mexico City","surveillanceType":"camera","operator":"C5 CDMX","description":""},"geometry":{"type":"Point","coordinates":[-99.1818712,19.2866513]}},{"type":"Feature","properties":{"id":"osm-5631745154","region":"Mexico City","surveillanceType":"camera","operator":"C5 CDMX","description":""},"geometry":{"type":"Point","coordinates":[-99.1839889,19.2876077]}},{"type":"Feature","properties":{"id":"osm-5631745466","region":"Mexico City","surveillanceType":"camera","operator":"C5 CDMX","description":""},"geometry":{"type":"Point","coordinates":[-99.1848739,19.2879426]}},{"type":"Feature","properties":{"id":"osm-5631753200","region":"Mexico City","surveillanceType":"camera","operator":"C5 CDMX","description":""},"geometry":{"type":"Point","coordinates":[-99.1834029,19.2850497]}},{"type":"Feature","properties":{"id":"osm-5631753201","region":"Mexico City","surveillanceType":"camera","operator":"C5 CDMX","description":""},"geometry":{"type":"Point","coordinates":[-99.1824853,19.2853657]}},{"type":"Feature","properties":{"id":"osm-5631764642","region":"Mexico City","surveillanceType":"camera","operator":"C5 CDMX","description":""},"geometry":{"type":"Point","coordinates":[-99.1868312,19.2844129]}},{"type":"Feature","properties":{"id":"osm-5631771946","region":"Mexico City","surveillanceType":"camera","operator":"C5 CDMX","description":""},"geometry":{"type":"Point","coordinates":[-99.184118,19.2866992]}},{"type":"Feature","properties":{"id":"osm-5631772722","region":"Mexico City","surveillanceType":"camera","operator":"C5 CDMX","description":""},"geometry":{"type":"Point","coordinates":[-99.1834118,19.2863857]}},{"type":"Feature","properties":{"id":"osm-5631786087","region":"Mexico City","surveillanceType":"camera","operator":"C5 CDMX","description":""},"geometry":{"type":"Point","coordinates":[-99.1828389,19.2880681]}},{"type":"Feature","properties":{"id":"osm-5631794211","region":"Mexico City","surveillanceType":"camera","operator":"C5 CDMX","description":""},"geometry":{"type":"Point","coordinates":[-99.1815392,19.2888167]}},{"type":"Feature","properties":{"id":"osm-5646958208","region":"Mexico City","surveillanceType":"camera","operator":"C5 CDMX","description":""},"geometry":{"type":"Point","coordinates":[-99.184337,19.2888368]}},{"type":"Feature","properties":{"id":"osm-5646984503","region":"Mexico City","surveillanceType":"camera","operator":"C5 CDMX","description":""},"geometry":{"type":"Point","coordinates":[-99.1828001,19.2904405]}},{"type":"Feature","properties":{"id":"osm-5647026632","region":"Mexico City","surveillanceType":"camera","operator":"C5 CDMX","description":""},"geometry":{"type":"Point","coordinates":[-99.1799412,19.2922973]}},{"type":"Feature","properties":{"id":"osm-5647035286","region":"Mexico City","surveillanceType":"camera","operator":"C5 CDMX","description":""},"geometry":{"type":"Point","coordinates":[-99.1815088,19.2940919]}},{"type":"Feature","properties":{"id":"osm-5647051650","region":"Mexico City","surveillanceType":"camera","operator":"C5 CDMX","description":""},"geometry":{"type":"Point","coordinates":[-99.1763694,19.2919286]}},{"type":"Feature","properties":{"id":"osm-5647082612","region":"Mexico City","surveillanceType":"camera","operator":"C5 CDMX","description":""},"geometry":{"type":"Point","coordinates":[-99.1750546,19.2892843]}},{"type":"Feature","properties":{"id":"osm-5647088488","region":"Mexico City","surveillanceType":"camera","operator":"C5 CDMX","description":""},"geometry":{"type":"Point","coordinates":[-99.1773649,19.2875928]}},{"type":"Feature","properties":{"id":"osm-5647096897","region":"Mexico City","surveillanceType":"camera","operator":"C5 CDMX","description":""},"geometry":{"type":"Point","coordinates":[-99.1820621,19.2831703]}},{"type":"Feature","properties":{"id":"osm-5647128177","region":"Mexico City","surveillanceType":"camera","operator":"C5 CDMX","description":""},"geometry":{"type":"Point","coordinates":[-99.1852808,19.2872004]}},{"type":"Feature","properties":{"id":"osm-5647133807","region":"Mexico City","surveillanceType":"camera","operator":"C5 CDMX","description":""},"geometry":{"type":"Point","coordinates":[-99.1866022,19.2867488]}},{"type":"Feature","properties":{"id":"osm-5647166787","region":"Mexico City","surveillanceType":"camera","operator":"C5 CDMX","description":""},"geometry":{"type":"Point","coordinates":[-99.1889752,19.2845533]}},{"type":"Feature","properties":{"id":"osm-5805383961","region":"Mexico City","surveillanceType":"outdoor","operator":"","description":""},"geometry":{"type":"Point","coordinates":[-99.1143811,19.4202867]}},{"type":"Feature","properties":{"id":"osm-6133261366","region":"Mexico City","surveillanceType":"camera","operator":"C5","description":""},"geometry":{"type":"Point","coordinates":[-99.1621156,19.2780458]}},{"type":"Feature","properties":{"id":"osm-6538867996","region":"Mexico City","surveillanceType":"camera","operator":"C5 CDMX","description":""},"geometry":{"type":"Point","coordinates":[-99.1848104,19.2841974]}},{"type":"Feature","properties":{"id":"osm-7221255126","region":"Mexico City","surveillanceType":"camera","operator":"","description":""},"geometry":{"type":"Point","coordinates":[-99.1764758,19.4348257]}},{"type":"Feature","properties":{"id":"osm-7221286903","region":"Mexico City","surveillanceType":"guard","operator":"","description":""},"geometry":{"type":"Point","coordinates":[-99.1787686,19.4468703]}},{"type":"Feature","properties":{"id":"osm-7221286904","region":"Mexico City","surveillanceType":"camera","operator":"","description":""},"geometry":{"type":"Point","coordinates":[-99.1799519,19.445094]}},{"type":"Feature","properties":{"id":"osm-7221313912","region":"Mexico City","surveillanceType":"camera","operator":"","description":""},"geometry":{"type":"Point","coordinates":[-99.1761106,19.4407355]}},{"type":"Feature","properties":{"id":"osm-7221313913","region":"Mexico City","surveillanceType":"camera","operator":"","description":""},"geometry":{"type":"Point","coordinates":[-99.1772414,19.4393429]}},{"type":"Feature","properties":{"id":"osm-7221313914","region":"Mexico City","surveillanceType":"camera","operator":"","description":""},"geometry":{"type":"Point","coordinates":[-99.1785603,19.4438749]}},{"type":"Feature","properties":{"id":"osm-7221313915","region":"Mexico City","surveillanceType":"camera","operator":"","description":""},"geometry":{"type":"Point","coordinates":[-99.1790181,19.4450745]}},{"type":"Feature","properties":{"id":"osm-7252084488","region":"Mexico City","surveillanceType":"camera","operator":"","description":""},"geometry":{"type":"Point","coordinates":[-99.2619431,19.5073074]}},{"type":"Feature","properties":{"id":"osm-7252084511","region":"Mexico City","surveillanceType":"camera","operator":"","description":""},"geometry":{"type":"Point","coordinates":[-99.2621972,19.5069801]}},{"type":"Feature","properties":{"id":"osm-7252084538","region":"Mexico City","surveillanceType":"camera","operator":"","description":""},"geometry":{"type":"Point","coordinates":[-99.2614716,19.5076116]}},{"type":"Feature","properties":{"id":"osm-7728580902","region":"Mexico City","surveillanceType":"camera","operator":"","description":"dome"},"geometry":{"type":"Point","coordinates":[-99.0988806,19.4718308]}},{"type":"Feature","properties":{"id":"osm-7728580903","region":"Mexico City","surveillanceType":"camera","operator":"","description":"dome"},"geometry":{"type":"Point","coordinates":[-99.100436,19.4725852]}},{"type":"Feature","properties":{"id":"osm-7764806849","region":"Mexico City","surveillanceType":"camera","operator":"CDMX","description":"panning"},"geometry":{"type":"Point","coordinates":[-99.1872371,19.3803437]}},{"type":"Feature","properties":{"id":"osm-8092881352","region":"Mexico City","surveillanceType":"camera","operator":"","description":"fixed"},"geometry":{"type":"Point","coordinates":[-99.1629863,19.2764779]}},{"type":"Feature","properties":{"id":"osm-8662982635","region":"Mexico City","surveillanceType":"camera","operator":"","description":""},"geometry":{"type":"Point","coordinates":[-99.0859546,19.4486502]}},{"type":"Feature","properties":{"id":"osm-9725174941","region":"Mexico City","surveillanceType":"camera","operator":"","description":""},"geometry":{"type":"Point","coordinates":[-99.1711364,19.4253642]}},{"type":"Feature","properties":{"id":"osm-9797225073","region":"Mexico City","surveillanceType":"camera","operator":"","description":""},"geometry":{"type":"Point","coordinates":[-99.1641652,19.4286471]}},{"type":"Feature","properties":{"id":"osm-9861432848","region":"Mexico City","surveillanceType":"camera","operator":"","description":"fixed"},"geometry":{"type":"Point","coordinates":[-99.0774673,19.4093794]}},{"type":"Feature","properties":{"id":"osm-9861533911","region":"Mexico City","surveillanceType":"camera","operator":"","description":"panning"},"geometry":{"type":"Point","coordinates":[-99.0757192,19.407687]}},{"type":"Feature","properties":{"id":"osm-9861577410","region":"Mexico City","surveillanceType":"camera","operator":"","description":"fixed"},"geometry":{"type":"Point","coordinates":[-99.0765072,19.4086668]}},{"type":"Feature","properties":{"id":"osm-9870754011","region":"Mexico City","surveillanceType":"camera","operator":"","description":"panning"},"geometry":{"type":"Point","coordinates":[-99.1471352,19.43531]}},{"type":"Feature","properties":{"id":"osm-9870826679","region":"Mexico City","surveillanceType":"camera","operator":"","description":"panning"},"geometry":{"type":"Point","coordinates":[-99.1457437,19.4351333]}},{"type":"Feature","properties":{"id":"osm-9870826680","region":"Mexico City","surveillanceType":"camera","operator":"","description":"panning"},"geometry":{"type":"Point","coordinates":[-99.1448637,19.4347601]}},{"type":"Feature","properties":{"id":"osm-9870826681","region":"Mexico City","surveillanceType":"camera","operator":"","description":"panning"},"geometry":{"type":"Point","coordinates":[-99.1443557,19.435113]}},{"type":"Feature","properties":{"id":"osm-9921735301","region":"Mexico City","surveillanceType":"camera","operator":"","description":""},"geometry":{"type":"Point","coordinates":[-99.1499611,19.4353479]}},{"type":"Feature","properties":{"id":"osm-9925985582","region":"Mexico City","surveillanceType":"camera","operator":"","description":""},"geometry":{"type":"Point","coordinates":[-99.220983,19.3969142]}},{"type":"Feature","properties":{"id":"osm-9925985583","region":"Mexico City","surveillanceType":"camera","operator":"","description":""},"geometry":{"type":"Point","coordinates":[-99.2389617,19.3913821]}},{"type":"Feature","properties":{"id":"osm-9950384142","region":"Mexico City","surveillanceType":"camera","operator":"","description":""},"geometry":{"type":"Point","coordinates":[-99.1965209,19.4176371]}},{"type":"Feature","properties":{"id":"osm-10127393579","region":"Mexico City","surveillanceType":"camera","operator":"","description":""},"geometry":{"type":"Point","coordinates":[-99.06459,19.3449955]}},{"type":"Feature","properties":{"id":"osm-10233482571","region":"Mexico City","surveillanceType":"camera","operator":"","description":""},"geometry":{"type":"Point","coordinates":[-99.0945793,19.427987]}},{"type":"Feature","properties":{"id":"osm-10233482574","region":"Mexico City","surveillanceType":"camera","operator":"","description":""},"geometry":{"type":"Point","coordinates":[-99.0958218,19.4287205]}},{"type":"Feature","properties":{"id":"osm-10233482575","region":"Mexico City","surveillanceType":"camera","operator":"","description":""},"geometry":{"type":"Point","coordinates":[-99.0974881,19.4295459]}},{"type":"Feature","properties":{"id":"osm-10234496245","region":"Mexico City","surveillanceType":"camera","operator":"","description":""},"geometry":{"type":"Point","coordinates":[-99.0738805,19.4179576]}},{"type":"Feature","properties":{"id":"osm-10234496252","region":"Mexico City","surveillanceType":"camera","operator":"","description":""},"geometry":{"type":"Point","coordinates":[-99.0776994,19.4184503]}},{"type":"Feature","properties":{"id":"osm-10243492529","region":"Mexico City","surveillanceType":"camera","operator":"","description":""},"geometry":{"type":"Point","coordinates":[-99.1045931,19.4084485]}},{"type":"Feature","properties":{"id":"osm-10749511008","region":"Mexico City","surveillanceType":"camera","operator":"","description":""},"geometry":{"type":"Point","coordinates":[-99.1829498,19.3235945]}},{"type":"Feature","properties":{"id":"osm-10871888002","region":"Mexico City","surveillanceType":"camera","operator":"","description":""},"geometry":{"type":"Point","coordinates":[-99.089069,19.247406]}},{"type":"Feature","properties":{"id":"osm-10900391897","region":"Mexico City","surveillanceType":"camera","operator":"","description":""},"geometry":{"type":"Point","coordinates":[-99.1881919,19.3324867]}},{"type":"Feature","properties":{"id":"osm-10958525564","region":"Mexico City","surveillanceType":"camera","operator":"","description":"fixed"},"geometry":{"type":"Point","coordinates":[-99.1083951,19.4605311]}},{"type":"Feature","properties":{"id":"osm-11072341021","region":"Mexico City","surveillanceType":"camera","operator":"","description":""},"geometry":{"type":"Point","coordinates":[-99.1421043,19.5257411]}},{"type":"Feature","properties":{"id":"osm-11087500129","region":"Mexico City","surveillanceType":"camera","operator":"","description":""},"geometry":{"type":"Point","coordinates":[-99.1444442,19.5262193]}},{"type":"Feature","properties":{"id":"osm-11105928834","region":"Mexico City","surveillanceType":"camera","operator":"","description":""},"geometry":{"type":"Point","coordinates":[-99.2913809,19.3538451]}},{"type":"Feature","properties":{"id":"osm-11106089169","region":"Mexico City","surveillanceType":"camera","operator":"","description":""},"geometry":{"type":"Point","coordinates":[-99.2844701,19.3366816]}},{"type":"Feature","properties":{"id":"osm-11135212101","region":"Mexico City","surveillanceType":"camera","operator":"","description":""},"geometry":{"type":"Point","coordinates":[-99.284187,19.3502072]}},{"type":"Feature","properties":{"id":"osm-11135212104","region":"Mexico City","surveillanceType":"camera","operator":"","description":""},"geometry":{"type":"Point","coordinates":[-99.2839283,19.3502519]}},{"type":"Feature","properties":{"id":"osm-11135230015","region":"Mexico City","surveillanceType":"camera","operator":"","description":""},"geometry":{"type":"Point","coordinates":[-99.2853768,19.3519402]}},{"type":"Feature","properties":{"id":"osm-11421167162","region":"Mexico City","surveillanceType":"guard","operator":"","description":""},"geometry":{"type":"Point","coordinates":[-99.0711399,19.3617527]}},{"type":"Feature","properties":{"id":"osm-11553076745","region":"Mexico City","surveillanceType":"camera","operator":"","description":""},"geometry":{"type":"Point","coordinates":[-99.1791195,19.4551713]}},{"type":"Feature","properties":{"id":"osm-11619829048","region":"Mexico City","surveillanceType":"camera","operator":"","description":""},"geometry":{"type":"Point","coordinates":[-99.1209134,19.4788274]}},{"type":"Feature","properties":{"id":"osm-11721771798","region":"Mexico City","surveillanceType":"camera","operator":"","description":""},"geometry":{"type":"Point","coordinates":[-99.1866794,19.3176482]}},{"type":"Feature","properties":{"id":"osm-11721771799","region":"Mexico City","surveillanceType":"camera","operator":"","description":""},"geometry":{"type":"Point","coordinates":[-99.1895407,19.3242954]}},{"type":"Feature","properties":{"id":"osm-11721799102","region":"Mexico City","surveillanceType":"camera","operator":"","description":""},"geometry":{"type":"Point","coordinates":[-99.1944076,19.3265594]}},{"type":"Feature","properties":{"id":"osm-11721806157","region":"Mexico City","surveillanceType":"camera","operator":"","description":""},"geometry":{"type":"Point","coordinates":[-99.1875542,19.3176432]}},{"type":"Feature","properties":{"id":"osm-11721809894","region":"Mexico City","surveillanceType":"camera","operator":"","description":""},"geometry":{"type":"Point","coordinates":[-99.1926644,19.3236005]}},{"type":"Feature","properties":{"id":"osm-11721814665","region":"Mexico City","surveillanceType":"camera","operator":"","description":""},"geometry":{"type":"Point","coordinates":[-99.1945345,19.3228411]}},{"type":"Feature","properties":{"id":"osm-11721835991","region":"Mexico City","surveillanceType":"camera","operator":"","description":""},"geometry":{"type":"Point","coordinates":[-99.1950292,19.3330503]}},{"type":"Feature","properties":{"id":"osm-11721912033","region":"Mexico City","surveillanceType":"camera","operator":"","description":""},"geometry":{"type":"Point","coordinates":[-99.1854293,19.3324743]}},{"type":"Feature","properties":{"id":"osm-11721999539","region":"Mexico City","surveillanceType":"camera","operator":"","description":""},"geometry":{"type":"Point","coordinates":[-99.1876812,19.3256815]}},{"type":"Feature","properties":{"id":"osm-11725493688","region":"Mexico City","surveillanceType":"camera","operator":"","description":""},"geometry":{"type":"Point","coordinates":[-99.1939887,19.3336501]}},{"type":"Feature","properties":{"id":"osm-11725643075","region":"Mexico City","surveillanceType":"camera","operator":"","description":""},"geometry":{"type":"Point","coordinates":[-99.1761333,19.3256734]}},{"type":"Feature","properties":{"id":"osm-11725661917","region":"Mexico City","surveillanceType":"camera","operator":"","description":""},"geometry":{"type":"Point","coordinates":[-99.1760546,19.3193378]}},{"type":"Feature","properties":{"id":"osm-11725948728","region":"Mexico City","surveillanceType":"camera","operator":"","description":""},"geometry":{"type":"Point","coordinates":[-99.1787955,19.314854]}},{"type":"Feature","properties":{"id":"osm-11725948729","region":"Mexico City","surveillanceType":"camera","operator":"","description":""},"geometry":{"type":"Point","coordinates":[-99.1788938,19.3148805]}},{"type":"Feature","properties":{"id":"osm-11725950002","region":"Mexico City","surveillanceType":"camera","operator":"","description":""},"geometry":{"type":"Point","coordinates":[-99.1746893,19.3261966]}},{"type":"Feature","properties":{"id":"osm-11725969963","region":"Mexico City","surveillanceType":"camera","operator":"","description":""},"geometry":{"type":"Point","coordinates":[-99.1748635,19.3251696]}},{"type":"Feature","properties":{"id":"osm-11725969964","region":"Mexico City","surveillanceType":"camera","operator":"","description":""},"geometry":{"type":"Point","coordinates":[-99.1783542,19.332595]}},{"type":"Feature","properties":{"id":"osm-11725976074","region":"Mexico City","surveillanceType":"camera","operator":"","description":""},"geometry":{"type":"Point","coordinates":[-99.1790889,19.3122376]}},{"type":"Feature","properties":{"id":"osm-11725981917","region":"Mexico City","surveillanceType":"camera","operator":"","description":""},"geometry":{"type":"Point","coordinates":[-99.1784803,19.3315919]}},{"type":"Feature","properties":{"id":"osm-11725989867","region":"Mexico City","surveillanceType":"camera","operator":"","description":""},"geometry":{"type":"Point","coordinates":[-99.1750331,19.3288392]}},{"type":"Feature","properties":{"id":"osm-11725989868","region":"Mexico City","surveillanceType":"camera","operator":"","description":""},"geometry":{"type":"Point","coordinates":[-99.1759345,19.3296043]}},{"type":"Feature","properties":{"id":"osm-5220303321","region":"São Paulo","surveillanceType":"camera","operator":"","description":""},"geometry":{"type":"Point","coordinates":[-46.7690766,-23.6600388]}},{"type":"Feature","properties":{"id":"osm-5280502121","region":"São Paulo","surveillanceType":"camera","operator":"","description":""},"geometry":{"type":"Point","coordinates":[-46.6921548,-23.6844643]}},{"type":"Feature","properties":{"id":"osm-6206870621","region":"São Paulo","surveillanceType":"camera","operator":"","description":""},"geometry":{"type":"Point","coordinates":[-46.7259989,-23.5459717]}},{"type":"Feature","properties":{"id":"osm-6206870622","region":"São Paulo","surveillanceType":"camera","operator":"","description":""},"geometry":{"type":"Point","coordinates":[-46.657032,-23.5831262]}},{"type":"Feature","properties":{"id":"osm-6206870623","region":"São Paulo","surveillanceType":"camera","operator":"","description":""},"geometry":{"type":"Point","coordinates":[-46.6589325,-23.5849046]}},{"type":"Feature","properties":{"id":"osm-6636801795","region":"São Paulo","surveillanceType":"camera","operator":"","description":"dome"},"geometry":{"type":"Point","coordinates":[-46.5285745,-23.6568027]}},{"type":"Feature","properties":{"id":"osm-6773621147","region":"São Paulo","surveillanceType":"camera","operator":"","description":"dome"},"geometry":{"type":"Point","coordinates":[-46.5352441,-23.6563146]}},{"type":"Feature","properties":{"id":"osm-6793470997","region":"São Paulo","surveillanceType":"camera","operator":"","description":"dome"},"geometry":{"type":"Point","coordinates":[-46.5386592,-23.6399693]}},{"type":"Feature","properties":{"id":"osm-6799839694","region":"São Paulo","surveillanceType":"camera","operator":"","description":"dome"},"geometry":{"type":"Point","coordinates":[-46.5200465,-23.6524232]}},{"type":"Feature","properties":{"id":"osm-6799855602","region":"São Paulo","surveillanceType":"camera","operator":"","description":"dome"},"geometry":{"type":"Point","coordinates":[-46.5085409,-23.6532753]}},{"type":"Feature","properties":{"id":"osm-6814874431","region":"São Paulo","surveillanceType":"camera","operator":"","description":"dome"},"geometry":{"type":"Point","coordinates":[-46.5412996,-23.624178]}},{"type":"Feature","properties":{"id":"osm-6814925332","region":"São Paulo","surveillanceType":"camera","operator":"","description":"dome"},"geometry":{"type":"Point","coordinates":[-46.5415413,-23.6242711]}},{"type":"Feature","properties":{"id":"osm-6814947580","region":"São Paulo","surveillanceType":"camera","operator":"","description":"Av. Industrial x Trevo Uniabc"},"geometry":{"type":"Point","coordinates":[-46.5452333,-23.62918]}},{"type":"Feature","properties":{"id":"osm-6835400002","region":"São Paulo","surveillanceType":"camera","operator":"","description":"dome"},"geometry":{"type":"Point","coordinates":[-46.537283,-23.6308973]}},{"type":"Feature","properties":{"id":"osm-6835475833","region":"São Paulo","surveillanceType":"camera","operator":"","description":"dome"},"geometry":{"type":"Point","coordinates":[-46.5029253,-23.633899]}},{"type":"Feature","properties":{"id":"osm-6835500673","region":"São Paulo","surveillanceType":"camera","operator":"","description":"panning"},"geometry":{"type":"Point","coordinates":[-46.5029257,-23.6339958]}},{"type":"Feature","properties":{"id":"osm-6835832641","region":"São Paulo","surveillanceType":"camera","operator":"","description":"panning"},"geometry":{"type":"Point","coordinates":[-46.5143367,-23.6352606]}},{"type":"Feature","properties":{"id":"osm-6835839083","region":"São Paulo","surveillanceType":"camera","operator":"","description":"panning"},"geometry":{"type":"Point","coordinates":[-46.5189266,-23.6384872]}},{"type":"Feature","properties":{"id":"osm-6835841759","region":"São Paulo","surveillanceType":"camera","operator":"","description":"panning"},"geometry":{"type":"Point","coordinates":[-46.5040195,-23.6444409]}},{"type":"Feature","properties":{"id":"osm-6835911517","region":"São Paulo","surveillanceType":"camera","operator":"","description":"PMSA-DET CAM-10"},"geometry":{"type":"Point","coordinates":[-46.5373397,-23.6323848]}},{"type":"Feature","properties":{"id":"osm-6835944427","region":"São Paulo","surveillanceType":"camera","operator":"","description":"panning"},"geometry":{"type":"Point","coordinates":[-46.5406932,-23.6390057]}},{"type":"Feature","properties":{"id":"osm-6835962299","region":"São Paulo","surveillanceType":"camera","operator":"","description":"panning"},"geometry":{"type":"Point","coordinates":[-46.5426626,-23.6357672]}},{"type":"Feature","properties":{"id":"osm-6835964493","region":"São Paulo","surveillanceType":"camera","operator":"","description":"panning"},"geometry":{"type":"Point","coordinates":[-46.5406442,-23.6369134]}},{"type":"Feature","properties":{"id":"osm-6835994630","region":"São Paulo","surveillanceType":"camera","operator":"","description":"panning"},"geometry":{"type":"Point","coordinates":[-46.5426796,-23.6335871]}},{"type":"Feature","properties":{"id":"osm-6836030198","region":"São Paulo","surveillanceType":"camera","operator":"","description":"R. Marina x Av. Dom Pedro II"},"geometry":{"type":"Point","coordinates":[-46.5426178,-23.6379079]}},{"type":"Feature","properties":{"id":"osm-6838247105","region":"São Paulo","surveillanceType":"camera","operator":"","description":"dome"},"geometry":{"type":"Point","coordinates":[-46.5284472,-23.652421]}},{"type":"Feature","properties":{"id":"osm-6839026890","region":"São Paulo","surveillanceType":"camera","operator":"","description":"Av. Industrial x R. das Caneleiras"},"geometry":{"type":"Point","coordinates":[-46.535659,-23.6448169]}},{"type":"Feature","properties":{"id":"osm-6845059230","region":"São Paulo","surveillanceType":"camera","operator":"","description":"dome"},"geometry":{"type":"Point","coordinates":[-46.5369431,-23.676954]}},{"type":"Feature","properties":{"id":"osm-6845068733","region":"São Paulo","surveillanceType":"camera","operator":"","description":"dome"},"geometry":{"type":"Point","coordinates":[-46.5328406,-23.6686562]}},{"type":"Feature","properties":{"id":"osm-6845077711","region":"São Paulo","surveillanceType":"camera","operator":"","description":"dome"},"geometry":{"type":"Point","coordinates":[-46.531857,-23.6666966]}},{"type":"Feature","properties":{"id":"osm-6854137289","region":"São Paulo","surveillanceType":"camera","operator":"","description":"dome"},"geometry":{"type":"Point","coordinates":[-46.5197768,-23.6482418]}},{"type":"Feature","properties":{"id":"osm-6854176732","region":"São Paulo","surveillanceType":"camera","operator":"","description":"dome"},"geometry":{"type":"Point","coordinates":[-46.5269772,-23.6550356]}},{"type":"Feature","properties":{"id":"osm-6854228636","region":"São Paulo","surveillanceType":"camera","operator":"","description":"dome"},"geometry":{"type":"Point","coordinates":[-46.5303722,-23.6517398]}},{"type":"Feature","properties":{"id":"osm-6854237741","region":"São Paulo","surveillanceType":"camera","operator":"","description":"dome"},"geometry":{"type":"Point","coordinates":[-46.5272797,-23.6533584]}},{"type":"Feature","properties":{"id":"osm-6854247026","region":"São Paulo","surveillanceType":"camera","operator":"","description":"dome"},"geometry":{"type":"Point","coordinates":[-46.5290523,-23.653693]}},{"type":"Feature","properties":{"id":"osm-6854263969","region":"São Paulo","surveillanceType":"camera","operator":"","description":"dome"},"geometry":{"type":"Point","coordinates":[-46.533593,-23.6486897]}},{"type":"Feature","properties":{"id":"osm-6854264441","region":"São Paulo","surveillanceType":"camera","operator":"","description":"dome"},"geometry":{"type":"Point","coordinates":[-46.534014,-23.6476709]}},{"type":"Feature","properties":{"id":"osm-6854286686","region":"São Paulo","surveillanceType":"camera","operator":"","description":"dome"},"geometry":{"type":"Point","coordinates":[-46.5377995,-23.6417541]}},{"type":"Feature","properties":{"id":"osm-6854302217","region":"São Paulo","surveillanceType":"camera","operator":"","description":"dome"},"geometry":{"type":"Point","coordinates":[-46.5536359,-23.658935]}},{"type":"Feature","properties":{"id":"osm-6872146619","region":"São Paulo","surveillanceType":"camera","operator":"","description":"panning"},"geometry":{"type":"Point","coordinates":[-46.5406616,-23.6411736]}},{"type":"Feature","properties":{"id":"osm-6881064050","region":"São Paulo","surveillanceType":"camera","operator":"","description":"dome"},"geometry":{"type":"Point","coordinates":[-46.5327585,-23.6357398]}},{"type":"Feature","properties":{"id":"osm-6881090270","region":"São Paulo","surveillanceType":"camera","operator":"","description":"dome"},"geometry":{"type":"Point","coordinates":[-46.531165,-23.6327946]}},{"type":"Feature","properties":{"id":"osm-6893396487","region":"São Paulo","surveillanceType":"camera","operator":"","description":"dome"},"geometry":{"type":"Point","coordinates":[-46.5476098,-23.6296621]}},{"type":"Feature","properties":{"id":"osm-6895069739","region":"São Paulo","surveillanceType":"camera","operator":"","description":"panning"},"geometry":{"type":"Point","coordinates":[-46.5456322,-23.6329207]}},{"type":"Feature","properties":{"id":"osm-6895110045","region":"São Paulo","surveillanceType":"camera","operator":"","description":"dome"},"geometry":{"type":"Point","coordinates":[-46.5457695,-23.6306166]}},{"type":"Feature","properties":{"id":"osm-6925664288","region":"São Paulo","surveillanceType":"camera","operator":"","description":"dome"},"geometry":{"type":"Point","coordinates":[-46.5301783,-23.6309154]}},{"type":"Feature","properties":{"id":"osm-6930068284","region":"São Paulo","surveillanceType":"camera","operator":"","description":"dome"},"geometry":{"type":"Point","coordinates":[-46.5347802,-23.6381569]}},{"type":"Feature","properties":{"id":"osm-6937101246","region":"São Paulo","surveillanceType":"camera","operator":"","description":"dome"},"geometry":{"type":"Point","coordinates":[-46.5368473,-23.6214973]}},{"type":"Feature","properties":{"id":"osm-6937125908","region":"São Paulo","surveillanceType":"camera","operator":"","description":"panning"},"geometry":{"type":"Point","coordinates":[-46.5258243,-23.6223286]}},{"type":"Feature","properties":{"id":"osm-6984014255","region":"São Paulo","surveillanceType":"camera","operator":"","description":"panning"},"geometry":{"type":"Point","coordinates":[-46.5154151,-23.6298833]}},{"type":"Feature","properties":{"id":"osm-6993899408","region":"São Paulo","surveillanceType":"camera","operator":"","description":"dome"},"geometry":{"type":"Point","coordinates":[-46.5305697,-23.6549323]}},{"type":"Feature","properties":{"id":"osm-6993943306","region":"São Paulo","surveillanceType":"camera","operator":"","description":"dome"},"geometry":{"type":"Point","coordinates":[-46.5255303,-23.6488795]}},{"type":"Feature","properties":{"id":"osm-6993962137","region":"São Paulo","surveillanceType":"camera","operator":"","description":"dome"},"geometry":{"type":"Point","coordinates":[-46.5377551,-23.6607761]}},{"type":"Feature","properties":{"id":"osm-7002840881","region":"São Paulo","surveillanceType":"camera","operator":"","description":"panning"},"geometry":{"type":"Point","coordinates":[-46.5271781,-23.6569504]}},{"type":"Feature","properties":{"id":"osm-7002852814","region":"São Paulo","surveillanceType":"camera","operator":"","description":"panning"},"geometry":{"type":"Point","coordinates":[-46.5271135,-23.6592372]}},{"type":"Feature","properties":{"id":"osm-7020791478","region":"São Paulo","surveillanceType":"guard","operator":"","description":"panning"},"geometry":{"type":"Point","coordinates":[-46.5720662,-23.7023818]}},{"type":"Feature","properties":{"id":"osm-7039433657","region":"São Paulo","surveillanceType":"camera","operator":"","description":"dome"},"geometry":{"type":"Point","coordinates":[-46.5327992,-23.6568086]}},{"type":"Feature","properties":{"id":"osm-7039476148","region":"São Paulo","surveillanceType":"camera","operator":"","description":"panning"},"geometry":{"type":"Point","coordinates":[-46.5312605,-23.6589616]}},{"type":"Feature","properties":{"id":"osm-7044465439","region":"São Paulo","surveillanceType":"camera","operator":"","description":"dome"},"geometry":{"type":"Point","coordinates":[-46.5393908,-23.6431056]}},{"type":"Feature","properties":{"id":"osm-7044479214","region":"São Paulo","surveillanceType":"camera","operator":"","description":"dome"},"geometry":{"type":"Point","coordinates":[-46.5371978,-23.6469057]}},{"type":"Feature","properties":{"id":"osm-7070569143","region":"São Paulo","surveillanceType":"camera","operator":"","description":"dome"},"geometry":{"type":"Point","coordinates":[-46.4913947,-23.6294154]}},{"type":"Feature","properties":{"id":"osm-7070658968","region":"São Paulo","surveillanceType":"camera","operator":"","description":"dome"},"geometry":{"type":"Point","coordinates":[-46.4906701,-23.6287786]}},{"type":"Feature","properties":{"id":"osm-7092720966","region":"São Paulo","surveillanceType":"camera","operator":"","description":"dome"},"geometry":{"type":"Point","coordinates":[-46.5316475,-23.6641622]}},{"type":"Feature","properties":{"id":"osm-7092766090","region":"São Paulo","surveillanceType":"camera","operator":"","description":"Etiqueta Sydel indica que foi instalado pelo Shopping ABC"},"geometry":{"type":"Point","coordinates":[-46.532434,-23.6668079]}},{"type":"Feature","properties":{"id":"osm-7096854807","region":"São Paulo","surveillanceType":"camera","operator":"","description":"dome"},"geometry":{"type":"Point","coordinates":[-46.490402,-23.6295101]}},{"type":"Feature","properties":{"id":"osm-7096881279","region":"São Paulo","surveillanceType":"camera","operator":"","description":"dome"},"geometry":{"type":"Point","coordinates":[-46.4898897,-23.6292322]}},{"type":"Feature","properties":{"id":"osm-7115499999","region":"São Paulo","surveillanceType":"camera","operator":"","description":"dome"},"geometry":{"type":"Point","coordinates":[-46.5321722,-23.6553344]}},{"type":"Feature","properties":{"id":"osm-7115536510","region":"São Paulo","surveillanceType":"camera","operator":"","description":"dome"},"geometry":{"type":"Point","coordinates":[-46.5329635,-23.6556857]}},{"type":"Feature","properties":{"id":"osm-7116563003","region":"São Paulo","surveillanceType":"camera","operator":"","description":"dome"},"geometry":{"type":"Point","coordinates":[-46.5395548,-23.6696715]}},{"type":"Feature","properties":{"id":"osm-7134603740","region":"São Paulo","surveillanceType":"camera","operator":"","description":"dome"},"geometry":{"type":"Point","coordinates":[-46.5246955,-23.6660587]}},{"type":"Feature","properties":{"id":"osm-7148750423","region":"São Paulo","surveillanceType":"camera","operator":"","description":"dome"},"geometry":{"type":"Point","coordinates":[-46.5175839,-23.6654477]}},{"type":"Feature","properties":{"id":"osm-7148824364","region":"São Paulo","surveillanceType":"camera","operator":"","description":"dome"},"geometry":{"type":"Point","coordinates":[-46.5074317,-23.6884049]}},{"type":"Feature","properties":{"id":"osm-7155105346","region":"São Paulo","surveillanceType":"camera","operator":"","description":"dome"},"geometry":{"type":"Point","coordinates":[-46.5226947,-23.6651508]}},{"type":"Feature","properties":{"id":"osm-7155144621","region":"São Paulo","surveillanceType":"camera","operator":"","description":"dome"},"geometry":{"type":"Point","coordinates":[-46.5213902,-23.6642763]}},{"type":"Feature","properties":{"id":"osm-7155160106","region":"São Paulo","surveillanceType":"camera","operator":"","description":"dome"},"geometry":{"type":"Point","coordinates":[-46.5252562,-23.6609892]}},{"type":"Feature","properties":{"id":"osm-7170497870","region":"São Paulo","surveillanceType":"camera","operator":"","description":"dome"},"geometry":{"type":"Point","coordinates":[-46.5339463,-23.6522959]}},{"type":"Feature","properties":{"id":"osm-7170513379","region":"São Paulo","surveillanceType":"camera","operator":"","description":"dome"},"geometry":{"type":"Point","coordinates":[-46.532841,-23.6543538]}},{"type":"Feature","properties":{"id":"osm-7172978244","region":"São Paulo","surveillanceType":"camera","operator":"","description":"dome"},"geometry":{"type":"Point","coordinates":[-46.5213004,-23.6563865]}},{"type":"Feature","properties":{"id":"osm-7188026424","region":"São Paulo","surveillanceType":"camera","operator":"","description":"dome"},"geometry":{"type":"Point","coordinates":[-46.5544739,-23.6651089]}},{"type":"Feature","properties":{"id":"osm-7193603637","region":"São Paulo","surveillanceType":"camera","operator":"","description":"dome"},"geometry":{"type":"Point","coordinates":[-46.5207948,-23.6588979]}},{"type":"Feature","properties":{"id":"osm-7193751860","region":"São Paulo","surveillanceType":"camera","operator":"","description":"dome"},"geometry":{"type":"Point","coordinates":[-46.5268592,-23.6618111]}},{"type":"Feature","properties":{"id":"osm-7193779326","region":"São Paulo","surveillanceType":"camera","operator":"","description":"dome"},"geometry":{"type":"Point","coordinates":[-46.5238376,-23.663388]}},{"type":"Feature","properties":{"id":"osm-7193846588","region":"São Paulo","surveillanceType":"camera","operator":"","description":"dome"},"geometry":{"type":"Point","coordinates":[-46.5307745,-23.6577885]}},{"type":"Feature","properties":{"id":"osm-7711359450","region":"São Paulo","surveillanceType":"camera","operator":"","description":"dome"},"geometry":{"type":"Point","coordinates":[-46.5041789,-23.6632677]}},{"type":"Feature","properties":{"id":"osm-7711393758","region":"São Paulo","surveillanceType":"camera","operator":"","description":"panning"},"geometry":{"type":"Point","coordinates":[-46.5119432,-23.6671777]}},{"type":"Feature","properties":{"id":"osm-8199899422","region":"São Paulo","surveillanceType":"camera","operator":"","description":"dome"},"geometry":{"type":"Point","coordinates":[-46.5059999,-23.6983177]}},{"type":"Feature","properties":{"id":"osm-9987769022","region":"São Paulo","surveillanceType":"camera","operator":"","description":""},"geometry":{"type":"Point","coordinates":[-46.6155116,-23.5085645]}},{"type":"Feature","properties":{"id":"osm-10760064945","region":"São Paulo","surveillanceType":"camera","operator":"","description":"dome"},"geometry":{"type":"Point","coordinates":[-46.5111425,-23.6519432]}},{"type":"Feature","properties":{"id":"osm-10760083530","region":"São Paulo","surveillanceType":"camera","operator":"","description":"ID_139"},"geometry":{"type":"Point","coordinates":[-46.5198881,-23.6520736]}},{"type":"Feature","properties":{"id":"osm-10763977258","region":"São Paulo","surveillanceType":"camera","operator":"","description":"fixed"},"geometry":{"type":"Point","coordinates":[-46.519883,-23.6520467]}},{"type":"Feature","properties":{"id":"osm-10767290955","region":"São Paulo","surveillanceType":"camera","operator":"","description":"fixed"},"geometry":{"type":"Point","coordinates":[-46.5221829,-23.6149464]}},{"type":"Feature","properties":{"id":"osm-10767466617","region":"São Paulo","surveillanceType":"camera","operator":"","description":"dome"},"geometry":{"type":"Point","coordinates":[-46.5454607,-23.6099717]}},{"type":"Feature","properties":{"id":"osm-10767474445","region":"São Paulo","surveillanceType":"camera","operator":"","description":"dome"},"geometry":{"type":"Point","coordinates":[-46.5322327,-23.6439842]}},{"type":"Feature","properties":{"id":"osm-10767519206","region":"São Paulo","surveillanceType":"camera","operator":"","description":"dome"},"geometry":{"type":"Point","coordinates":[-46.5630694,-23.6530243]}},{"type":"Feature","properties":{"id":"osm-10767540916","region":"São Paulo","surveillanceType":"camera","operator":"","description":"fixed"},"geometry":{"type":"Point","coordinates":[-46.5110826,-23.6635857]}},{"type":"Feature","properties":{"id":"osm-10767777698","region":"São Paulo","surveillanceType":"camera","operator":"","description":"fixed"},"geometry":{"type":"Point","coordinates":[-46.5109505,-23.664663]}},{"type":"Feature","properties":{"id":"osm-10778720489","region":"São Paulo","surveillanceType":"camera","operator":"","description":"fixed"},"geometry":{"type":"Point","coordinates":[-46.5245854,-23.6472792]}},{"type":"Feature","properties":{"id":"osm-10778723256","region":"São Paulo","surveillanceType":"camera","operator":"","description":"dome"},"geometry":{"type":"Point","coordinates":[-46.5210049,-23.6485059]}},{"type":"Feature","properties":{"id":"osm-10778731370","region":"São Paulo","surveillanceType":"camera","operator":"","description":"fixed"},"geometry":{"type":"Point","coordinates":[-46.5245691,-23.6472955]}},{"type":"Feature","properties":{"id":"osm-10778759409","region":"São Paulo","surveillanceType":"camera","operator":"","description":"fixed"},"geometry":{"type":"Point","coordinates":[-46.5132314,-23.6456932]}},{"type":"Feature","properties":{"id":"osm-10778787613","region":"São Paulo","surveillanceType":"camera","operator":"","description":"fixed"},"geometry":{"type":"Point","coordinates":[-46.513252,-23.6457133]}},{"type":"Feature","properties":{"id":"osm-10780793982","region":"São Paulo","surveillanceType":"camera","operator":"","description":"dome"},"geometry":{"type":"Point","coordinates":[-46.5385879,-23.6156627]}},{"type":"Feature","properties":{"id":"osm-10780809826","region":"São Paulo","surveillanceType":"camera","operator":"","description":"dome"},"geometry":{"type":"Point","coordinates":[-46.4803588,-23.734007]}},{"type":"Feature","properties":{"id":"osm-10786034432","region":"São Paulo","surveillanceType":"camera","operator":"","description":"dome"},"geometry":{"type":"Point","coordinates":[-46.5071462,-23.6872609]}},{"type":"Feature","properties":{"id":"osm-10800402386","region":"São Paulo","surveillanceType":"camera","operator":"","description":"fixed"},"geometry":{"type":"Point","coordinates":[-46.5226447,-23.649014]}},{"type":"Feature","properties":{"id":"osm-10800414874","region":"São Paulo","surveillanceType":"camera","operator":"","description":"fixed"},"geometry":{"type":"Point","coordinates":[-46.5087313,-23.6393453]}},{"type":"Feature","properties":{"id":"osm-10800470649","region":"São Paulo","surveillanceType":"camera","operator":"","description":"fixed"},"geometry":{"type":"Point","coordinates":[-46.5088182,-23.6392283]}},{"type":"Feature","properties":{"id":"osm-10817705164","region":"São Paulo","surveillanceType":"camera","operator":"","description":"dome"},"geometry":{"type":"Point","coordinates":[-46.5428893,-23.6251137]}},{"type":"Feature","properties":{"id":"osm-10825019504","region":"São Paulo","surveillanceType":"camera","operator":"","description":"panning"},"geometry":{"type":"Point","coordinates":[-46.5640421,-23.6220474]}},{"type":"Feature","properties":{"id":"osm-10827575108","region":"São Paulo","surveillanceType":"camera","operator":"","description":"fixed"},"geometry":{"type":"Point","coordinates":[-46.567289,-23.6430304]}},{"type":"Feature","properties":{"id":"osm-10827792905","region":"São Paulo","surveillanceType":"camera","operator":"","description":"fixed"},"geometry":{"type":"Point","coordinates":[-46.5669655,-23.629023]}},{"type":"Feature","properties":{"id":"osm-10830817562","region":"São Paulo","surveillanceType":"camera","operator":"","description":"dome"},"geometry":{"type":"Point","coordinates":[-46.4974829,-23.6632714]}},{"type":"Feature","properties":{"id":"osm-10830818875","region":"São Paulo","surveillanceType":"camera","operator":"","description":"panning"},"geometry":{"type":"Point","coordinates":[-46.4837174,-23.6247126]}},{"type":"Feature","properties":{"id":"osm-10830841558","region":"São Paulo","surveillanceType":"camera","operator":"","description":"dome"},"geometry":{"type":"Point","coordinates":[-46.4999248,-23.6396402]}},{"type":"Feature","properties":{"id":"osm-10834250975","region":"São Paulo","surveillanceType":"camera","operator":"","description":"fixed"},"geometry":{"type":"Point","coordinates":[-46.5587018,-23.6450844]}},{"type":"Feature","properties":{"id":"osm-10840517088","region":"São Paulo","surveillanceType":"camera","operator":"","description":"dome"},"geometry":{"type":"Point","coordinates":[-46.500406,-23.7119182]}},{"type":"Feature","properties":{"id":"osm-10853797877","region":"São Paulo","surveillanceType":"camera","operator":"","description":"fixed"},"geometry":{"type":"Point","coordinates":[-46.5404625,-23.6650985]}},{"type":"Feature","properties":{"id":"osm-10853816647","region":"São Paulo","surveillanceType":"camera","operator":"","description":"dome"},"geometry":{"type":"Point","coordinates":[-46.5440346,-23.6660273]}},{"type":"Feature","properties":{"id":"osm-10853978008","region":"São Paulo","surveillanceType":"camera","operator":"","description":"fixed"},"geometry":{"type":"Point","coordinates":[-46.540484,-23.6651182]}},{"type":"Feature","properties":{"id":"osm-10861398405","region":"São Paulo","surveillanceType":"camera","operator":"","description":"dome"},"geometry":{"type":"Point","coordinates":[-46.5043213,-23.635154]}},{"type":"Feature","properties":{"id":"osm-10866687696","region":"São Paulo","surveillanceType":"camera","operator":"","description":"dome"},"geometry":{"type":"Point","coordinates":[-46.5282132,-23.6526047]}},{"type":"Feature","properties":{"id":"osm-11021086551","region":"São Paulo","surveillanceType":"camera","operator":"","description":"panning"},"geometry":{"type":"Point","coordinates":[-46.5832834,-23.675737]}},{"type":"Feature","properties":{"id":"osm-11105785592","region":"São Paulo","surveillanceType":"camera","operator":"","description":"fixed"},"geometry":{"type":"Point","coordinates":[-46.5257926,-23.6608751]}},{"type":"Feature","properties":{"id":"osm-11278452238","region":"São Paulo","surveillanceType":"camera","operator":"","description":"São 3 câmeras fixas no mesmo poste"},"geometry":{"type":"Point","coordinates":[-46.5303012,-23.6376484]}},{"type":"Feature","properties":{"id":"osm-11286427916","region":"São Paulo","surveillanceType":"camera","operator":"","description":"panning"},"geometry":{"type":"Point","coordinates":[-46.7955847,-23.6419078]}},{"type":"Feature","properties":{"id":"osm-11927071768","region":"São Paulo","surveillanceType":"camera","operator":"","description":"panning"},"geometry":{"type":"Point","coordinates":[-46.5984902,-23.6991734]}},{"type":"Feature","properties":{"id":"osm-12032065110","region":"São Paulo","surveillanceType":"camera","operator":"","description":"panning"},"geometry":{"type":"Point","coordinates":[-46.6126533,-23.7190501]}},{"type":"Feature","properties":{"id":"osm-12085785392","region":"São Paulo","surveillanceType":"camera","operator":"","description":"panning"},"geometry":{"type":"Point","coordinates":[-46.5368767,-23.6538261]}},{"type":"Feature","properties":{"id":"osm-12394390046","region":"São Paulo","surveillanceType":"camera","operator":"Centro de Monitoramento Escolar","description":"panning"},"geometry":{"type":"Point","coordinates":[-46.8048846,-23.5396176]}},{"type":"Feature","properties":{"id":"osm-12852210582","region":"São Paulo","surveillanceType":"camera","operator":"","description":"fixed"},"geometry":{"type":"Point","coordinates":[-46.4224764,-23.557359]}},{"type":"Feature","properties":{"id":"osm-12952676531","region":"São Paulo","surveillanceType":"camera","operator":"","description":"fixed"},"geometry":{"type":"Point","coordinates":[-46.4578984,-23.4983082]}},{"type":"Feature","properties":{"id":"osm-13138269858","region":"São Paulo","surveillanceType":"camera","operator":"","description":"panning"},"geometry":{"type":"Point","coordinates":[-46.5945694,-23.7072632]}},{"type":"Feature","properties":{"id":"osm-13151989558","region":"São Paulo","surveillanceType":"camera","operator":"","description":"panning"},"geometry":{"type":"Point","coordinates":[-46.5966651,-23.694162]}},{"type":"Feature","properties":{"id":"osm-13319247988","region":"São Paulo","surveillanceType":"camera","operator":"","description":"fixed"},"geometry":{"type":"Point","coordinates":[-46.6081948,-23.6553618]}},{"type":"Feature","properties":{"id":"osm-13319394730","region":"São Paulo","surveillanceType":"camera","operator":"","description":"fixed"},"geometry":{"type":"Point","coordinates":[-46.6059971,-23.6552126]}},{"type":"Feature","properties":{"id":"osm-13529892564","region":"São Paulo","surveillanceType":"camera","operator":"","description":""},"geometry":{"type":"Point","coordinates":[-46.3665958,-23.5127384]}},{"type":"Feature","properties":{"id":"osm-13628529183","region":"São Paulo","surveillanceType":"camera","operator":"","description":""},"geometry":{"type":"Point","coordinates":[-46.5284382,-23.5250131]}},{"type":"Feature","properties":{"id":"osm-13565573","region":"London","surveillanceType":"camera","operator":"","description":""},"geometry":{"type":"Point","coordinates":[-0.1924853,51.4727099]}},{"type":"Feature","properties":{"id":"osm-18064314","region":"London","surveillanceType":"camera","operator":"","description":""},"geometry":{"type":"Point","coordinates":[-0.0441913,51.5498339]}},{"type":"Feature","properties":{"id":"osm-32930251","region":"London","surveillanceType":"camera","operator":"","description":"fixed"},"geometry":{"type":"Point","coordinates":[0.0368489,51.499378]}},{"type":"Feature","properties":{"id":"osm-80007065","region":"London","surveillanceType":"camera","operator":"","description":"dome"},"geometry":{"type":"Point","coordinates":[-0.2249011,51.5111919]}},{"type":"Feature","properties":{"id":"osm-94247210","region":"London","surveillanceType":"camera","operator":"","description":""},"geometry":{"type":"Point","coordinates":[-0.0561011,51.5197391]}},{"type":"Feature","properties":{"id":"osm-95046739","region":"London","surveillanceType":"outdoor","operator":"","description":""},"geometry":{"type":"Point","coordinates":[-0.260756,51.5350938]}},{"type":"Feature","properties":{"id":"osm-96219132","region":"London","surveillanceType":"camera","operator":"","description":""},"geometry":{"type":"Point","coordinates":[-0.0521338,51.5205379]}},{"type":"Feature","properties":{"id":"osm-123643039","region":"London","surveillanceType":"camera","operator":"","description":"dome"},"geometry":{"type":"Point","coordinates":[-0.0044351,51.4806607]}},{"type":"Feature","properties":{"id":"osm-264522811","region":"London","surveillanceType":"camera","operator":"","description":"fixed"},"geometry":{"type":"Point","coordinates":[-0.0837521,51.5049742]}},{"type":"Feature","properties":{"id":"osm-282859040","region":"London","surveillanceType":"camera","operator":"","description":"dome"},"geometry":{"type":"Point","coordinates":[0.0280095,51.5053714]}},{"type":"Feature","properties":{"id":"osm-282859043","region":"London","surveillanceType":"camera","operator":"","description":"dome"},"geometry":{"type":"Point","coordinates":[0.0273324,51.5053879]}},{"type":"Feature","properties":{"id":"osm-293741419","region":"London","surveillanceType":"outdoor","operator":"","description":""},"geometry":{"type":"Point","coordinates":[-0.1672297,51.5326255]}},{"type":"Feature","properties":{"id":"osm-293741420","region":"London","surveillanceType":"outdoor","operator":"","description":""},"geometry":{"type":"Point","coordinates":[-0.167187,51.5326127]}},{"type":"Feature","properties":{"id":"osm-296631202","region":"London","surveillanceType":"camera","operator":"","description":"dome"},"geometry":{"type":"Point","coordinates":[-0.082766,51.5058962]}},{"type":"Feature","properties":{"id":"osm-301014786","region":"London","surveillanceType":"outdoor","operator":"Transport for London","description":""},"geometry":{"type":"Point","coordinates":[-0.1742462,51.5344162]}},{"type":"Feature","properties":{"id":"osm-301015710","region":"London","surveillanceType":"outdoor","operator":"","description":""},"geometry":{"type":"Point","coordinates":[-0.1729351,51.5371435]}},{"type":"Feature","properties":{"id":"osm-301017038","region":"London","surveillanceType":"outdoor","operator":"","description":""},"geometry":{"type":"Point","coordinates":[-0.1748327,51.5351149]}},{"type":"Feature","properties":{"id":"osm-301017039","region":"London","surveillanceType":"outdoor","operator":"","description":""},"geometry":{"type":"Point","coordinates":[-0.1749372,51.5351169]}},{"type":"Feature","properties":{"id":"osm-301017040","region":"London","surveillanceType":"outdoor","operator":"","description":""},"geometry":{"type":"Point","coordinates":[-0.1751349,51.5354411]}},{"type":"Feature","properties":{"id":"osm-301017041","region":"London","surveillanceType":"outdoor","operator":"","description":""},"geometry":{"type":"Point","coordinates":[-0.1752725,51.535508]}},{"type":"Feature","properties":{"id":"osm-302158144","region":"London","surveillanceType":"camera","operator":"","description":""},"geometry":{"type":"Point","coordinates":[-0.2739697,51.5023327]}},{"type":"Feature","properties":{"id":"osm-302163996","region":"London","surveillanceType":"camera","operator":"","description":""},"geometry":{"type":"Point","coordinates":[-0.2729779,51.5036883]}},{"type":"Feature","properties":{"id":"osm-302173381","region":"London","surveillanceType":"public","operator":"","description":""},"geometry":{"type":"Point","coordinates":[-0.2693251,51.5066764]}},{"type":"Feature","properties":{"id":"osm-302178874","region":"London","surveillanceType":"camera","operator":"","description":""},"geometry":{"type":"Point","coordinates":[-0.3385892,51.5569408]}},{"type":"Feature","properties":{"id":"osm-302178875","region":"London","surveillanceType":"camera","operator":"","description":""},"geometry":{"type":"Point","coordinates":[-0.3383583,51.5569184]}},{"type":"Feature","properties":{"id":"osm-302410173","region":"London","surveillanceType":"camera","operator":"","description":""},"geometry":{"type":"Point","coordinates":[-0.1649273,51.5220515]}},{"type":"Feature","properties":{"id":"osm-302410532","region":"London","surveillanceType":"public","operator":"","description":""},"geometry":{"type":"Point","coordinates":[-0.1692432,51.5234584]}},{"type":"Feature","properties":{"id":"osm-302410579","region":"London","surveillanceType":"public","operator":"Ambush Security Systems","description":""},"geometry":{"type":"Point","coordinates":[-0.1702842,51.5236838]}},{"type":"Feature","properties":{"id":"osm-302410582","region":"London","surveillanceType":"public","operator":"","description":""},"geometry":{"type":"Point","coordinates":[-0.1697293,51.5248031]}},{"type":"Feature","properties":{"id":"osm-302410709","region":"London","surveillanceType":"public","operator":"","description":""},"geometry":{"type":"Point","coordinates":[-0.1688168,51.5243298]}},{"type":"Feature","properties":{"id":"osm-302410710","region":"London","surveillanceType":"public","operator":"","description":""},"geometry":{"type":"Point","coordinates":[-0.1683999,51.524075]}},{"type":"Feature","properties":{"id":"osm-302410711","region":"London","surveillanceType":"public","operator":"","description":""},"geometry":{"type":"Point","coordinates":[-0.1680472,51.5238756]}},{"type":"Feature","properties":{"id":"osm-302410712","region":"London","surveillanceType":"public","operator":"","description":""},"geometry":{"type":"Point","coordinates":[-0.168173,51.5241292]}},{"type":"Feature","properties":{"id":"osm-302413426","region":"London","surveillanceType":"public","operator":"","description":""},"geometry":{"type":"Point","coordinates":[-0.1712377,51.5260272]}},{"type":"Feature","properties":{"id":"osm-302413431","region":"London","surveillanceType":"public","operator":"","description":""},"geometry":{"type":"Point","coordinates":[-0.1714791,51.5261003]}},{"type":"Feature","properties":{"id":"osm-302413436","region":"London","surveillanceType":"public","operator":"","description":""},"geometry":{"type":"Point","coordinates":[-0.1714855,51.5261415]}},{"type":"Feature","properties":{"id":"osm-302426922","region":"London","surveillanceType":"public","operator":"","description":""},"geometry":{"type":"Point","coordinates":[-0.1719723,51.5256707]}},{"type":"Feature","properties":{"id":"osm-302426923","region":"London","surveillanceType":"public","operator":"","description":""},"geometry":{"type":"Point","coordinates":[-0.1719853,51.5256394]}},{"type":"Feature","properties":{"id":"osm-302426981","region":"London","surveillanceType":"public","operator":"","description":""},"geometry":{"type":"Point","coordinates":[-0.170709,51.525234]}},{"type":"Feature","properties":{"id":"osm-302426982","region":"London","surveillanceType":"public","operator":"","description":""},"geometry":{"type":"Point","coordinates":[-0.1701026,51.5248571]}},{"type":"Feature","properties":{"id":"osm-302427082","region":"London","surveillanceType":"public","operator":"","description":""},"geometry":{"type":"Point","coordinates":[-0.1736598,51.5239958]}},{"type":"Feature","properties":{"id":"osm-302427088","region":"London","surveillanceType":"public","operator":"","description":""},"geometry":{"type":"Point","coordinates":[-0.1733804,51.5233913]}},{"type":"Feature","properties":{"id":"osm-302427092","region":"London","surveillanceType":"public","operator":"","description":""},"geometry":{"type":"Point","coordinates":[-0.1711312,51.5227764]}},{"type":"Feature","properties":{"id":"osm-304484971","region":"London","surveillanceType":"outdoor","operator":"","description":""},"geometry":{"type":"Point","coordinates":[-0.3513955,51.5530493]}},{"type":"Feature","properties":{"id":"osm-304484972","region":"London","surveillanceType":"public","operator":"","description":""},"geometry":{"type":"Point","coordinates":[-0.3515017,51.5528726]}},{"type":"Feature","properties":{"id":"osm-305267960","region":"London","surveillanceType":"public","operator":"","description":""},"geometry":{"type":"Point","coordinates":[-0.3042984,51.5536422]}},{"type":"Feature","properties":{"id":"osm-305267963","region":"London","surveillanceType":"public","operator":"","description":""},"geometry":{"type":"Point","coordinates":[-0.3042885,51.553463]}},{"type":"Feature","properties":{"id":"osm-305278549","region":"London","surveillanceType":"outdoor","operator":"","description":""},"geometry":{"type":"Point","coordinates":[-0.3107798,51.5515614]}},{"type":"Feature","properties":{"id":"osm-305278557","region":"London","surveillanceType":"outdoor","operator":"","description":""},"geometry":{"type":"Point","coordinates":[-0.3066433,51.5487396]}},{"type":"Feature","properties":{"id":"osm-305278657","region":"London","surveillanceType":"public","operator":"Technica Systems","description":""},"geometry":{"type":"Point","coordinates":[-0.3059847,51.5437656]}},{"type":"Feature","properties":{"id":"osm-305278663","region":"London","surveillanceType":"public","operator":"Technica Systems","description":""},"geometry":{"type":"Point","coordinates":[-0.3059402,51.5436923]}},{"type":"Feature","properties":{"id":"osm-305278674","region":"London","surveillanceType":"outdoor","operator":"","description":""},"geometry":{"type":"Point","coordinates":[-0.3038116,51.54534]}},{"type":"Feature","properties":{"id":"osm-305383260","region":"London","surveillanceType":"public","operator":"","description":""},"geometry":{"type":"Point","coordinates":[-0.3062743,51.549724]}},{"type":"Feature","properties":{"id":"osm-305383261","region":"London","surveillanceType":"outdoor","operator":"","description":""},"geometry":{"type":"Point","coordinates":[-0.3064236,51.5497633]}},{"type":"Feature","properties":{"id":"osm-305383276","region":"London","surveillanceType":"outdoor","operator":"","description":""},"geometry":{"type":"Point","coordinates":[-0.3064251,51.5503977]}},{"type":"Feature","properties":{"id":"osm-305386892","region":"London","surveillanceType":"public","operator":"","description":""},"geometry":{"type":"Point","coordinates":[-0.2976477,51.5467259]}},{"type":"Feature","properties":{"id":"osm-305386895","region":"London","surveillanceType":"public","operator":"","description":""},"geometry":{"type":"Point","coordinates":[-0.2972403,51.5462476]}},{"type":"Feature","properties":{"id":"osm-305386896","region":"London","surveillanceType":"public","operator":"","description":""},"geometry":{"type":"Point","coordinates":[-0.2972057,51.5463057]}},{"type":"Feature","properties":{"id":"osm-305394790","region":"London","surveillanceType":"traffic","operator":"","description":""},"geometry":{"type":"Point","coordinates":[-0.3006528,51.5400194]}},{"type":"Feature","properties":{"id":"osm-305394808","region":"London","surveillanceType":"outdoor","operator":"","description":""},"geometry":{"type":"Point","coordinates":[-0.3020271,51.5409732]}},{"type":"Feature","properties":{"id":"osm-305394810","region":"London","surveillanceType":"outdoor","operator":"","description":""},"geometry":{"type":"Point","coordinates":[-0.3021896,51.5418192]}},{"type":"Feature","properties":{"id":"osm-305394843","region":"London","surveillanceType":"outdoor","operator":"","description":""},"geometry":{"type":"Point","coordinates":[-0.3023004,51.5418544]}},{"type":"Feature","properties":{"id":"osm-305394850","region":"London","surveillanceType":"public","operator":"Link","description":""},"geometry":{"type":"Point","coordinates":[-0.2993335,51.5409808]}},{"type":"Feature","properties":{"id":"osm-305394851","region":"London","surveillanceType":"outdoor","operator":"Link","description":""},"geometry":{"type":"Point","coordinates":[-0.2993132,51.5410101]}},{"type":"Feature","properties":{"id":"osm-305394854","region":"London","surveillanceType":"public","operator":"","description":""},"geometry":{"type":"Point","coordinates":[-0.2983211,51.5408435]}},{"type":"Feature","properties":{"id":"osm-305394859","region":"London","surveillanceType":"public","operator":"","description":""},"geometry":{"type":"Point","coordinates":[-0.2981843,51.5406422]}},{"type":"Feature","properties":{"id":"osm-305394862","region":"London","surveillanceType":"public","operator":"","description":""},"geometry":{"type":"Point","coordinates":[-0.2982179,51.541382]}},{"type":"Feature","properties":{"id":"osm-305394878","region":"London","surveillanceType":"outdoor","operator":"","description":""},"geometry":{"type":"Point","coordinates":[-0.2991949,51.551389]}},{"type":"Feature","properties":{"id":"osm-305394879","region":"London","surveillanceType":"outdoor","operator":"","description":""},"geometry":{"type":"Point","coordinates":[-0.2993815,51.5516391]}},{"type":"Feature","properties":{"id":"osm-305394880","region":"London","surveillanceType":"public","operator":"","description":""},"geometry":{"type":"Point","coordinates":[-0.2988598,51.550944]}},{"type":"Feature","properties":{"id":"osm-305394881","region":"London","surveillanceType":"public","operator":"ADT","description":""},"geometry":{"type":"Point","coordinates":[-0.2986001,51.5507611]}},{"type":"Feature","properties":{"id":"osm-305394886","region":"London","surveillanceType":"public","operator":"ADT","description":""},"geometry":{"type":"Point","coordinates":[-0.2984367,51.5503451]}},{"type":"Feature","properties":{"id":"osm-305399278","region":"London","surveillanceType":"public","operator":"","description":""},"geometry":{"type":"Point","coordinates":[-0.2991912,51.5520243]}},{"type":"Feature","properties":{"id":"osm-305399281","region":"London","surveillanceType":"public","operator":"","description":""},"geometry":{"type":"Point","coordinates":[-0.2988861,51.5520265]}},{"type":"Feature","properties":{"id":"osm-305399284","region":"London","surveillanceType":"public","operator":"","description":""},"geometry":{"type":"Point","coordinates":[-0.2933425,51.5536166]}},{"type":"Feature","properties":{"id":"osm-305399291","region":"London","surveillanceType":"public","operator":"","description":""},"geometry":{"type":"Point","coordinates":[-0.2882114,51.5534268]}},{"type":"Feature","properties":{"id":"osm-305399292","region":"London","surveillanceType":"public","operator":"","description":""},"geometry":{"type":"Point","coordinates":[-0.2839668,51.5516195]}},{"type":"Feature","properties":{"id":"osm-305399295","region":"London","surveillanceType":"public","operator":"","description":""},"geometry":{"type":"Point","coordinates":[-0.2738756,51.5464928]}},{"type":"Feature","properties":{"id":"osm-305399296","region":"London","surveillanceType":"public","operator":"","description":""},"geometry":{"type":"Point","coordinates":[-0.2712891,51.5440529]}},{"type":"Feature","properties":{"id":"osm-305399300","region":"London","surveillanceType":"outdoor","operator":"","description":""},"geometry":{"type":"Point","coordinates":[-0.2594714,51.5414878]}},{"type":"Feature","properties":{"id":"osm-305399301","region":"London","surveillanceType":"outdoor","operator":"","description":""},"geometry":{"type":"Point","coordinates":[-0.2592351,51.541577]}},{"type":"Feature","properties":{"id":"osm-305403294","region":"London","surveillanceType":"public","operator":"","description":""},"geometry":{"type":"Point","coordinates":[-0.2606799,51.5343429]}},{"type":"Feature","properties":{"id":"osm-305403298","region":"London","surveillanceType":"outdoor","operator":"","description":""},"geometry":{"type":"Point","coordinates":[-0.2603854,51.5344218]}},{"type":"Feature","properties":{"id":"osm-305403307","region":"London","surveillanceType":"public","operator":"","description":""},"geometry":{"type":"Point","coordinates":[-0.257106,51.5363475]}},{"type":"Feature","properties":{"id":"osm-305412270","region":"London","surveillanceType":"public","operator":"","description":""},"geometry":{"type":"Point","coordinates":[-0.2867705,51.5532797]}},{"type":"Feature","properties":{"id":"osm-305413067","region":"London","surveillanceType":"outdoor","operator":"","description":""},"geometry":{"type":"Point","coordinates":[-0.2870115,51.5531608]}},{"type":"Feature","properties":{"id":"osm-305417334","region":"London","surveillanceType":"outdoor","operator":"","description":""},"geometry":{"type":"Point","coordinates":[-0.2911125,51.5537365]}},{"type":"Feature","properties":{"id":"osm-305417348","region":"London","surveillanceType":"outdoor","operator":"ADT","description":""},"geometry":{"type":"Point","coordinates":[-0.2929461,51.5536168]}},{"type":"Feature","properties":{"id":"osm-305442460","region":"London","surveillanceType":"outdoor","operator":"","description":""},"geometry":{"type":"Point","coordinates":[-0.2980565,51.5522919]}},{"type":"Feature","properties":{"id":"osm-305442471","region":"London","surveillanceType":"outdoor","operator":"","description":""},"geometry":{"type":"Point","coordinates":[-0.3049126,51.553594]}},{"type":"Feature","properties":{"id":"osm-305442475","region":"London","surveillanceType":"outdoor","operator":"","description":""},"geometry":{"type":"Point","coordinates":[-0.3036621,51.5561277]}},{"type":"Feature","properties":{"id":"osm-305442476","region":"London","surveillanceType":"public","operator":"","description":""},"geometry":{"type":"Point","coordinates":[-0.3037586,51.5561369]}},{"type":"Feature","properties":{"id":"osm-305442592","region":"London","surveillanceType":"public","operator":"","description":""},"geometry":{"type":"Point","coordinates":[-0.3147448,51.5547252]}},{"type":"Feature","properties":{"id":"osm-305442666","region":"London","surveillanceType":"public","operator":"","description":""},"geometry":{"type":"Point","coordinates":[-0.3047846,51.5628316]}},{"type":"Feature","properties":{"id":"osm-305442668","region":"London","surveillanceType":"outdoor","operator":"","description":""},"geometry":{"type":"Point","coordinates":[-0.3045537,51.5627911]}},{"type":"Feature","properties":{"id":"osm-305442675","region":"London","surveillanceType":"public","operator":"","description":""},"geometry":{"type":"Point","coordinates":[-0.2927483,51.5621174]}},{"type":"Feature","properties":{"id":"osm-305442676","region":"London","surveillanceType":"public","operator":"","description":""},"geometry":{"type":"Point","coordinates":[-0.2926983,51.5620925]}},{"type":"Feature","properties":{"id":"osm-305442678","region":"London","surveillanceType":"public","operator":"","description":""},"geometry":{"type":"Point","coordinates":[-0.290481,51.5596618]}},{"type":"Feature","properties":{"id":"osm-305527825","region":"London","surveillanceType":"outdoor","operator":"Link","description":""},"geometry":{"type":"Point","coordinates":[-0.3115299,51.5630616]}},{"type":"Feature","properties":{"id":"osm-305955790","region":"London","surveillanceType":"public","operator":"","description":""},"geometry":{"type":"Point","coordinates":[-0.1107794,51.5027419]}},{"type":"Feature","properties":{"id":"osm-305957334","region":"London","surveillanceType":"public","operator":"","description":""},"geometry":{"type":"Point","coordinates":[-0.1140306,51.4997098]}},{"type":"Feature","properties":{"id":"osm-305958546","region":"London","surveillanceType":"public","operator":"","description":""},"geometry":{"type":"Point","coordinates":[-0.113092,51.499158]}},{"type":"Feature","properties":{"id":"osm-305959081","region":"London","surveillanceType":"camera","operator":"","description":""},"geometry":{"type":"Point","coordinates":[-0.1123729,51.4987273]}},{"type":"Feature","properties":{"id":"osm-305959361","region":"London","surveillanceType":"public","operator":"","description":""},"geometry":{"type":"Point","coordinates":[-0.1123998,51.4963948]}},{"type":"Feature","properties":{"id":"osm-306033735","region":"London","surveillanceType":"public","operator":"","description":""},"geometry":{"type":"Point","coordinates":[-0.0969842,51.5400452]}},{"type":"Feature","properties":{"id":"osm-308419823","region":"London","surveillanceType":"camera","operator":"","description":"dome"},"geometry":{"type":"Point","coordinates":[-0.2183794,51.505882]}},{"type":"Feature","properties":{"id":"osm-308422758","region":"London","surveillanceType":"public","operator":"Transport for London","description":""},"geometry":{"type":"Point","coordinates":[-0.2184273,51.504614]}},{"type":"Feature","properties":{"id":"osm-308422761","region":"London","surveillanceType":"public","operator":"","description":""},"geometry":{"type":"Point","coordinates":[-0.2188424,51.5044503]}},{"type":"Feature","properties":{"id":"osm-308422763","region":"London","surveillanceType":"outdoor","operator":"","description":""},"geometry":{"type":"Point","coordinates":[-0.2189471,51.5047337]}},{"type":"Feature","properties":{"id":"osm-308426147","region":"London","surveillanceType":"public","operator":"Platinum - 01708733264","description":""},"geometry":{"type":"Point","coordinates":[-0.2226733,51.5055533]}},{"type":"Feature","properties":{"id":"osm-308426155","region":"London","surveillanceType":"public","operator":"","description":""},"geometry":{"type":"Point","coordinates":[-0.2243243,51.5066026]}},{"type":"Feature","properties":{"id":"osm-308426156","region":"London","surveillanceType":"public","operator":"","description":""},"geometry":{"type":"Point","coordinates":[-0.2243267,51.5068105]}},{"type":"Feature","properties":{"id":"osm-308426695","region":"London","surveillanceType":"public","operator":"TFL","description":""},"geometry":{"type":"Point","coordinates":[-0.224518,51.5098016]}},{"type":"Feature","properties":{"id":"osm-308426705","region":"London","surveillanceType":"public","operator":"TFL","description":""},"geometry":{"type":"Point","coordinates":[-0.2245454,51.5100256]}},{"type":"Feature","properties":{"id":"osm-309499903","region":"London","surveillanceType":"public","operator":"TFL","description":""},"geometry":{"type":"Point","coordinates":[-0.2246681,51.5117799]}},{"type":"Feature","properties":{"id":"osm-309499944","region":"London","surveillanceType":"outdoor","operator":"","description":""},"geometry":{"type":"Point","coordinates":[-0.224946,51.51093]}},{"type":"Feature","properties":{"id":"osm-309499954","region":"London","surveillanceType":"public","operator":"","description":""},"geometry":{"type":"Point","coordinates":[-0.2245282,51.5109916]}},{"type":"Feature","properties":{"id":"osm-309499977","region":"London","surveillanceType":"public","operator":"","description":""},"geometry":{"type":"Point","coordinates":[-0.2229655,51.5091403]}},{"type":"Feature","properties":{"id":"osm-309979138","region":"London","surveillanceType":"outdoor","operator":"","description":""},"geometry":{"type":"Point","coordinates":[-0.2063963,51.4949998]}},{"type":"Feature","properties":{"id":"osm-322270132","region":"London","surveillanceType":"outdoor","operator":"","description":""},"geometry":{"type":"Point","coordinates":[-0.3356991,51.5744232]}},{"type":"Feature","properties":{"id":"osm-322270211","region":"London","surveillanceType":"outdoor","operator":"Harrow School","description":""},"geometry":{"type":"Point","coordinates":[-0.3371897,51.5722717]}},{"type":"Feature","properties":{"id":"osm-322270328","region":"London","surveillanceType":"public","operator":"","description":""},"geometry":{"type":"Point","coordinates":[-0.3395817,51.570272]}},{"type":"Feature","properties":{"id":"osm-322702194","region":"London","surveillanceType":"outdoor","operator":"","description":""},"geometry":{"type":"Point","coordinates":[-0.3411829,51.5758292]}},{"type":"Feature","properties":{"id":"osm-322958485","region":"London","surveillanceType":"outdoor","operator":"","description":""},"geometry":{"type":"Point","coordinates":[-0.1064622,51.4851415]}},{"type":"Feature","properties":{"id":"osm-322958487","region":"London","surveillanceType":"outdoor","operator":"","description":""},"geometry":{"type":"Point","coordinates":[-0.106251,51.4850563]}},{"type":"Feature","properties":{"id":"osm-357465025","region":"London","surveillanceType":"camera","operator":"","description":"fixed"},"geometry":{"type":"Point","coordinates":[0.0628405,51.5070197]}},{"type":"Feature","properties":{"id":"osm-364362009","region":"London","surveillanceType":"camera","operator":"","description":"dome"},"geometry":{"type":"Point","coordinates":[-0.0815562,51.5060033]}},{"type":"Feature","properties":{"id":"osm-373039733","region":"London","surveillanceType":"camera","operator":"","description":"dome"},"geometry":{"type":"Point","coordinates":[-0.1318777,51.5128861]}},{"type":"Feature","properties":{"id":"osm-383979078","region":"London","surveillanceType":"public","operator":"","description":"dome"},"geometry":{"type":"Point","coordinates":[-0.1375992,51.515412]}},{"type":"Feature","properties":{"id":"osm-385554763","region":"London","surveillanceType":"camera","operator":"","description":"dome"},"geometry":{"type":"Point","coordinates":[-0.133393,51.5102072]}},{"type":"Feature","properties":{"id":"osm-385591649","region":"London","surveillanceType":"public","operator":"","description":"dome"},"geometry":{"type":"Point","coordinates":[-0.1327632,51.5161559]}},{"type":"Feature","properties":{"id":"osm-387123689","region":"London","surveillanceType":"ALPR","operator":"","description":""},"geometry":{"type":"Point","coordinates":[-0.1935194,51.5096035]}},{"type":"Feature","properties":{"id":"osm-387547716","region":"London","surveillanceType":"camera","operator":"","description":""},"geometry":{"type":"Point","coordinates":[-0.2179692,51.5101822]}},{"type":"Feature","properties":{"id":"osm-478157786","region":"London","surveillanceType":"outdoor","operator":"","description":""},"geometry":{"type":"Point","coordinates":[-0.3139041,51.6401513]}},{"type":"Feature","properties":{"id":"osm-495535795","region":"London","surveillanceType":"camera","operator":"","description":"dome"},"geometry":{"type":"Point","coordinates":[-0.1303611,51.5235223]}},{"type":"Feature","properties":{"id":"osm-532022543","region":"London","surveillanceType":"camera","operator":"","description":"fixed"},"geometry":{"type":"Point","coordinates":[-0.083721,51.5049605]}},{"type":"Feature","properties":{"id":"osm-541172803","region":"London","surveillanceType":"public","operator":"","description":""},"geometry":{"type":"Point","coordinates":[-0.369965,51.5750724]}},{"type":"Feature","properties":{"id":"osm-544303747","region":"London","surveillanceType":"outdoor","operator":"","description":""},"geometry":{"type":"Point","coordinates":[-0.4133426,51.5622129]}},{"type":"Feature","properties":{"id":"osm-544310524","region":"London","surveillanceType":"outdoor","operator":"","description":""},"geometry":{"type":"Point","coordinates":[-0.4409184,51.5681627]}},{"type":"Feature","properties":{"id":"osm-544327273","region":"London","surveillanceType":"outdoor","operator":"","description":""},"geometry":{"type":"Point","coordinates":[-0.4554448,51.5320445]}},{"type":"Feature","properties":{"id":"osm-547540202","region":"London","surveillanceType":"public","operator":"","description":""},"geometry":{"type":"Point","coordinates":[-0.3144645,51.5812582]}},{"type":"Feature","properties":{"id":"osm-548660231","region":"London","surveillanceType":"outdoor","operator":"","description":""},"geometry":{"type":"Point","coordinates":[-0.3159633,51.5825318]}},{"type":"Feature","properties":{"id":"osm-560166441","region":"London","surveillanceType":"camera","operator":"","description":""},"geometry":{"type":"Point","coordinates":[-0.307638,51.481591]}},{"type":"Feature","properties":{"id":"osm-560308586","region":"London","surveillanceType":"camera","operator":"","description":""},"geometry":{"type":"Point","coordinates":[-0.3277793,51.493992]}},{"type":"Feature","properties":{"id":"osm-560309431","region":"London","surveillanceType":"camera","operator":"","description":""},"geometry":{"type":"Point","coordinates":[-0.3540864,51.494676]}},{"type":"Feature","properties":{"id":"osm-560312477","region":"London","surveillanceType":"camera","operator":"","description":""},"geometry":{"type":"Point","coordinates":[-0.4091437,51.4923616]}},{"type":"Feature","properties":{"id":"osm-560316604","region":"London","surveillanceType":"camera","operator":"","description":""},"geometry":{"type":"Point","coordinates":[-0.4285952,51.4934284]}},{"type":"Feature","properties":{"id":"osm-588165872","region":"London","surveillanceType":"camera","operator":"","description":"panning"},"geometry":{"type":"Point","coordinates":[-0.1255456,51.5011073]}},{"type":"Feature","properties":{"id":"osm-612420269","region":"London","surveillanceType":"camera","operator":"","description":"dome"},"geometry":{"type":"Point","coordinates":[-0.1379172,51.5122707]}},{"type":"Feature","properties":{"id":"osm-650921871","region":"London","surveillanceType":"camera","operator":"","description":""},"geometry":{"type":"Point","coordinates":[-0.452276,51.4958332]}},{"type":"Feature","properties":{"id":"osm-218117881","region":"Paris","surveillanceType":"camera","operator":"Saemes","description":""},"geometry":{"type":"Point","coordinates":[2.3497138,48.8569481]}},{"type":"Feature","properties":{"id":"osm-247383488","region":"Paris","surveillanceType":"camera","operator":"","description":"dome"},"geometry":{"type":"Point","coordinates":[2.4494327,48.8786779]}},{"type":"Feature","properties":{"id":"osm-287624395","region":"Paris","surveillanceType":"camera","operator":"","description":"panning"},"geometry":{"type":"Point","coordinates":[2.3219592,48.8987888]}},{"type":"Feature","properties":{"id":"osm-287624398","region":"Paris","surveillanceType":"camera","operator":"","description":"panning"},"geometry":{"type":"Point","coordinates":[2.3228201,48.8986196]}},{"type":"Feature","properties":{"id":"osm-288901080","region":"Paris","surveillanceType":"camera","operator":"","description":"dome"},"geometry":{"type":"Point","coordinates":[2.4435995,48.883106]}},{"type":"Feature","properties":{"id":"osm-288901913","region":"Paris","surveillanceType":"camera","operator":"","description":"dome"},"geometry":{"type":"Point","coordinates":[2.4487893,48.8796742]}},{"type":"Feature","properties":{"id":"osm-340379696","region":"Paris","surveillanceType":"camera","operator":"","description":"fixed"},"geometry":{"type":"Point","coordinates":[2.289945,48.848249]}},{"type":"Feature","properties":{"id":"osm-344724832","region":"Paris","surveillanceType":"camera","operator":"","description":"dome"},"geometry":{"type":"Point","coordinates":[2.2721133,48.8398406]}},{"type":"Feature","properties":{"id":"osm-344724838","region":"Paris","surveillanceType":"camera","operator":"","description":"dome"},"geometry":{"type":"Point","coordinates":[2.2719541,48.8395793]}},{"type":"Feature","properties":{"id":"osm-370651183","region":"Paris","surveillanceType":"camera","operator":"","description":"dome"},"geometry":{"type":"Point","coordinates":[2.4689139,48.8162245]}},{"type":"Feature","properties":{"id":"osm-510438358","region":"Paris","surveillanceType":"camera","operator":"","description":"fixed"},"geometry":{"type":"Point","coordinates":[2.3629525,48.8686645]}},{"type":"Feature","properties":{"id":"osm-538919381","region":"Paris","surveillanceType":"camera","operator":"","description":"dome"},"geometry":{"type":"Point","coordinates":[2.3511679,48.8464076]}},{"type":"Feature","properties":{"id":"osm-617908944","region":"Paris","surveillanceType":"camera","operator":"","description":""},"geometry":{"type":"Point","coordinates":[2.2848207,48.8205117]}},{"type":"Feature","properties":{"id":"osm-617908948","region":"Paris","surveillanceType":"camera","operator":"","description":""},"geometry":{"type":"Point","coordinates":[2.285831,48.8209748]}},{"type":"Feature","properties":{"id":"osm-617910476","region":"Paris","surveillanceType":"camera","operator":"","description":""},"geometry":{"type":"Point","coordinates":[2.2838902,48.8199324]}},{"type":"Feature","properties":{"id":"osm-625836529","region":"Paris","surveillanceType":"camera","operator":"","description":"fixed"},"geometry":{"type":"Point","coordinates":[2.3487794,48.856877]}},{"type":"Feature","properties":{"id":"osm-625836546","region":"Paris","surveillanceType":"camera","operator":"","description":"fixed"},"geometry":{"type":"Point","coordinates":[2.3488838,48.8569045]}},{"type":"Feature","properties":{"id":"osm-625836547","region":"Paris","surveillanceType":"camera","operator":"","description":"fixed"},"geometry":{"type":"Point","coordinates":[2.3489663,48.8572391]}},{"type":"Feature","properties":{"id":"osm-625836551","region":"Paris","surveillanceType":"camera","operator":"","description":"Classical fixed camera. It cannot move or rotate. It may be used for the surveillance of the building."},"geometry":{"type":"Point","coordinates":[2.3490217,48.8571534]}},{"type":"Feature","properties":{"id":"osm-672709057","region":"Paris","surveillanceType":"camera","operator":"","description":""},"geometry":{"type":"Point","coordinates":[2.3225314,48.8793864]}},{"type":"Feature","properties":{"id":"osm-672709058","region":"Paris","surveillanceType":"camera","operator":"","description":""},"geometry":{"type":"Point","coordinates":[2.3039877,48.8931562]}},{"type":"Feature","properties":{"id":"osm-676727478","region":"Paris","surveillanceType":"camera","operator":"","description":"panning"},"geometry":{"type":"Point","coordinates":[2.3431763,48.8553694]}},{"type":"Feature","properties":{"id":"osm-676727542","region":"Paris","surveillanceType":"camera","operator":"","description":"fixed"},"geometry":{"type":"Point","coordinates":[2.3438325,48.8550273]}},{"type":"Feature","properties":{"id":"osm-676728000","region":"Paris","surveillanceType":"camera","operator":"","description":"dome"},"geometry":{"type":"Point","coordinates":[2.3456544,48.8553317]}},{"type":"Feature","properties":{"id":"osm-676728001","region":"Paris","surveillanceType":"camera","operator":"","description":"fixed"},"geometry":{"type":"Point","coordinates":[2.3455911,48.8552518]}},{"type":"Feature","properties":{"id":"osm-676728008","region":"Paris","surveillanceType":"camera","operator":"","description":"fixed"},"geometry":{"type":"Point","coordinates":[2.3459591,48.8557187]}},{"type":"Feature","properties":{"id":"osm-676728009","region":"Paris","surveillanceType":"camera","operator":"","description":"fixed"},"geometry":{"type":"Point","coordinates":[2.3458945,48.8556382]}},{"type":"Feature","properties":{"id":"osm-676788814","region":"Paris","surveillanceType":"camera","operator":"","description":"dome"},"geometry":{"type":"Point","coordinates":[2.345898,48.8556338]}},{"type":"Feature","properties":{"id":"osm-676860161","region":"Paris","surveillanceType":"outdoor","operator":"CIC","description":""},"geometry":{"type":"Point","coordinates":[2.3475385,48.8590591]}},{"type":"Feature","properties":{"id":"osm-677072497","region":"Paris","surveillanceType":"camera","operator":"","description":"fixed"},"geometry":{"type":"Point","coordinates":[2.3453804,48.8545688]}},{"type":"Feature","properties":{"id":"osm-677072638","region":"Paris","surveillanceType":"camera","operator":"","description":"dome"},"geometry":{"type":"Point","coordinates":[2.3458061,48.8549829]}},{"type":"Feature","properties":{"id":"osm-678279551","region":"Paris","surveillanceType":"camera","operator":"","description":"fixed"},"geometry":{"type":"Point","coordinates":[2.2975337,48.8321697]}},{"type":"Feature","properties":{"id":"osm-681244056","region":"Paris","surveillanceType":"camera","operator":"","description":"panning"},"geometry":{"type":"Point","coordinates":[2.2904062,48.8552119]}},{"type":"Feature","properties":{"id":"osm-681276144","region":"Paris","surveillanceType":"camera","operator":"","description":"dome"},"geometry":{"type":"Point","coordinates":[2.2876778,48.8542474]}},{"type":"Feature","properties":{"id":"osm-681315441","region":"Paris","surveillanceType":"camera","operator":"Brigade de Sapeur-Pompiers","description":"fixed"},"geometry":{"type":"Point","coordinates":[2.344448,48.8644406]}},{"type":"Feature","properties":{"id":"osm-683304100","region":"Paris","surveillanceType":"camera","operator":"","description":"panning"},"geometry":{"type":"Point","coordinates":[2.280041,48.8447857]}},{"type":"Feature","properties":{"id":"osm-683304118","region":"Paris","surveillanceType":"camera","operator":"","description":"panning"},"geometry":{"type":"Point","coordinates":[2.2800345,48.8448125]}},{"type":"Feature","properties":{"id":"osm-683305335","region":"Paris","surveillanceType":"camera","operator":"","description":""},"geometry":{"type":"Point","coordinates":[2.2812455,48.8442727]}},{"type":"Feature","properties":{"id":"osm-683305352","region":"Paris","surveillanceType":"camera","operator":"","description":""},"geometry":{"type":"Point","coordinates":[2.2811876,48.8442624]}},{"type":"Feature","properties":{"id":"osm-685286889","region":"Paris","surveillanceType":"camera","operator":"","description":"fixed"},"geometry":{"type":"Point","coordinates":[2.3350402,48.8676172]}},{"type":"Feature","properties":{"id":"osm-696674558","region":"Paris","surveillanceType":"camera","operator":"","description":"dome"},"geometry":{"type":"Point","coordinates":[2.3532682,48.8565923]}},{"type":"Feature","properties":{"id":"osm-697182960","region":"Paris","surveillanceType":"outdoor","operator":"","description":""},"geometry":{"type":"Point","coordinates":[2.3501779,48.8569088]}},{"type":"Feature","properties":{"id":"osm-697271643","region":"Paris","surveillanceType":"camera","operator":"","description":"fixed"},"geometry":{"type":"Point","coordinates":[2.346343,48.8520489]}},{"type":"Feature","properties":{"id":"osm-697454576","region":"Paris","surveillanceType":"camera","operator":"","description":"dome"},"geometry":{"type":"Point","coordinates":[2.3524482,48.8597263]}},{"type":"Feature","properties":{"id":"osm-697454613","region":"Paris","surveillanceType":"camera","operator":"","description":"fixed"},"geometry":{"type":"Point","coordinates":[2.3532219,48.8611496]}},{"type":"Feature","properties":{"id":"osm-702593856","region":"Paris","surveillanceType":"camera","operator":"","description":"fixed"},"geometry":{"type":"Point","coordinates":[2.3546456,48.8421477]}},{"type":"Feature","properties":{"id":"osm-703729862","region":"Paris","surveillanceType":"camera","operator":"","description":"dome"},"geometry":{"type":"Point","coordinates":[2.3446775,48.8434773]}},{"type":"Feature","properties":{"id":"osm-705045962","region":"Paris","surveillanceType":"outdoor","operator":"","description":""},"geometry":{"type":"Point","coordinates":[2.3106849,48.8668443]}},{"type":"Feature","properties":{"id":"osm-705075458","region":"Paris","surveillanceType":"camera","operator":"","description":"panning"},"geometry":{"type":"Point","coordinates":[2.3497065,48.843141]}},{"type":"Feature","properties":{"id":"osm-705075571","region":"Paris","surveillanceType":"camera","operator":"","description":"panning"},"geometry":{"type":"Point","coordinates":[2.3513256,48.8431821]}},{"type":"Feature","properties":{"id":"osm-710648627","region":"Paris","surveillanceType":"camera","operator":"","description":"fixed"},"geometry":{"type":"Point","coordinates":[2.3460093,48.8437253]}},{"type":"Feature","properties":{"id":"osm-710907215","region":"Paris","surveillanceType":"camera","operator":"Préfecture de police de Paris","description":"dome"},"geometry":{"type":"Point","coordinates":[2.3657352,48.8669382]}},{"type":"Feature","properties":{"id":"osm-712397665","region":"Paris","surveillanceType":"indoor","operator":"","description":""},"geometry":{"type":"Point","coordinates":[2.3356172,48.8610732]}},{"type":"Feature","properties":{"id":"osm-721638463","region":"Paris","surveillanceType":"camera","operator":"","description":""},"geometry":{"type":"Point","coordinates":[2.2971238,48.8645849]}},{"type":"Feature","properties":{"id":"osm-778164005","region":"Paris","surveillanceType":"outdoor","operator":"","description":""},"geometry":{"type":"Point","coordinates":[2.2879527,48.854603]}},{"type":"Feature","properties":{"id":"osm-779144141","region":"Paris","surveillanceType":"camera","operator":"","description":"dome"},"geometry":{"type":"Point","coordinates":[2.3777997,48.8302751]}},{"type":"Feature","properties":{"id":"osm-780320920","region":"Paris","surveillanceType":"camera","operator":"","description":"dome"},"geometry":{"type":"Point","coordinates":[2.3359563,48.8497927]}},{"type":"Feature","properties":{"id":"osm-780946503","region":"Paris","surveillanceType":"camera","operator":"Orange","description":"fixed"},"geometry":{"type":"Point","coordinates":[2.3277354,48.811138]}},{"type":"Feature","properties":{"id":"osm-782601571","region":"Paris","surveillanceType":"camera","operator":"","description":"dome"},"geometry":{"type":"Point","coordinates":[2.3378781,48.8478667]}},{"type":"Feature","properties":{"id":"osm-782602485","region":"Paris","surveillanceType":"camera","operator":"","description":"fixed"},"geometry":{"type":"Point","coordinates":[2.3379036,48.8483309]}},{"type":"Feature","properties":{"id":"osm-782602753","region":"Paris","surveillanceType":"camera","operator":"","description":"dome"},"geometry":{"type":"Point","coordinates":[2.3350936,48.8491155]}},{"type":"Feature","properties":{"id":"osm-784465126","region":"Paris","surveillanceType":"camera","operator":"Laboratoire d'analyses","description":"fixed"},"geometry":{"type":"Point","coordinates":[2.3629241,48.8688874]}},{"type":"Feature","properties":{"id":"osm-784589177","region":"Paris","surveillanceType":"camera","operator":"","description":"dome"},"geometry":{"type":"Point","coordinates":[2.3713912,48.8776028]}},{"type":"Feature","properties":{"id":"osm-784686451","region":"Paris","surveillanceType":"camera","operator":"","description":"fixed"},"geometry":{"type":"Point","coordinates":[2.40547,48.8777163]}},{"type":"Feature","properties":{"id":"osm-786723325","region":"Paris","surveillanceType":"camera","operator":"","description":"dome"},"geometry":{"type":"Point","coordinates":[2.3295748,48.8552775]}},{"type":"Feature","properties":{"id":"osm-786886282","region":"Paris","surveillanceType":"camera","operator":"","description":"dome"},"geometry":{"type":"Point","coordinates":[2.3263122,48.8594779]}},{"type":"Feature","properties":{"id":"osm-787346424","region":"Paris","surveillanceType":"camera","operator":"","description":"fixed"},"geometry":{"type":"Point","coordinates":[2.3672225,48.8632638]}},{"type":"Feature","properties":{"id":"osm-787347424","region":"Paris","surveillanceType":"camera","operator":"","description":""},"geometry":{"type":"Point","coordinates":[2.3702667,48.8540647]}},{"type":"Feature","properties":{"id":"osm-787370110","region":"Paris","surveillanceType":"camera","operator":"","description":"dome"},"geometry":{"type":"Point","coordinates":[2.3777118,48.8705379]}},{"type":"Feature","properties":{"id":"osm-789975089","region":"Paris","surveillanceType":"camera","operator":"","description":"dome"},"geometry":{"type":"Point","coordinates":[2.380955,48.896495]}},{"type":"Feature","properties":{"id":"osm-789975243","region":"Paris","surveillanceType":"camera","operator":"","description":""},"geometry":{"type":"Point","coordinates":[2.3817418,48.8965417]}},{"type":"Feature","properties":{"id":"osm-789975433","region":"Paris","surveillanceType":"camera","operator":"","description":""},"geometry":{"type":"Point","coordinates":[2.3826036,48.8964639]}},{"type":"Feature","properties":{"id":"osm-789975608","region":"Paris","surveillanceType":"camera","operator":"","description":"fixed"},"geometry":{"type":"Point","coordinates":[2.3811595,48.896355]}},{"type":"Feature","properties":{"id":"osm-789981714","region":"Paris","surveillanceType":"camera","operator":"","description":""},"geometry":{"type":"Point","coordinates":[2.3807856,48.8970296]}},{"type":"Feature","properties":{"id":"osm-789982037","region":"Paris","surveillanceType":"camera","operator":"","description":"fixed"},"geometry":{"type":"Point","coordinates":[2.3804244,48.8961134]}},{"type":"Feature","properties":{"id":"osm-789982678","region":"Paris","surveillanceType":"camera","operator":"","description":"dome"},"geometry":{"type":"Point","coordinates":[2.3811933,48.8961046]}},{"type":"Feature","properties":{"id":"osm-789982914","region":"Paris","surveillanceType":"camera","operator":"","description":"fixed"},"geometry":{"type":"Point","coordinates":[2.3803307,48.8961262]}},{"type":"Feature","properties":{"id":"osm-789983593","region":"Paris","surveillanceType":"camera","operator":"","description":""},"geometry":{"type":"Point","coordinates":[2.3790517,48.8966368]}},{"type":"Feature","properties":{"id":"osm-789983967","region":"Paris","surveillanceType":"camera","operator":"","description":"dome"},"geometry":{"type":"Point","coordinates":[2.3859872,48.8953212]}},{"type":"Feature","properties":{"id":"osm-789986154","region":"Paris","surveillanceType":"camera","operator":"","description":"fixed"},"geometry":{"type":"Point","coordinates":[2.3797576,48.8889033]}},{"type":"Feature","properties":{"id":"osm-789989138","region":"Paris","surveillanceType":"camera","operator":"","description":""},"geometry":{"type":"Point","coordinates":[2.3803429,48.8964353]}},{"type":"Feature","properties":{"id":"osm-789990959","region":"Paris","surveillanceType":"camera","operator":"","description":""},"geometry":{"type":"Point","coordinates":[2.3795113,48.896953]}},{"type":"Feature","properties":{"id":"osm-789991689","region":"Paris","surveillanceType":"camera","operator":"","description":""},"geometry":{"type":"Point","coordinates":[2.379535,48.8967779]}},{"type":"Feature","properties":{"id":"osm-789993261","region":"Paris","surveillanceType":"camera","operator":"","description":""},"geometry":{"type":"Point","coordinates":[2.3818401,48.8969174]}},{"type":"Feature","properties":{"id":"osm-789994217","region":"Paris","surveillanceType":"camera","operator":"","description":""},"geometry":{"type":"Point","coordinates":[2.3817613,48.8974262]}},{"type":"Feature","properties":{"id":"osm-789994417","region":"Paris","surveillanceType":"camera","operator":"","description":""},"geometry":{"type":"Point","coordinates":[2.381891,48.8965501]}},{"type":"Feature","properties":{"id":"osm-789995711","region":"Paris","surveillanceType":"camera","operator":"","description":""},"geometry":{"type":"Point","coordinates":[2.3785894,48.8967544]}},{"type":"Feature","properties":{"id":"osm-795806641","region":"Paris","surveillanceType":"camera","operator":"","description":"panning"},"geometry":{"type":"Point","coordinates":[2.3101504,48.8560164]}},{"type":"Feature","properties":{"id":"osm-810622116","region":"Paris","surveillanceType":"camera","operator":"","description":"fixed"},"geometry":{"type":"Point","coordinates":[2.3153291,48.8684059]}},{"type":"Feature","properties":{"id":"osm-810622129","region":"Paris","surveillanceType":"camera","operator":"","description":"dome"},"geometry":{"type":"Point","coordinates":[2.3151297,48.8684664]}},{"type":"Feature","properties":{"id":"osm-813502312","region":"Paris","surveillanceType":"camera","operator":"","description":"panorama_with_ptz"},"geometry":{"type":"Point","coordinates":[2.3180497,48.872228]}},{"type":"Feature","properties":{"id":"osm-817975693","region":"Paris","surveillanceType":"camera","operator":"Crèche Israélite de France","description":"dome"},"geometry":{"type":"Point","coordinates":[2.3451016,48.8875612]}},{"type":"Feature","properties":{"id":"osm-819445553","region":"Paris","surveillanceType":"camera","operator":"","description":"dome"},"geometry":{"type":"Point","coordinates":[2.2774607,48.8971435]}},{"type":"Feature","properties":{"id":"osm-824404893","region":"Paris","surveillanceType":"camera","operator":"","description":"dome"},"geometry":{"type":"Point","coordinates":[2.3171574,48.8567012]}},{"type":"Feature","properties":{"id":"osm-824441330","region":"Paris","surveillanceType":"camera","operator":"","description":"dome"},"geometry":{"type":"Point","coordinates":[2.319738,48.8517253]}},{"type":"Feature","properties":{"id":"osm-826141052","region":"Paris","surveillanceType":"camera","operator":"","description":"dome"},"geometry":{"type":"Point","coordinates":[2.3162282,48.8510778]}},{"type":"Feature","properties":{"id":"osm-826998611","region":"Paris","surveillanceType":"camera","operator":"","description":"panning"},"geometry":{"type":"Point","coordinates":[2.2328538,48.8840139]}},{"type":"Feature","properties":{"id":"osm-827006779","region":"Paris","surveillanceType":"camera","operator":"","description":"fixed"},"geometry":{"type":"Point","coordinates":[2.2316278,48.8916527]}},{"type":"Feature","properties":{"id":"osm-827012268","region":"Paris","surveillanceType":"camera","operator":"","description":""},"geometry":{"type":"Point","coordinates":[2.2440421,48.8881135]}},{"type":"Feature","properties":{"id":"osm-827014390","region":"Paris","surveillanceType":"camera","operator":"","description":"fixed"},"geometry":{"type":"Point","coordinates":[2.231396,48.8917319]}},{"type":"Feature","properties":{"id":"osm-827017158","region":"Paris","surveillanceType":"camera","operator":"","description":"dome"},"geometry":{"type":"Point","coordinates":[2.2318001,48.8823928]}},{"type":"Feature","properties":{"id":"osm-827568239","region":"Paris","surveillanceType":"camera","operator":"","description":"panning"},"geometry":{"type":"Point","coordinates":[2.3086858,48.8507278]}},{"type":"Feature","properties":{"id":"osm-827569930","region":"Paris","surveillanceType":"camera","operator":"","description":"panning"},"geometry":{"type":"Point","coordinates":[2.3081838,48.8502315]}},{"type":"Feature","properties":{"id":"osm-827570928","region":"Paris","surveillanceType":"outdoor","operator":"","description":""},"geometry":{"type":"Point","coordinates":[2.3079463,48.8500111]}},{"type":"Feature","properties":{"id":"osm-827571606","region":"Paris","surveillanceType":"outdoor","operator":"","description":""},"geometry":{"type":"Point","coordinates":[2.3077844,48.8499992]}},{"type":"Feature","properties":{"id":"osm-829071380","region":"Paris","surveillanceType":"outdoor","operator":"","description":""},"geometry":{"type":"Point","coordinates":[2.3010945,48.8712526]}},{"type":"Feature","properties":{"id":"osm-829892152","region":"Paris","surveillanceType":"outdoor","operator":"","description":""},"geometry":{"type":"Point","coordinates":[2.3355856,48.8719525]}},{"type":"Feature","properties":{"id":"osm-829895757","region":"Paris","surveillanceType":"outdoor","operator":"","description":""},"geometry":{"type":"Point","coordinates":[2.3357576,48.8714084]}},{"type":"Feature","properties":{"id":"osm-829897279","region":"Paris","surveillanceType":"outdoor","operator":"","description":""},"geometry":{"type":"Point","coordinates":[2.3357883,48.871443]}},{"type":"Feature","properties":{"id":"osm-829901610","region":"Paris","surveillanceType":"outdoor","operator":"","description":""},"geometry":{"type":"Point","coordinates":[2.334853,48.8718411]}},{"type":"Feature","properties":{"id":"osm-829901751","region":"Paris","surveillanceType":"outdoor","operator":"","description":""},"geometry":{"type":"Point","coordinates":[2.334819,48.8716985]}},{"type":"Feature","properties":{"id":"osm-829927586","region":"Paris","surveillanceType":"outdoor","operator":"","description":""},"geometry":{"type":"Point","coordinates":[2.3307509,48.8759877]}},{"type":"Feature","properties":{"id":"osm-831915337","region":"Paris","surveillanceType":"outdoor","operator":"","description":""},"geometry":{"type":"Point","coordinates":[2.3012864,48.8698481]}},{"type":"Feature","properties":{"id":"osm-833543209","region":"Paris","surveillanceType":"outdoor","operator":"","description":""},"geometry":{"type":"Point","coordinates":[2.3005917,48.871454]}},{"type":"Feature","properties":{"id":"osm-833543267","region":"Paris","surveillanceType":"outdoor","operator":"","description":""},"geometry":{"type":"Point","coordinates":[2.3001337,48.8718046]}},{"type":"Feature","properties":{"id":"osm-833543695","region":"Paris","surveillanceType":"outdoor","operator":"","description":""},"geometry":{"type":"Point","coordinates":[2.2992586,48.8720832]}},{"type":"Feature","properties":{"id":"osm-838076071","region":"Paris","surveillanceType":"camera","operator":"","description":"dome"},"geometry":{"type":"Point","coordinates":[2.2966591,48.8736128]}},{"type":"Feature","properties":{"id":"osm-838076076","region":"Paris","surveillanceType":"camera","operator":"","description":"dome"},"geometry":{"type":"Point","coordinates":[2.2971869,48.873505]}},{"type":"Feature","properties":{"id":"osm-838076384","region":"Paris","surveillanceType":"camera","operator":"","description":"dome"},"geometry":{"type":"Point","coordinates":[2.2971706,48.8734552]}},{"type":"Feature","properties":{"id":"osm-838076523","region":"Paris","surveillanceType":"camera","operator":"","description":"dome"},"geometry":{"type":"Point","coordinates":[2.2966778,48.8737234]}},{"type":"Feature","properties":{"id":"osm-845621257","region":"Paris","surveillanceType":"camera","operator":"","description":"dome"},"geometry":{"type":"Point","coordinates":[2.2215845,48.8680997]}},{"type":"Feature","properties":{"id":"osm-855292250","region":"Paris","surveillanceType":"outdoor","operator":"","description":""},"geometry":{"type":"Point","coordinates":[2.3521542,48.8605898]}},{"type":"Feature","properties":{"id":"osm-855292291","region":"Paris","surveillanceType":"outdoor","operator":"","description":""},"geometry":{"type":"Point","coordinates":[2.3521963,48.8606671]}},{"type":"Feature","properties":{"id":"osm-870428309","region":"Paris","surveillanceType":"camera","operator":"","description":"fixed"},"geometry":{"type":"Point","coordinates":[2.4161299,48.879548]}},{"type":"Feature","properties":{"id":"osm-872313999","region":"Paris","surveillanceType":"camera","operator":"","description":"dome"},"geometry":{"type":"Point","coordinates":[2.4355837,48.8855522]}},{"type":"Feature","properties":{"id":"osm-872380693","region":"Paris","surveillanceType":"camera","operator":"","description":"dome"},"geometry":{"type":"Point","coordinates":[2.4354176,48.8852873]}},{"type":"Feature","properties":{"id":"osm-887163851","region":"Paris","surveillanceType":"outdoor","operator":"","description":""},"geometry":{"type":"Point","coordinates":[2.2230522,48.8856658]}},{"type":"Feature","properties":{"id":"osm-887164462","region":"Paris","surveillanceType":"outdoor","operator":"","description":""},"geometry":{"type":"Point","coordinates":[2.2217234,48.8857684]}},{"type":"Feature","properties":{"id":"osm-887167845","region":"Paris","surveillanceType":"outdoor","operator":"","description":""},"geometry":{"type":"Point","coordinates":[2.2237404,48.885185]}},{"type":"Feature","properties":{"id":"osm-890102265","region":"Paris","surveillanceType":"camera","operator":"","description":"dome"},"geometry":{"type":"Point","coordinates":[2.3472018,48.8984957]}},{"type":"Feature","properties":{"id":"osm-890102584","region":"Paris","surveillanceType":"camera","operator":"","description":"dome"},"geometry":{"type":"Point","coordinates":[2.3481097,48.898512]}},{"type":"Feature","properties":{"id":"osm-894257998","region":"Paris","surveillanceType":"camera","operator":"","description":"panning"},"geometry":{"type":"Point","coordinates":[2.3223852,48.8976638]}},{"type":"Feature","properties":{"id":"osm-895871255","region":"Paris","surveillanceType":"public","operator":"","description":""},"geometry":{"type":"Point","coordinates":[2.3247818,48.8602946]}},{"type":"Feature","properties":{"id":"osm-899885903","region":"Paris","surveillanceType":"outdoor","operator":"","description":""},"geometry":{"type":"Point","coordinates":[2.2937243,48.8991815]}},{"type":"Feature","properties":{"id":"osm-899886199","region":"Paris","surveillanceType":"outdoor","operator":"","description":""},"geometry":{"type":"Point","coordinates":[2.294105,48.8992711]}},{"type":"Feature","properties":{"id":"osm-913713835","region":"Paris","surveillanceType":"camera","operator":"","description":"fixed"},"geometry":{"type":"Point","coordinates":[2.3370761,48.8933943]}},{"type":"Feature","properties":{"id":"osm-917975221","region":"Paris","surveillanceType":"camera","operator":"","description":"dome"},"geometry":{"type":"Point","coordinates":[2.3846563,48.8486705]}},{"type":"Feature","properties":{"id":"osm-918148754","region":"Paris","surveillanceType":"camera","operator":"","description":"dome"},"geometry":{"type":"Point","coordinates":[2.3721881,48.8424456]}},{"type":"Feature","properties":{"id":"osm-918151038","region":"Paris","surveillanceType":"camera","operator":"","description":"dome"},"geometry":{"type":"Point","coordinates":[2.3773175,48.8413288]}},{"type":"Feature","properties":{"id":"osm-918152719","region":"Paris","surveillanceType":"camera","operator":"","description":"dome"},"geometry":{"type":"Point","coordinates":[2.3777144,48.8410117]}},{"type":"Feature","properties":{"id":"osm-919128451","region":"Paris","surveillanceType":"camera","operator":"","description":"panning"},"geometry":{"type":"Point","coordinates":[2.3870943,48.8340463]}},{"type":"Feature","properties":{"id":"osm-919128895","region":"Paris","surveillanceType":"camera","operator":"","description":"dome"},"geometry":{"type":"Point","coordinates":[2.3851057,48.8325579]}},{"type":"Feature","properties":{"id":"osm-919129621","region":"Paris","surveillanceType":"camera","operator":"","description":"panning"},"geometry":{"type":"Point","coordinates":[2.3871021,48.833002]}},{"type":"Feature","properties":{"id":"osm-921514724","region":"Paris","surveillanceType":"camera","operator":"","description":"fixed"},"geometry":{"type":"Point","coordinates":[2.3577642,48.8374997]}},{"type":"Feature","properties":{"id":"osm-921520389","region":"Paris","surveillanceType":"camera","operator":"","description":"panning"},"geometry":{"type":"Point","coordinates":[2.3581277,48.8380874]}},{"type":"Feature","properties":{"id":"osm-924156329","region":"Paris","surveillanceType":"camera","operator":"","description":"fixed"},"geometry":{"type":"Point","coordinates":[2.3717811,48.8236164]}},{"type":"Feature","properties":{"id":"osm-924163557","region":"Paris","surveillanceType":"camera","operator":"","description":"dome"},"geometry":{"type":"Point","coordinates":[2.3663761,48.8287763]}},{"type":"Feature","properties":{"id":"osm-924163974","region":"Paris","surveillanceType":"camera","operator":"","description":"fixed"},"geometry":{"type":"Point","coordinates":[2.3629416,48.8221129]}},{"type":"Feature","properties":{"id":"osm-925968836","region":"Paris","surveillanceType":"outdoor","operator":"","description":""},"geometry":{"type":"Point","coordinates":[2.3791357,48.8442251]}},{"type":"Feature","properties":{"id":"osm-925968842","region":"Paris","surveillanceType":"outdoor","operator":"","description":""},"geometry":{"type":"Point","coordinates":[2.3781926,48.8441489]}},{"type":"Feature","properties":{"id":"osm-16541597","region":"Berlin","surveillanceType":"outdoor","operator":"","description":""},"geometry":{"type":"Point","coordinates":[13.345599,52.5463147]}},{"type":"Feature","properties":{"id":"osm-27001739","region":"Berlin","surveillanceType":"camera","operator":"Shell","description":""},"geometry":{"type":"Point","coordinates":[13.3552563,52.5198143]}},{"type":"Feature","properties":{"id":"osm-69226035","region":"Berlin","surveillanceType":"outdoor","operator":"","description":""},"geometry":{"type":"Point","coordinates":[13.3958628,52.5105561]}},{"type":"Feature","properties":{"id":"osm-69226073","region":"Berlin","surveillanceType":"indoor","operator":"","description":""},"geometry":{"type":"Point","coordinates":[13.3894102,52.5104026]}},{"type":"Feature","properties":{"id":"osm-249075212","region":"Berlin","surveillanceType":"camera","operator":"","description":""},"geometry":{"type":"Point","coordinates":[13.4009073,52.5156694]}},{"type":"Feature","properties":{"id":"osm-249075213","region":"Berlin","surveillanceType":"outdoor","operator":"","description":""},"geometry":{"type":"Point","coordinates":[13.4011498,52.5154036]}},{"type":"Feature","properties":{"id":"osm-249075227","region":"Berlin","surveillanceType":"camera","operator":"","description":""},"geometry":{"type":"Point","coordinates":[13.4006274,52.5152921]}},{"type":"Feature","properties":{"id":"osm-256898645","region":"Berlin","surveillanceType":"outdoor","operator":"","description":""},"geometry":{"type":"Point","coordinates":[13.4132289,52.5210476]}},{"type":"Feature","properties":{"id":"osm-256898646","region":"Berlin","surveillanceType":"outdoor","operator":"","description":""},"geometry":{"type":"Point","coordinates":[13.4132494,52.5202296]}},{"type":"Feature","properties":{"id":"osm-258084890","region":"Berlin","surveillanceType":"camera","operator":"","description":"dome"},"geometry":{"type":"Point","coordinates":[13.3994266,52.5248717]}},{"type":"Feature","properties":{"id":"osm-260762771","region":"Berlin","surveillanceType":"outdoor","operator":"","description":""},"geometry":{"type":"Point","coordinates":[13.3832566,52.515364]}},{"type":"Feature","properties":{"id":"osm-262521810","region":"Berlin","surveillanceType":"outdoor","operator":"","description":""},"geometry":{"type":"Point","coordinates":[13.3805702,52.5182852]}},{"type":"Feature","properties":{"id":"osm-262524676","region":"Berlin","surveillanceType":"outdoor","operator":"","description":"Maritim Hotel Außenkamera"},"geometry":{"type":"Point","coordinates":[13.3874854,52.518563]}},{"type":"Feature","properties":{"id":"osm-268077232","region":"Berlin","surveillanceType":"camera","operator":"Toll Collect","description":"Tollcollect Camra bridge"},"geometry":{"type":"Point","coordinates":[13.2090359,52.4472813]}},{"type":"Feature","properties":{"id":"osm-270395334","region":"Berlin","surveillanceType":"camera","operator":"","description":"dome"},"geometry":{"type":"Point","coordinates":[13.3479006,52.5177045]}},{"type":"Feature","properties":{"id":"osm-270395338","region":"Berlin","surveillanceType":"camera","operator":"","description":"dome"},"geometry":{"type":"Point","coordinates":[13.3487545,52.5193792]}},{"type":"Feature","properties":{"id":"osm-276325869","region":"Berlin","surveillanceType":"outdoor","operator":"","description":""},"geometry":{"type":"Point","coordinates":[13.3514765,52.5437828]}},{"type":"Feature","properties":{"id":"osm-277065067","region":"Berlin","surveillanceType":"indoor","operator":"Berliner Sparkasse","description":""},"geometry":{"type":"Point","coordinates":[13.3209,52.4573971]}},{"type":"Feature","properties":{"id":"osm-277297699","region":"Berlin","surveillanceType":"outdoor","operator":"","description":""},"geometry":{"type":"Point","coordinates":[13.3964259,52.511729]}},{"type":"Feature","properties":{"id":"osm-277837240","region":"Berlin","surveillanceType":"camera","operator":"1000eyes","description":"fixed"},"geometry":{"type":"Point","coordinates":[13.4597715,52.4672316]}},{"type":"Feature","properties":{"id":"osm-279972858","region":"Berlin","surveillanceType":"outdoor","operator":"","description":""},"geometry":{"type":"Point","coordinates":[13.351396,52.5446126]}},{"type":"Feature","properties":{"id":"osm-283031036","region":"Berlin","surveillanceType":"outdoor","operator":"","description":""},"geometry":{"type":"Point","coordinates":[13.3816009,52.5152546]}},{"type":"Feature","properties":{"id":"osm-285882748","region":"Berlin","surveillanceType":"camera","operator":"","description":"fixed"},"geometry":{"type":"Point","coordinates":[13.3502161,52.5161989]}},{"type":"Feature","properties":{"id":"osm-289773218","region":"Berlin","surveillanceType":"outdoor","operator":"","description":""},"geometry":{"type":"Point","coordinates":[13.3846653,52.5152555]}},{"type":"Feature","properties":{"id":"osm-289780847","region":"Berlin","surveillanceType":"outdoor","operator":"","description":""},"geometry":{"type":"Point","coordinates":[13.3858024,52.5175646]}},{"type":"Feature","properties":{"id":"osm-297081170","region":"Berlin","surveillanceType":"camera","operator":"","description":"fixed"},"geometry":{"type":"Point","coordinates":[13.4544434,52.5153348]}},{"type":"Feature","properties":{"id":"osm-304790867","region":"Berlin","surveillanceType":"outdoor","operator":"","description":""},"geometry":{"type":"Point","coordinates":[13.2959046,52.5315316]}},{"type":"Feature","properties":{"id":"osm-304790916","region":"Berlin","surveillanceType":"outdoor","operator":"","description":""},"geometry":{"type":"Point","coordinates":[13.2986684,52.5311139]}},{"type":"Feature","properties":{"id":"osm-306162147","region":"Berlin","surveillanceType":"camera","operator":"","description":""},"geometry":{"type":"Point","coordinates":[13.2184494,52.4041739]}},{"type":"Feature","properties":{"id":"osm-306162154","region":"Berlin","surveillanceType":"camera","operator":"","description":""},"geometry":{"type":"Point","coordinates":[13.2180306,52.404184]}},{"type":"Feature","properties":{"id":"osm-308725618","region":"Berlin","surveillanceType":"camera","operator":"","description":""},"geometry":{"type":"Point","coordinates":[13.4063978,52.5768792]}},{"type":"Feature","properties":{"id":"osm-308726377","region":"Berlin","surveillanceType":"camera","operator":"","description":""},"geometry":{"type":"Point","coordinates":[13.4066426,52.5763959]}},{"type":"Feature","properties":{"id":"osm-312576866","region":"Berlin","surveillanceType":"public","operator":"","description":""},"geometry":{"type":"Point","coordinates":[13.303534,52.5736584]}},{"type":"Feature","properties":{"id":"osm-312576868","region":"Berlin","surveillanceType":"public","operator":"","description":""},"geometry":{"type":"Point","coordinates":[13.3035132,52.5729374]}},{"type":"Feature","properties":{"id":"osm-315520343","region":"Berlin","surveillanceType":"outdoor","operator":"","description":""},"geometry":{"type":"Point","coordinates":[13.3022639,52.5778574]}},{"type":"Feature","properties":{"id":"osm-315520346","region":"Berlin","surveillanceType":"outdoor","operator":"","description":""},"geometry":{"type":"Point","coordinates":[13.3028382,52.577824]}},{"type":"Feature","properties":{"id":"osm-315729676","region":"Berlin","surveillanceType":"outdoor","operator":"","description":""},"geometry":{"type":"Point","coordinates":[13.3058115,52.5774113]}},{"type":"Feature","properties":{"id":"osm-316219272","region":"Berlin","surveillanceType":"outdoor","operator":"","description":""},"geometry":{"type":"Point","coordinates":[13.3024663,52.5779435]}},{"type":"Feature","properties":{"id":"osm-320704316","region":"Berlin","surveillanceType":"camera","operator":"","description":""},"geometry":{"type":"Point","coordinates":[13.2847174,52.5838827]}},{"type":"Feature","properties":{"id":"osm-323228660","region":"Berlin","surveillanceType":"outdoor","operator":"","description":""},"geometry":{"type":"Point","coordinates":[13.4224477,52.5197349]}},{"type":"Feature","properties":{"id":"osm-336130116","region":"Berlin","surveillanceType":"camera","operator":"","description":""},"geometry":{"type":"Point","coordinates":[13.5273381,52.4311414]}},{"type":"Feature","properties":{"id":"osm-338178874","region":"Berlin","surveillanceType":"camera","operator":"Institut für Meteorologie der Freien Universität Berlin","description":"fixed"},"geometry":{"type":"Point","coordinates":[13.3103323,52.4585984]}},{"type":"Feature","properties":{"id":"osm-339928902","region":"Berlin","surveillanceType":"outdoor","operator":"","description":""},"geometry":{"type":"Point","coordinates":[13.3525464,52.5448724]}},{"type":"Feature","properties":{"id":"osm-340844773","region":"Berlin","surveillanceType":"camera","operator":"","description":""},"geometry":{"type":"Point","coordinates":[13.2969509,52.5106343]}},{"type":"Feature","properties":{"id":"osm-340845331","region":"Berlin","surveillanceType":"camera","operator":"","description":""},"geometry":{"type":"Point","coordinates":[13.305049,52.5112436]}},{"type":"Feature","properties":{"id":"osm-340845333","region":"Berlin","surveillanceType":"camera","operator":"","description":""},"geometry":{"type":"Point","coordinates":[13.3055285,52.5117544]}},{"type":"Feature","properties":{"id":"osm-340847737","region":"Berlin","surveillanceType":"indoor","operator":"","description":""},"geometry":{"type":"Point","coordinates":[13.4152097,52.5234346]}},{"type":"Feature","properties":{"id":"osm-340847749","region":"Berlin","surveillanceType":"camera","operator":"","description":""},"geometry":{"type":"Point","coordinates":[13.4156118,52.5264071]}},{"type":"Feature","properties":{"id":"osm-340848781","region":"Berlin","surveillanceType":"camera","operator":"","description":""},"geometry":{"type":"Point","coordinates":[13.4163795,52.5209301]}},{"type":"Feature","properties":{"id":"osm-340848783","region":"Berlin","surveillanceType":"camera","operator":"","description":""},"geometry":{"type":"Point","coordinates":[13.4164924,52.5204417]}},{"type":"Feature","properties":{"id":"osm-340850888","region":"Berlin","surveillanceType":"indoor","operator":"","description":""},"geometry":{"type":"Point","coordinates":[13.4257057,52.5301715]}},{"type":"Feature","properties":{"id":"osm-340850891","region":"Berlin","surveillanceType":"indoor","operator":"","description":""},"geometry":{"type":"Point","coordinates":[13.426143,52.5298706]}},{"type":"Feature","properties":{"id":"osm-340850893","region":"Berlin","surveillanceType":"indoor","operator":"","description":""},"geometry":{"type":"Point","coordinates":[13.4263829,52.5300699]}},{"type":"Feature","properties":{"id":"osm-340850896","region":"Berlin","surveillanceType":"indoor","operator":"","description":""},"geometry":{"type":"Point","coordinates":[13.4267099,52.5302745]}},{"type":"Feature","properties":{"id":"osm-340850899","region":"Berlin","surveillanceType":"outdoor","operator":"","description":""},"geometry":{"type":"Point","coordinates":[13.4279404,52.531369]}},{"type":"Feature","properties":{"id":"osm-340850901","region":"Berlin","surveillanceType":"outdoor","operator":"","description":""},"geometry":{"type":"Point","coordinates":[13.4274368,52.5320774]}},{"type":"Feature","properties":{"id":"osm-340850906","region":"Berlin","surveillanceType":"indoor","operator":"","description":""},"geometry":{"type":"Point","coordinates":[13.4285766,52.5319635]}},{"type":"Feature","properties":{"id":"osm-340850909","region":"Berlin","surveillanceType":"indoor","operator":"","description":""},"geometry":{"type":"Point","coordinates":[13.4280768,52.5323516]}},{"type":"Feature","properties":{"id":"osm-340850912","region":"Berlin","surveillanceType":"indoor","operator":"","description":""},"geometry":{"type":"Point","coordinates":[13.4282006,52.5324324]}},{"type":"Feature","properties":{"id":"osm-340850917","region":"Berlin","surveillanceType":"indoor","operator":"","description":""},"geometry":{"type":"Point","coordinates":[13.4282817,52.5325099]}},{"type":"Feature","properties":{"id":"osm-344327147","region":"Berlin","surveillanceType":"outdoor","operator":"","description":""},"geometry":{"type":"Point","coordinates":[13.5237393,52.429365]}},{"type":"Feature","properties":{"id":"osm-350561471","region":"Berlin","surveillanceType":"camera","operator":"","description":"fixed"},"geometry":{"type":"Point","coordinates":[13.5348178,52.4275582]}},{"type":"Feature","properties":{"id":"osm-350561474","region":"Berlin","surveillanceType":"camera","operator":"","description":"fixed"},"geometry":{"type":"Point","coordinates":[13.534348,52.4278795]}},{"type":"Feature","properties":{"id":"osm-353175093","region":"Berlin","surveillanceType":"public","operator":"","description":""},"geometry":{"type":"Point","coordinates":[13.2052991,52.6366963]}},{"type":"Feature","properties":{"id":"osm-353175135","region":"Berlin","surveillanceType":"public","operator":"","description":""},"geometry":{"type":"Point","coordinates":[13.205385,52.6368943]}},{"type":"Feature","properties":{"id":"osm-364316572","region":"Berlin","surveillanceType":"outdoor","operator":"","description":""},"geometry":{"type":"Point","coordinates":[13.3823772,52.5137687]}},{"type":"Feature","properties":{"id":"osm-367944590","region":"Berlin","surveillanceType":"outdoor","operator":"","description":""},"geometry":{"type":"Point","coordinates":[13.3863942,52.5163109]}},{"type":"Feature","properties":{"id":"osm-370506906","region":"Berlin","surveillanceType":"outdoor","operator":"","description":""},"geometry":{"type":"Point","coordinates":[13.3886431,52.5186399]}},{"type":"Feature","properties":{"id":"osm-372353890","region":"Berlin","surveillanceType":"outdoor","operator":"","description":""},"geometry":{"type":"Point","coordinates":[13.2813607,52.5055047]}},{"type":"Feature","properties":{"id":"osm-372353898","region":"Berlin","surveillanceType":"outdoor","operator":"","description":"ZOB Überwachungskamera"},"geometry":{"type":"Point","coordinates":[13.2804321,52.5078487]}},{"type":"Feature","properties":{"id":"osm-372353906","region":"Berlin","surveillanceType":"outdoor","operator":"","description":"ZOB Überwachungskamera"},"geometry":{"type":"Point","coordinates":[13.2804054,52.5077153]}},{"type":"Feature","properties":{"id":"osm-372353920","region":"Berlin","surveillanceType":"outdoor","operator":"","description":"Außenkamera Parkplatz"},"geometry":{"type":"Point","coordinates":[13.2789898,52.5073143]}},{"type":"Feature","properties":{"id":"osm-372353924","region":"Berlin","surveillanceType":"outdoor","operator":"","description":"DKB"},"geometry":{"type":"Point","coordinates":[13.2781499,52.5076077]}},{"type":"Feature","properties":{"id":"osm-372353927","region":"Berlin","surveillanceType":"outdoor","operator":"","description":"DKB"},"geometry":{"type":"Point","coordinates":[13.27837,52.5078591]}},{"type":"Feature","properties":{"id":"osm-372353931","region":"Berlin","surveillanceType":"outdoor","operator":"","description":"DKB"},"geometry":{"type":"Point","coordinates":[13.2781953,52.5079569]}},{"type":"Feature","properties":{"id":"osm-372353934","region":"Berlin","surveillanceType":"outdoor","operator":"","description":"DKB"},"geometry":{"type":"Point","coordinates":[13.2782023,52.5080966]}},{"type":"Feature","properties":{"id":"osm-372353937","region":"Berlin","surveillanceType":"outdoor","operator":"","description":"DKB"},"geometry":{"type":"Point","coordinates":[13.2777693,52.5080896]}},{"type":"Feature","properties":{"id":"osm-372360331","region":"Berlin","surveillanceType":"outdoor","operator":"Bayer Schering Pharma","description":""},"geometry":{"type":"Point","coordinates":[13.3620202,52.538175]}},{"type":"Feature","properties":{"id":"osm-372362482","region":"Berlin","surveillanceType":"outdoor","operator":"","description":"Freßnapf Warenanlieferung"},"geometry":{"type":"Point","coordinates":[13.4316708,52.5513149]}},{"type":"Feature","properties":{"id":"osm-372362492","region":"Berlin","surveillanceType":"indoor","operator":"","description":"Rossmann"},"geometry":{"type":"Point","coordinates":[13.4257569,52.5425484]}},{"type":"Feature","properties":{"id":"osm-372366013","region":"Berlin","surveillanceType":"outdoor","operator":"","description":""},"geometry":{"type":"Point","coordinates":[13.5649159,52.5087588]}},{"type":"Feature","properties":{"id":"osm-372370455","region":"Berlin","surveillanceType":"indoor","operator":"Internet-Cafe","description":""},"geometry":{"type":"Point","coordinates":[13.4418773,52.5014048]}},{"type":"Feature","properties":{"id":"osm-372370461","region":"Berlin","surveillanceType":"camera","operator":"Casino 21","description":"fixed"},"geometry":{"type":"Point","coordinates":[13.4208376,52.497161]}},{"type":"Feature","properties":{"id":"osm-372378724","region":"Berlin","surveillanceType":"outdoor","operator":"Willy-Brandt-Haus","description":""},"geometry":{"type":"Point","coordinates":[13.3883829,52.4997099]}},{"type":"Feature","properties":{"id":"osm-372378727","region":"Berlin","surveillanceType":"outdoor","operator":"","description":""},"geometry":{"type":"Point","coordinates":[13.3880778,52.500041]}},{"type":"Feature","properties":{"id":"osm-372378729","region":"Berlin","surveillanceType":"camera","operator":"","description":"fixed"},"geometry":{"type":"Point","coordinates":[13.3886383,52.4997326]}},{"type":"Feature","properties":{"id":"osm-372378733","region":"Berlin","surveillanceType":"outdoor","operator":"Willy-Brandt-Haus","description":""},"geometry":{"type":"Point","coordinates":[13.3878153,52.5004057]}},{"type":"Feature","properties":{"id":"osm-372378734","region":"Berlin","surveillanceType":"outdoor","operator":"Deutsche Rentenversicherung","description":""},"geometry":{"type":"Point","coordinates":[13.3853684,52.5011199]}},{"type":"Feature","properties":{"id":"osm-372378737","region":"Berlin","surveillanceType":"outdoor","operator":"Deutsche Rentenversicherung","description":""},"geometry":{"type":"Point","coordinates":[13.3858857,52.5013167]}},{"type":"Feature","properties":{"id":"osm-372378742","region":"Berlin","surveillanceType":"outdoor","operator":"","description":"Parkplatz-Überwachung"},"geometry":{"type":"Point","coordinates":[13.3838989,52.5034935]}},{"type":"Feature","properties":{"id":"osm-372381652","region":"Berlin","surveillanceType":"indoor","operator":"","description":""},"geometry":{"type":"Point","coordinates":[13.3884334,52.5185997]}},{"type":"Feature","properties":{"id":"osm-372383467","region":"Berlin","surveillanceType":"outdoor","operator":"Bahnhofskamera Gleisdreieck","description":""},"geometry":{"type":"Point","coordinates":[13.3742184,52.5000007]}},{"type":"Feature","properties":{"id":"osm-380181868","region":"Berlin","surveillanceType":"outdoor","operator":"Heidelberg","description":""},"geometry":{"type":"Point","coordinates":[13.188954,52.4047376]}},{"type":"Feature","properties":{"id":"osm-380458242","region":"Berlin","surveillanceType":"outdoor","operator":"","description":""},"geometry":{"type":"Point","coordinates":[13.319586,52.5284725]}},{"type":"Feature","properties":{"id":"osm-380458243","region":"Berlin","surveillanceType":"outdoor","operator":"","description":""},"geometry":{"type":"Point","coordinates":[13.3193238,52.5283094]}},{"type":"Feature","properties":{"id":"osm-380458244","region":"Berlin","surveillanceType":"public","operator":"","description":""},"geometry":{"type":"Point","coordinates":[13.3188983,52.5275307]}},{"type":"Feature","properties":{"id":"osm-380458245","region":"Berlin","surveillanceType":"outdoor","operator":"","description":""},"geometry":{"type":"Point","coordinates":[13.3185484,52.527486]}},{"type":"Feature","properties":{"id":"osm-380458246","region":"Berlin","surveillanceType":"public","operator":"","description":""},"geometry":{"type":"Point","coordinates":[13.3187873,52.5272859]}},{"type":"Feature","properties":{"id":"osm-380458247","region":"Berlin","surveillanceType":"public","operator":"","description":""},"geometry":{"type":"Point","coordinates":[13.318679,52.5270634]}},{"type":"Feature","properties":{"id":"osm-380458248","region":"Berlin","surveillanceType":"public","operator":"","description":""},"geometry":{"type":"Point","coordinates":[13.318631,52.5269547]}},{"type":"Feature","properties":{"id":"osm-380458249","region":"Berlin","surveillanceType":"public","operator":"","description":""},"geometry":{"type":"Point","coordinates":[13.3185223,52.5266892]}},{"type":"Feature","properties":{"id":"osm-380458250","region":"Berlin","surveillanceType":"public","operator":"","description":""},"geometry":{"type":"Point","coordinates":[13.318468,52.5265645]}},{"type":"Feature","properties":{"id":"osm-380458251","region":"Berlin","surveillanceType":"public","operator":"","description":""},"geometry":{"type":"Point","coordinates":[13.3183943,52.5263899]}},{"type":"Feature","properties":{"id":"osm-380458252","region":"Berlin","surveillanceType":"outdoor","operator":"","description":""},"geometry":{"type":"Point","coordinates":[13.3177649,52.5264435]}},{"type":"Feature","properties":{"id":"osm-380458259","region":"Berlin","surveillanceType":"outdoor","operator":"","description":""},"geometry":{"type":"Point","coordinates":[13.3301005,52.5235671]}},{"type":"Feature","properties":{"id":"osm-380459573","region":"Berlin","surveillanceType":"camera","operator":"","description":"dome"},"geometry":{"type":"Point","coordinates":[13.3265971,52.517298]}},{"type":"Feature","properties":{"id":"osm-380459581","region":"Berlin","surveillanceType":"camera","operator":"","description":"fixed"},"geometry":{"type":"Point","coordinates":[13.3286518,52.5155911]}},{"type":"Feature","properties":{"id":"osm-380459583","region":"Berlin","surveillanceType":"camera","operator":"","description":"dome"},"geometry":{"type":"Point","coordinates":[13.3283984,52.5153889]}},{"type":"Feature","properties":{"id":"osm-380459586","region":"Berlin","surveillanceType":"camera","operator":"","description":"fixed"},"geometry":{"type":"Point","coordinates":[13.3287603,52.5151225]}},{"type":"Feature","properties":{"id":"osm-380459588","region":"Berlin","surveillanceType":"camera","operator":"","description":"dome"},"geometry":{"type":"Point","coordinates":[13.3292877,52.5148421]}},{"type":"Feature","properties":{"id":"osm-380459590","region":"Berlin","surveillanceType":"camera","operator":"","description":"dome"},"geometry":{"type":"Point","coordinates":[13.3300085,52.5146136]}},{"type":"Feature","properties":{"id":"osm-380459593","region":"Berlin","surveillanceType":"camera","operator":"","description":"dome"},"geometry":{"type":"Point","coordinates":[13.3305107,52.514643]}},{"type":"Feature","properties":{"id":"osm-380460134","region":"Berlin","surveillanceType":"indoor","operator":"","description":"Spielcenter"},"geometry":{"type":"Point","coordinates":[13.3408667,52.5254775]}},{"type":"Feature","properties":{"id":"osm-380462839","region":"Berlin","surveillanceType":"camera","operator":"","description":"fixed"},"geometry":{"type":"Point","coordinates":[13.3517157,52.5158925]}},{"type":"Feature","properties":{"id":"osm-380462840","region":"Berlin","surveillanceType":"camera","operator":"","description":"fixed"},"geometry":{"type":"Point","coordinates":[13.3519062,52.5159859]}},{"type":"Feature","properties":{"id":"osm-380462842","region":"Berlin","surveillanceType":"camera","operator":"","description":"dome"},"geometry":{"type":"Point","coordinates":[13.3521493,52.5160912]}},{"type":"Feature","properties":{"id":"osm-380462843","region":"Berlin","surveillanceType":"camera","operator":"","description":"fixed"},"geometry":{"type":"Point","coordinates":[13.3523234,52.516157]}},{"type":"Feature","properties":{"id":"osm-380462845","region":"Berlin","surveillanceType":"camera","operator":"","description":"dome"},"geometry":{"type":"Point","coordinates":[13.3524716,52.5162269]}},{"type":"Feature","properties":{"id":"osm-380462847","region":"Berlin","surveillanceType":"outdoor","operator":"","description":""},"geometry":{"type":"Point","coordinates":[13.3525526,52.5162869]}},{"type":"Feature","properties":{"id":"osm-380462848","region":"Berlin","surveillanceType":"camera","operator":"","description":"panning"},"geometry":{"type":"Point","coordinates":[13.3528719,52.5164125]}},{"type":"Feature","properties":{"id":"osm-380462850","region":"Berlin","surveillanceType":"camera","operator":"","description":"fixed"},"geometry":{"type":"Point","coordinates":[13.3529737,52.516471]}},{"type":"Feature","properties":{"id":"osm-380462851","region":"Berlin","surveillanceType":"camera","operator":"","description":"dome"},"geometry":{"type":"Point","coordinates":[13.3529361,52.5165183]}},{"type":"Feature","properties":{"id":"osm-380462853","region":"Berlin","surveillanceType":"camera","operator":"","description":"dome"},"geometry":{"type":"Point","coordinates":[13.3540877,52.5173947]}},{"type":"Feature","properties":{"id":"osm-380462854","region":"Berlin","surveillanceType":"outdoor","operator":"","description":""},"geometry":{"type":"Point","coordinates":[13.3544282,52.5172124]}},{"type":"Feature","properties":{"id":"osm-380462856","region":"Berlin","surveillanceType":"camera","operator":"","description":"fixed"},"geometry":{"type":"Point","coordinates":[13.3537646,52.517625]}},{"type":"Feature","properties":{"id":"osm-380462858","region":"Berlin","surveillanceType":"camera","operator":"","description":"fixed"},"geometry":{"type":"Point","coordinates":[13.3534453,52.5177775]}},{"type":"Feature","properties":{"id":"osm-380462860","region":"Berlin","surveillanceType":"camera","operator":"","description":"fixed"},"geometry":{"type":"Point","coordinates":[13.353046,52.517979]}},{"type":"Feature","properties":{"id":"osm-380462862","region":"Berlin","surveillanceType":"camera","operator":"","description":"dome"},"geometry":{"type":"Point","coordinates":[13.3529213,52.5181247]}},{"type":"Feature","properties":{"id":"osm-380462864","region":"Berlin","surveillanceType":"outdoor","operator":"","description":""},"geometry":{"type":"Point","coordinates":[13.3526784,52.518263]}},{"type":"Feature","properties":{"id":"osm-380462865","region":"Berlin","surveillanceType":"camera","operator":"","description":"dome"},"geometry":{"type":"Point","coordinates":[13.3524632,52.5183877]}},{"type":"Feature","properties":{"id":"osm-380462866","region":"Berlin","surveillanceType":"camera","operator":"","description":"dome"},"geometry":{"type":"Point","coordinates":[13.3522181,52.5185363]}},{"type":"Feature","properties":{"id":"osm-380462867","region":"Berlin","surveillanceType":"camera","operator":"","description":"dome"},"geometry":{"type":"Point","coordinates":[13.3519275,52.5186605]}},{"type":"Feature","properties":{"id":"osm-380462869","region":"Berlin","surveillanceType":"camera","operator":"","description":"dome"},"geometry":{"type":"Point","coordinates":[13.3516648,52.5187845]}},{"type":"Feature","properties":{"id":"osm-380462871","region":"Berlin","surveillanceType":"camera","operator":"","description":"dome"},"geometry":{"type":"Point","coordinates":[13.3513978,52.518907]}},{"type":"Feature","properties":{"id":"osm-380462873","region":"Berlin","surveillanceType":"camera","operator":"","description":"dome"},"geometry":{"type":"Point","coordinates":[13.3511649,52.5190264]}},{"type":"Feature","properties":{"id":"osm-380462874","region":"Berlin","surveillanceType":"camera","operator":"","description":"dome"},"geometry":{"type":"Point","coordinates":[13.3508547,52.5190442]}},{"type":"Feature","properties":{"id":"osm-380462876","region":"Berlin","surveillanceType":"camera","operator":"","description":"fixed"},"geometry":{"type":"Point","coordinates":[13.3500296,52.51918]}},{"type":"Feature","properties":{"id":"osm-380462879","region":"Berlin","surveillanceType":"camera","operator":"","description":"fixed"},"geometry":{"type":"Point","coordinates":[13.3486514,52.5193001]}},{"type":"Feature","properties":{"id":"osm-380462880","region":"Berlin","surveillanceType":"camera","operator":"","description":"fixed"},"geometry":{"type":"Point","coordinates":[13.3484773,52.5191481]}},{"type":"Feature","properties":{"id":"osm-380462882","region":"Berlin","surveillanceType":"camera","operator":"","description":"fixed"},"geometry":{"type":"Point","coordinates":[13.3481782,52.5187408]}},{"type":"Feature","properties":{"id":"osm-380462886","region":"Berlin","surveillanceType":"camera","operator":"","description":"fixed"},"geometry":{"type":"Point","coordinates":[13.3479476,52.5181266]}},{"type":"Feature","properties":{"id":"osm-380462887","region":"Berlin","surveillanceType":"camera","operator":"","description":"dome"},"geometry":{"type":"Point","coordinates":[13.3479317,52.5179872]}},{"type":"Feature","properties":{"id":"osm-380462889","region":"Berlin","surveillanceType":"camera","operator":"","description":"fixed"},"geometry":{"type":"Point","coordinates":[13.3482451,52.5176319]}},{"type":"Feature","properties":{"id":"osm-380462890","region":"Berlin","surveillanceType":"camera","operator":"","description":"fixed"},"geometry":{"type":"Point","coordinates":[13.3484853,52.5175749]}},{"type":"Feature","properties":{"id":"osm-380462891","region":"Berlin","surveillanceType":"camera","operator":"","description":"dome"},"geometry":{"type":"Point","coordinates":[13.3487468,52.5175163]}},{"type":"Feature","properties":{"id":"osm-380462892","region":"Berlin","surveillanceType":"camera","operator":"","description":"dome"},"geometry":{"type":"Point","coordinates":[13.349045,52.5174623]}},{"type":"Feature","properties":{"id":"osm-380462893","region":"Berlin","surveillanceType":"camera","operator":"","description":"dome"},"geometry":{"type":"Point","coordinates":[13.3494112,52.5173803]}},{"type":"Feature","properties":{"id":"osm-380462894","region":"Berlin","surveillanceType":"camera","operator":"","description":"dome"},"geometry":{"type":"Point","coordinates":[13.3495774,52.5173362]}},{"type":"Feature","properties":{"id":"osm-380462895","region":"Berlin","surveillanceType":"camera","operator":"","description":"dome"},"geometry":{"type":"Point","coordinates":[13.3498994,52.5172652]}},{"type":"Feature","properties":{"id":"osm-380462896","region":"Berlin","surveillanceType":"camera","operator":"","description":"fixed"},"geometry":{"type":"Point","coordinates":[13.3502822,52.5171921]}},{"type":"Feature","properties":{"id":"osm-332419484","region":"Amsterdam","surveillanceType":"camera","operator":"","description":"dome"},"geometry":{"type":"Point","coordinates":[4.8825152,52.3620994]}},{"type":"Feature","properties":{"id":"osm-391367117","region":"Amsterdam","surveillanceType":"camera","operator":"","description":"dome"},"geometry":{"type":"Point","coordinates":[4.8918222,52.373258]}},{"type":"Feature","properties":{"id":"osm-391367118","region":"Amsterdam","surveillanceType":"camera","operator":"","description":"dome"},"geometry":{"type":"Point","coordinates":[4.8918135,52.3730306]}},{"type":"Feature","properties":{"id":"osm-667426820","region":"Amsterdam","surveillanceType":"camera","operator":"","description":""},"geometry":{"type":"Point","coordinates":[4.8825814,52.296105]}},{"type":"Feature","properties":{"id":"osm-675774262","region":"Amsterdam","surveillanceType":"camera","operator":"","description":""},"geometry":{"type":"Point","coordinates":[4.8503339,52.3035909]}},{"type":"Feature","properties":{"id":"osm-717728285","region":"Amsterdam","surveillanceType":"camera","operator":"","description":"dome"},"geometry":{"type":"Point","coordinates":[4.8396586,52.3994299]}},{"type":"Feature","properties":{"id":"osm-717729665","region":"Amsterdam","surveillanceType":"camera","operator":"","description":""},"geometry":{"type":"Point","coordinates":[4.7862135,52.3600912]}},{"type":"Feature","properties":{"id":"osm-717736037","region":"Amsterdam","surveillanceType":"camera","operator":"Koninklijke Marechaussee","description":"dome"},"geometry":{"type":"Point","coordinates":[4.8352051,52.3981117]}},{"type":"Feature","properties":{"id":"osm-717739181","region":"Amsterdam","surveillanceType":"camera","operator":"","description":"dome"},"geometry":{"type":"Point","coordinates":[4.8401132,52.3999593]}},{"type":"Feature","properties":{"id":"osm-717739690","region":"Amsterdam","surveillanceType":"camera","operator":"","description":""},"geometry":{"type":"Point","coordinates":[4.9689016,52.3224451]}},{"type":"Feature","properties":{"id":"osm-717740967","region":"Amsterdam","surveillanceType":"camera","operator":"","description":"dome"},"geometry":{"type":"Point","coordinates":[4.8280565,52.3467536]}},{"type":"Feature","properties":{"id":"osm-717743587","region":"Amsterdam","surveillanceType":"camera","operator":"","description":""},"geometry":{"type":"Point","coordinates":[4.9178225,52.3725253]}},{"type":"Feature","properties":{"id":"osm-717747481","region":"Amsterdam","surveillanceType":"camera","operator":"","description":""},"geometry":{"type":"Point","coordinates":[4.9693617,52.322346]}},{"type":"Feature","properties":{"id":"osm-717748800","region":"Amsterdam","surveillanceType":"camera","operator":"","description":"dome"},"geometry":{"type":"Point","coordinates":[4.8515694,52.397783]}},{"type":"Feature","properties":{"id":"osm-717751258","region":"Amsterdam","surveillanceType":"camera","operator":"","description":""},"geometry":{"type":"Point","coordinates":[4.9692225,52.3224989]}},{"type":"Feature","properties":{"id":"osm-717751965","region":"Amsterdam","surveillanceType":"public","operator":"","description":"dome"},"geometry":{"type":"Point","coordinates":[4.8743506,52.3801095]}},{"type":"Feature","properties":{"id":"osm-717757892","region":"Amsterdam","surveillanceType":"camera","operator":"","description":"dome"},"geometry":{"type":"Point","coordinates":[4.8991852,52.3592874]}},{"type":"Feature","properties":{"id":"osm-717765617","region":"Amsterdam","surveillanceType":"camera","operator":"","description":"dome"},"geometry":{"type":"Point","coordinates":[4.8915925,52.3735047]}},{"type":"Feature","properties":{"id":"osm-717770863","region":"Amsterdam","surveillanceType":"camera","operator":"","description":"dome"},"geometry":{"type":"Point","coordinates":[4.8917772,52.3735015]}},{"type":"Feature","properties":{"id":"osm-717785810","region":"Amsterdam","surveillanceType":"camera","operator":"","description":"dome"},"geometry":{"type":"Point","coordinates":[4.9009304,52.3595535]}},{"type":"Feature","properties":{"id":"osm-717809036","region":"Amsterdam","surveillanceType":"camera","operator":"","description":"dome"},"geometry":{"type":"Point","coordinates":[4.839442,52.4001744]}},{"type":"Feature","properties":{"id":"osm-717810310","region":"Amsterdam","surveillanceType":"camera","operator":"","description":"dome"},"geometry":{"type":"Point","coordinates":[4.8487816,52.3961178]}},{"type":"Feature","properties":{"id":"osm-717817343","region":"Amsterdam","surveillanceType":"camera","operator":"","description":"dome"},"geometry":{"type":"Point","coordinates":[4.8911115,52.3735118]}},{"type":"Feature","properties":{"id":"osm-717820561","region":"Amsterdam","surveillanceType":"camera","operator":"","description":"dome"},"geometry":{"type":"Point","coordinates":[4.8401976,52.3967308]}},{"type":"Feature","properties":{"id":"osm-717821758","region":"Amsterdam","surveillanceType":"camera","operator":"","description":"dome"},"geometry":{"type":"Point","coordinates":[4.8487689,52.3964187]}},{"type":"Feature","properties":{"id":"osm-717825071","region":"Amsterdam","surveillanceType":"camera","operator":"","description":""},"geometry":{"type":"Point","coordinates":[4.8103335,52.3553259]}},{"type":"Feature","properties":{"id":"osm-717832507","region":"Amsterdam","surveillanceType":"camera","operator":"","description":"panning"},"geometry":{"type":"Point","coordinates":[4.8280119,52.4166217]}},{"type":"Feature","properties":{"id":"osm-717836256","region":"Amsterdam","surveillanceType":"camera","operator":"","description":"dome"},"geometry":{"type":"Point","coordinates":[4.8518304,52.3976654]}},{"type":"Feature","properties":{"id":"osm-717839818","region":"Amsterdam","surveillanceType":"camera","operator":"","description":"dome"},"geometry":{"type":"Point","coordinates":[4.8389879,52.3996452]}},{"type":"Feature","properties":{"id":"osm-717844475","region":"Amsterdam","surveillanceType":"camera","operator":"","description":"dome"},"geometry":{"type":"Point","coordinates":[4.8392855,52.3963912]}},{"type":"Feature","properties":{"id":"osm-936518667","region":"Amsterdam","surveillanceType":"camera","operator":"","description":"dome"},"geometry":{"type":"Point","coordinates":[4.8837734,52.3596567]}},{"type":"Feature","properties":{"id":"osm-936522286","region":"Amsterdam","surveillanceType":"camera","operator":"","description":""},"geometry":{"type":"Point","coordinates":[4.8816223,52.3599417]}},{"type":"Feature","properties":{"id":"osm-936532404","region":"Amsterdam","surveillanceType":"camera","operator":"","description":""},"geometry":{"type":"Point","coordinates":[4.8808873,52.3579105]}},{"type":"Feature","properties":{"id":"osm-936532411","region":"Amsterdam","surveillanceType":"camera","operator":"","description":""},"geometry":{"type":"Point","coordinates":[4.8811287,52.3563871]}},{"type":"Feature","properties":{"id":"osm-936538143","region":"Amsterdam","surveillanceType":"camera","operator":"","description":""},"geometry":{"type":"Point","coordinates":[4.873522,52.3405597]}},{"type":"Feature","properties":{"id":"osm-976614979","region":"Amsterdam","surveillanceType":"camera","operator":"","description":"fixed"},"geometry":{"type":"Point","coordinates":[4.8926323,52.3572993]}},{"type":"Feature","properties":{"id":"osm-976614985","region":"Amsterdam","surveillanceType":"camera","operator":"","description":"fixed"},"geometry":{"type":"Point","coordinates":[4.8925471,52.356771]}},{"type":"Feature","properties":{"id":"osm-976614989","region":"Amsterdam","surveillanceType":"camera","operator":"","description":"dome"},"geometry":{"type":"Point","coordinates":[4.8916644,52.3568327]}},{"type":"Feature","properties":{"id":"osm-1013551618","region":"Amsterdam","surveillanceType":"camera","operator":"","description":""},"geometry":{"type":"Point","coordinates":[4.7399645,52.356909]}},{"type":"Feature","properties":{"id":"osm-1225634280","region":"Amsterdam","surveillanceType":"outdoor","operator":"","description":""},"geometry":{"type":"Point","coordinates":[4.8997142,52.359343]}},{"type":"Feature","properties":{"id":"osm-1225634298","region":"Amsterdam","surveillanceType":"outdoor","operator":"","description":""},"geometry":{"type":"Point","coordinates":[4.9004545,52.3594544]}},{"type":"Feature","properties":{"id":"osm-1237079712","region":"Amsterdam","surveillanceType":"camera","operator":"","description":"dome"},"geometry":{"type":"Point","coordinates":[4.9021395,52.3834373]}},{"type":"Feature","properties":{"id":"osm-1240600476","region":"Amsterdam","surveillanceType":"public","operator":"","description":""},"geometry":{"type":"Point","coordinates":[4.912106,52.3454109]}},{"type":"Feature","properties":{"id":"osm-1241121283","region":"Amsterdam","surveillanceType":"camera","operator":"","description":""},"geometry":{"type":"Point","coordinates":[4.9156281,52.3480276]}},{"type":"Feature","properties":{"id":"osm-1241121287","region":"Amsterdam","surveillanceType":"camera","operator":"","description":""},"geometry":{"type":"Point","coordinates":[4.914703,52.3478668]}},{"type":"Feature","properties":{"id":"osm-1241124739","region":"Amsterdam","surveillanceType":"camera","operator":"","description":""},"geometry":{"type":"Point","coordinates":[4.9176641,52.3464095]}},{"type":"Feature","properties":{"id":"osm-1241124742","region":"Amsterdam","surveillanceType":"camera","operator":"","description":""},"geometry":{"type":"Point","coordinates":[4.9176273,52.3465839]}},{"type":"Feature","properties":{"id":"osm-1241124743","region":"Amsterdam","surveillanceType":"camera","operator":"","description":""},"geometry":{"type":"Point","coordinates":[4.9177462,52.3462682]}},{"type":"Feature","properties":{"id":"osm-1241124744","region":"Amsterdam","surveillanceType":"camera","operator":"","description":""},"geometry":{"type":"Point","coordinates":[4.91749,52.3464886]}},{"type":"Feature","properties":{"id":"osm-1241124745","region":"Amsterdam","surveillanceType":"camera","operator":"","description":""},"geometry":{"type":"Point","coordinates":[4.9176153,52.3465143]}},{"type":"Feature","properties":{"id":"osm-1241124747","region":"Amsterdam","surveillanceType":"camera","operator":"","description":""},"geometry":{"type":"Point","coordinates":[4.9175365,52.3467159]}},{"type":"Feature","properties":{"id":"osm-1241128591","region":"Amsterdam","surveillanceType":"camera","operator":"","description":""},"geometry":{"type":"Point","coordinates":[4.9019969,52.3773649]}},{"type":"Feature","properties":{"id":"osm-1241128603","region":"Amsterdam","surveillanceType":"camera","operator":"","description":""},"geometry":{"type":"Point","coordinates":[4.902315,52.3775191]}},{"type":"Feature","properties":{"id":"osm-1241131297","region":"Amsterdam","surveillanceType":"camera","operator":"","description":""},"geometry":{"type":"Point","coordinates":[4.9121991,52.372938]}},{"type":"Feature","properties":{"id":"osm-1241131299","region":"Amsterdam","surveillanceType":"camera","operator":"","description":""},"geometry":{"type":"Point","coordinates":[4.9125121,52.3740363]}},{"type":"Feature","properties":{"id":"osm-1241136717","region":"Amsterdam","surveillanceType":"public","operator":"","description":""},"geometry":{"type":"Point","coordinates":[4.9136015,52.3925035]}},{"type":"Feature","properties":{"id":"osm-1241136719","region":"Amsterdam","surveillanceType":"public","operator":"","description":""},"geometry":{"type":"Point","coordinates":[4.9136457,52.392546]}},{"type":"Feature","properties":{"id":"osm-1250800940","region":"Amsterdam","surveillanceType":"public","operator":"","description":""},"geometry":{"type":"Point","coordinates":[4.8963801,52.3679838]}},{"type":"Feature","properties":{"id":"osm-1250800951","region":"Amsterdam","surveillanceType":"camera","operator":"earthcam","description":"fixed"},"geometry":{"type":"Point","coordinates":[4.8964191,52.3678657]}},{"type":"Feature","properties":{"id":"osm-1354604995","region":"Amsterdam","surveillanceType":"camera","operator":"","description":""},"geometry":{"type":"Point","coordinates":[4.7499581,52.3040634]}},{"type":"Feature","properties":{"id":"osm-1354605026","region":"Amsterdam","surveillanceType":"camera","operator":"","description":""},"geometry":{"type":"Point","coordinates":[4.7496744,52.3039533]}},{"type":"Feature","properties":{"id":"osm-1577126058","region":"Amsterdam","surveillanceType":"camera","operator":"","description":"dome"},"geometry":{"type":"Point","coordinates":[4.8299034,52.3467601]}},{"type":"Feature","properties":{"id":"osm-1582704815","region":"Amsterdam","surveillanceType":"camera","operator":"","description":""},"geometry":{"type":"Point","coordinates":[4.8103518,52.3553298]}},{"type":"Feature","properties":{"id":"osm-1582704817","region":"Amsterdam","surveillanceType":"camera","operator":"","description":""},"geometry":{"type":"Point","coordinates":[4.8104567,52.3551328]}},{"type":"Feature","properties":{"id":"osm-1582704818","region":"Amsterdam","surveillanceType":"camera","operator":"","description":""},"geometry":{"type":"Point","coordinates":[4.810516,52.3552573]}},{"type":"Feature","properties":{"id":"osm-1582704821","region":"Amsterdam","surveillanceType":"camera","operator":"","description":""},"geometry":{"type":"Point","coordinates":[4.8104254,52.3551465]}},{"type":"Feature","properties":{"id":"osm-1582704857","region":"Amsterdam","surveillanceType":"camera","operator":"","description":""},"geometry":{"type":"Point","coordinates":[4.8104287,52.3553461]}},{"type":"Feature","properties":{"id":"osm-1588194906","region":"Amsterdam","surveillanceType":"traffic","operator":"","description":""},"geometry":{"type":"Point","coordinates":[4.8454909,52.345796]}},{"type":"Feature","properties":{"id":"osm-1598670803","region":"Amsterdam","surveillanceType":"camera","operator":"","description":""},"geometry":{"type":"Point","coordinates":[4.8299242,52.346106]}},{"type":"Feature","properties":{"id":"osm-1598670815","region":"Amsterdam","surveillanceType":"camera","operator":"","description":""},"geometry":{"type":"Point","coordinates":[4.8299162,52.3465813]}},{"type":"Feature","properties":{"id":"osm-1601142246","region":"Amsterdam","surveillanceType":"camera","operator":"","description":""},"geometry":{"type":"Point","coordinates":[4.8533369,52.3547558]}},{"type":"Feature","properties":{"id":"osm-1601142258","region":"Amsterdam","surveillanceType":"camera","operator":"","description":""},"geometry":{"type":"Point","coordinates":[4.8537073,52.3548]}},{"type":"Feature","properties":{"id":"osm-1601142332","region":"Amsterdam","surveillanceType":"camera","operator":"","description":""},"geometry":{"type":"Point","coordinates":[4.8533476,52.3548346]}},{"type":"Feature","properties":{"id":"osm-1614400605","region":"Amsterdam","surveillanceType":"camera","operator":"","description":""},"geometry":{"type":"Point","coordinates":[4.7702675,52.3543537]}},{"type":"Feature","properties":{"id":"osm-1614400935","region":"Amsterdam","surveillanceType":"outdoor","operator":"","description":""},"geometry":{"type":"Point","coordinates":[4.7701254,52.3550286]}},{"type":"Feature","properties":{"id":"osm-1614401085","region":"Amsterdam","surveillanceType":"camera","operator":"","description":""},"geometry":{"type":"Point","coordinates":[4.7697069,52.3540343]}},{"type":"Feature","properties":{"id":"osm-1625939106","region":"Amsterdam","surveillanceType":"camera","operator":"","description":"dome"},"geometry":{"type":"Point","coordinates":[4.8234431,52.3512307]}},{"type":"Feature","properties":{"id":"osm-1625939133","region":"Amsterdam","surveillanceType":"camera","operator":"","description":""},"geometry":{"type":"Point","coordinates":[4.8213797,52.351196]}},{"type":"Feature","properties":{"id":"osm-1625939135","region":"Amsterdam","surveillanceType":"camera","operator":"","description":"dome"},"geometry":{"type":"Point","coordinates":[4.8222995,52.3512182]}},{"type":"Feature","properties":{"id":"osm-1631538099","region":"Amsterdam","surveillanceType":"camera","operator":"Hogeschool van Amsterdam","description":"dome"},"geometry":{"type":"Point","coordinates":[4.9089851,52.3589751]}},{"type":"Feature","properties":{"id":"osm-1631538112","region":"Amsterdam","surveillanceType":"camera","operator":"Hogeschool van Amsterdam","description":"dome"},"geometry":{"type":"Point","coordinates":[4.907171,52.3590486]}},{"type":"Feature","properties":{"id":"osm-1631538116","region":"Amsterdam","surveillanceType":"camera","operator":"Hogeschool van Amsterdam","description":"dome"},"geometry":{"type":"Point","coordinates":[4.9087685,52.3593583]}},{"type":"Feature","properties":{"id":"osm-1631538127","region":"Amsterdam","surveillanceType":"camera","operator":"Hogeschool van Amsterdam","description":"dome"},"geometry":{"type":"Point","coordinates":[4.9086616,52.3594247]}},{"type":"Feature","properties":{"id":"osm-1631538131","region":"Amsterdam","surveillanceType":"camera","operator":"","description":"dome"},"geometry":{"type":"Point","coordinates":[4.9074536,52.362662]}},{"type":"Feature","properties":{"id":"osm-1631538146","region":"Amsterdam","surveillanceType":"camera","operator":"","description":"dome"},"geometry":{"type":"Point","coordinates":[4.8993893,52.3721594]}},{"type":"Feature","properties":{"id":"osm-1636376280","region":"Amsterdam","surveillanceType":"camera","operator":"","description":"fixed"},"geometry":{"type":"Point","coordinates":[4.8817731,52.3526975]}},{"type":"Feature","properties":{"id":"osm-1636761048","region":"Amsterdam","surveillanceType":"camera","operator":"","description":"dome"},"geometry":{"type":"Point","coordinates":[4.8826603,52.3621712]}},{"type":"Feature","properties":{"id":"osm-1636761051","region":"Amsterdam","surveillanceType":"camera","operator":"","description":"dome"},"geometry":{"type":"Point","coordinates":[4.88343,52.3623077]}},{"type":"Feature","properties":{"id":"osm-1636761054","region":"Amsterdam","surveillanceType":"camera","operator":"","description":"dome"},"geometry":{"type":"Point","coordinates":[4.8824262,52.3622884]}},{"type":"Feature","properties":{"id":"osm-1636951014","region":"Amsterdam","surveillanceType":"outdoor","operator":"Nationale Politie","description":"dome"},"geometry":{"type":"Point","coordinates":[4.9413813,52.3647252]}},{"type":"Feature","properties":{"id":"osm-1636951017","region":"Amsterdam","surveillanceType":"outdoor","operator":"Nationale Politie","description":"dome"},"geometry":{"type":"Point","coordinates":[4.9414475,52.3648779]}},{"type":"Feature","properties":{"id":"osm-1636951019","region":"Amsterdam","surveillanceType":"camera","operator":"Nationale Politie","description":"dome"},"geometry":{"type":"Point","coordinates":[4.9405645,52.3649496]}},{"type":"Feature","properties":{"id":"osm-1637013108","region":"Amsterdam","surveillanceType":"outdoor","operator":"Nationale Politie","description":"dome"},"geometry":{"type":"Point","coordinates":[4.9409712,52.3586464]}},{"type":"Feature","properties":{"id":"osm-1637013118","region":"Amsterdam","surveillanceType":"outdoor","operator":"Nationale Politie","description":"dome"},"geometry":{"type":"Point","coordinates":[4.9395165,52.3617802]}},{"type":"Feature","properties":{"id":"osm-1637013119","region":"Amsterdam","surveillanceType":"outdoor","operator":"Nationale Politie","description":"dome"},"geometry":{"type":"Point","coordinates":[4.9401522,52.3634594]}},{"type":"Feature","properties":{"id":"osm-1637013120","region":"Amsterdam","surveillanceType":"outdoor","operator":"Nationale Politie","description":"dome"},"geometry":{"type":"Point","coordinates":[4.9315548,52.3634877]}},{"type":"Feature","properties":{"id":"osm-1637013129","region":"Amsterdam","surveillanceType":"outdoor","operator":"Nationale Politie","description":"dome"},"geometry":{"type":"Point","coordinates":[4.9333851,52.3637162]}},{"type":"Feature","properties":{"id":"osm-1637013130","region":"Amsterdam","surveillanceType":"outdoor","operator":"Nationale Politie","description":"dome"},"geometry":{"type":"Point","coordinates":[4.9355886,52.3638149]}},{"type":"Feature","properties":{"id":"osm-1637013132","region":"Amsterdam","surveillanceType":"outdoor","operator":"Nationale Politie","description":"dome"},"geometry":{"type":"Point","coordinates":[4.937054,52.3638234]}},{"type":"Feature","properties":{"id":"osm-1637013141","region":"Amsterdam","surveillanceType":"outdoor","operator":"Nationale Politie","description":"dome"},"geometry":{"type":"Point","coordinates":[4.9396118,52.3638984]}},{"type":"Feature","properties":{"id":"osm-1637013142","region":"Amsterdam","surveillanceType":"outdoor","operator":"Nationale Politie","description":"dome"},"geometry":{"type":"Point","coordinates":[4.9385939,52.3639454]}},{"type":"Feature","properties":{"id":"osm-1637833128","region":"Amsterdam","surveillanceType":"outdoor","operator":"","description":"fixed"},"geometry":{"type":"Point","coordinates":[4.8724633,52.3643181]}},{"type":"Feature","properties":{"id":"osm-1637833132","region":"Amsterdam","surveillanceType":"outdoor","operator":"","description":"dome"},"geometry":{"type":"Point","coordinates":[4.8711766,52.3643603]}},{"type":"Feature","properties":{"id":"osm-1637833139","region":"Amsterdam","surveillanceType":"outdoor","operator":"","description":"fixed"},"geometry":{"type":"Point","coordinates":[4.872686,52.3648974]}},{"type":"Feature","properties":{"id":"osm-1637833157","region":"Amsterdam","surveillanceType":"indoor","operator":"","description":""},"geometry":{"type":"Point","coordinates":[4.8712318,52.3668254]}},{"type":"Feature","properties":{"id":"osm-1640480358","region":"Amsterdam","surveillanceType":"camera","operator":"Nationale Politie","description":"fixed"},"geometry":{"type":"Point","coordinates":[4.9272755,52.3573685]}},{"type":"Feature","properties":{"id":"osm-1640480368","region":"Amsterdam","surveillanceType":"camera","operator":"Nationale Politie","description":"fixed"},"geometry":{"type":"Point","coordinates":[4.9272388,52.3573792]}},{"type":"Feature","properties":{"id":"osm-1640480393","region":"Amsterdam","surveillanceType":"camera","operator":"Nationale Politie","description":"fixed"},"geometry":{"type":"Point","coordinates":[4.9275585,52.3574346]}},{"type":"Feature","properties":{"id":"osm-1640480408","region":"Amsterdam","surveillanceType":"camera","operator":"Nationale Politie","description":"fixed"},"geometry":{"type":"Point","coordinates":[4.9275787,52.3574569]}},{"type":"Feature","properties":{"id":"osm-1640480420","region":"Amsterdam","surveillanceType":"camera","operator":"Nationale Politie","description":"fixed"},"geometry":{"type":"Point","coordinates":[4.9270667,52.3576559]}},{"type":"Feature","properties":{"id":"osm-1642007359","region":"Amsterdam","surveillanceType":"camera","operator":"Hogeschool van Amsterdam","description":"dome"},"geometry":{"type":"Point","coordinates":[4.9076676,52.3591651]}},{"type":"Feature","properties":{"id":"osm-1642007366","region":"Amsterdam","surveillanceType":"camera","operator":"Hogeschool van Amsterdam","description":"dome"},"geometry":{"type":"Point","coordinates":[4.908116,52.3592602]}},{"type":"Feature","properties":{"id":"osm-1642007370","region":"Amsterdam","surveillanceType":"camera","operator":"Nationale Politie","description":"dome"},"geometry":{"type":"Point","coordinates":[4.883676,52.3625008]}},{"type":"Feature","properties":{"id":"osm-1649510056","region":"Amsterdam","surveillanceType":"camera","operator":"Hogeschool van Amsterdam","description":"dome"},"geometry":{"type":"Point","coordinates":[4.9082535,52.3591523]}},{"type":"Feature","properties":{"id":"osm-1649510078","region":"Amsterdam","surveillanceType":"camera","operator":"","description":""},"geometry":{"type":"Point","coordinates":[4.9054952,52.3596925]}},{"type":"Feature","properties":{"id":"osm-1649510083","region":"Amsterdam","surveillanceType":"camera","operator":"","description":""},"geometry":{"type":"Point","coordinates":[4.9053685,52.3599562]}},{"type":"Feature","properties":{"id":"osm-1649510088","region":"Amsterdam","surveillanceType":"camera","operator":"","description":""},"geometry":{"type":"Point","coordinates":[4.9051135,52.3603827]}},{"type":"Feature","properties":{"id":"osm-1649510093","region":"Amsterdam","surveillanceType":"camera","operator":"","description":"dome"},"geometry":{"type":"Point","coordinates":[4.903019,52.3604331]}},{"type":"Feature","properties":{"id":"osm-1665620719","region":"Amsterdam","surveillanceType":"outdoor","operator":"","description":"dome"},"geometry":{"type":"Point","coordinates":[4.8820426,52.3637597]}},{"type":"Feature","properties":{"id":"osm-1684769274","region":"Amsterdam","surveillanceType":"camera","operator":"","description":"dome"},"geometry":{"type":"Point","coordinates":[4.8400599,52.3487794]}},{"type":"Feature","properties":{"id":"osm-1684769366","region":"Amsterdam","surveillanceType":"camera","operator":"","description":"dome"},"geometry":{"type":"Point","coordinates":[4.840725,52.3496102]}},{"type":"Feature","properties":{"id":"osm-1691713764","region":"Amsterdam","surveillanceType":"camera","operator":"","description":""},"geometry":{"type":"Point","coordinates":[4.7858015,52.3599951]}},{"type":"Feature","properties":{"id":"osm-1692929102","region":"Amsterdam","surveillanceType":"camera","operator":"","description":""},"geometry":{"type":"Point","coordinates":[4.7864277,52.3598053]}},{"type":"Feature","properties":{"id":"osm-1692929142","region":"Amsterdam","surveillanceType":"camera","operator":"","description":""},"geometry":{"type":"Point","coordinates":[4.7863097,52.3600937]}},{"type":"Feature","properties":{"id":"osm-1692929194","region":"Amsterdam","surveillanceType":"camera","operator":"","description":""},"geometry":{"type":"Point","coordinates":[4.785902,52.3597202]}},{"type":"Feature","properties":{"id":"osm-1692929212","region":"Amsterdam","surveillanceType":"camera","operator":"","description":""},"geometry":{"type":"Point","coordinates":[4.7857599,52.3599676]}},{"type":"Feature","properties":{"id":"osm-1693895984","region":"Amsterdam","surveillanceType":"camera","operator":"","description":""},"geometry":{"type":"Point","coordinates":[4.9690793,52.3222493]}},{"type":"Feature","properties":{"id":"osm-1694408084","region":"Amsterdam","surveillanceType":"camera","operator":"","description":""},"geometry":{"type":"Point","coordinates":[4.8337213,52.3578049]}},{"type":"Feature","properties":{"id":"osm-1725960702","region":"Amsterdam","surveillanceType":"camera","operator":"","description":""},"geometry":{"type":"Point","coordinates":[4.9251117,52.3369227]}},{"type":"Feature","properties":{"id":"osm-1725960729","region":"Amsterdam","surveillanceType":"camera","operator":"","description":""},"geometry":{"type":"Point","coordinates":[4.9255758,52.3370539]}},{"type":"Feature","properties":{"id":"osm-1753852647","region":"Amsterdam","surveillanceType":"camera","operator":"","description":""},"geometry":{"type":"Point","coordinates":[4.8421788,52.3440927]}},{"type":"Feature","properties":{"id":"osm-1760411832","region":"Amsterdam","surveillanceType":"camera","operator":"","description":""},"geometry":{"type":"Point","coordinates":[4.8121241,52.3426079]}},{"type":"Feature","properties":{"id":"osm-1905832487","region":"Amsterdam","surveillanceType":"public","operator":"","description":""},"geometry":{"type":"Point","coordinates":[5.0062736,52.3546361]}},{"type":"Feature","properties":{"id":"osm-1992109367","region":"Amsterdam","surveillanceType":"camera","operator":"","description":""},"geometry":{"type":"Point","coordinates":[4.8034834,52.3592533]}},{"type":"Feature","properties":{"id":"osm-1992109463","region":"Amsterdam","surveillanceType":"camera","operator":"","description":""},"geometry":{"type":"Point","coordinates":[4.8034283,52.3593628]}},{"type":"Feature","properties":{"id":"osm-1992109484","region":"Amsterdam","surveillanceType":"camera","operator":"","description":""},"geometry":{"type":"Point","coordinates":[4.8035203,52.3595364]}},{"type":"Feature","properties":{"id":"osm-1993927351","region":"Amsterdam","surveillanceType":"camera","operator":"","description":""},"geometry":{"type":"Point","coordinates":[4.8557334,52.3496509]}},{"type":"Feature","properties":{"id":"osm-1993927353","region":"Amsterdam","surveillanceType":"camera","operator":"","description":""},"geometry":{"type":"Point","coordinates":[4.8563698,52.3497135]}},{"type":"Feature","properties":{"id":"osm-1993927356","region":"Amsterdam","surveillanceType":"camera","operator":"","description":"dome"},"geometry":{"type":"Point","coordinates":[4.8554548,52.3494797]}},{"type":"Feature","properties":{"id":"osm-2041834158","region":"Amsterdam","surveillanceType":"camera","operator":"","description":""},"geometry":{"type":"Point","coordinates":[4.9179575,52.3726095]}},{"type":"Feature","properties":{"id":"osm-2072107016","region":"Amsterdam","surveillanceType":"camera","operator":"","description":""},"geometry":{"type":"Point","coordinates":[4.8096055,52.3458897]}},{"type":"Feature","properties":{"id":"osm-2092148478","region":"Amsterdam","surveillanceType":"camera","operator":"","description":""},"geometry":{"type":"Point","coordinates":[4.8069877,52.35827]}},{"type":"Feature","properties":{"id":"osm-2092148479","region":"Amsterdam","surveillanceType":"camera","operator":"","description":"dome"},"geometry":{"type":"Point","coordinates":[4.8071912,52.3597883]}},{"type":"Feature","properties":{"id":"osm-2095650951","region":"Amsterdam","surveillanceType":"camera","operator":"","description":""},"geometry":{"type":"Point","coordinates":[4.8111501,52.3460774]}},{"type":"Feature","properties":{"id":"osm-2095650958","region":"Amsterdam","surveillanceType":"camera","operator":"","description":""},"geometry":{"type":"Point","coordinates":[4.811303,52.3456579]}},{"type":"Feature","properties":{"id":"osm-2095650961","region":"Amsterdam","surveillanceType":"camera","operator":"","description":""},"geometry":{"type":"Point","coordinates":[4.8107639,52.3461609]}},{"type":"Feature","properties":{"id":"osm-2105912049","region":"Amsterdam","surveillanceType":"camera","operator":"Hogeschool van Amsterdam","description":"dome"},"geometry":{"type":"Point","coordinates":[4.9074422,52.3588468]}},{"type":"Feature","properties":{"id":"osm-2105912052","region":"Amsterdam","surveillanceType":"camera","operator":"Hogeschool van Amsterdam","description":"dome"},"geometry":{"type":"Point","coordinates":[4.9074394,52.3589625]}},{"type":"Feature","properties":{"id":"osm-2105912053","region":"Amsterdam","surveillanceType":"camera","operator":"Hogeschool van Amsterdam","description":"dome"},"geometry":{"type":"Point","coordinates":[4.9072751,52.3589676]}},{"type":"Feature","properties":{"id":"osm-2105912055","region":"Amsterdam","surveillanceType":"camera","operator":"Hogeschool van Amsterdam","description":"dome"},"geometry":{"type":"Point","coordinates":[4.9083894,52.3593786]}},{"type":"Feature","properties":{"id":"osm-303344560","region":"Moscow","surveillanceType":"camera","operator":"","description":"fixed"},"geometry":{"type":"Point","coordinates":[37.6983647,55.7334588]}},{"type":"Feature","properties":{"id":"osm-307368780","region":"Moscow","surveillanceType":"public","operator":"","description":""},"geometry":{"type":"Point","coordinates":[37.6386881,55.8717028]}},{"type":"Feature","properties":{"id":"osm-312346267","region":"Moscow","surveillanceType":"public","operator":"","description":""},"geometry":{"type":"Point","coordinates":[37.6624499,55.886778]}},{"type":"Feature","properties":{"id":"osm-312348122","region":"Moscow","surveillanceType":"public","operator":"","description":""},"geometry":{"type":"Point","coordinates":[37.6624214,55.8885105]}},{"type":"Feature","properties":{"id":"osm-312348131","region":"Moscow","surveillanceType":"public","operator":"","description":""},"geometry":{"type":"Point","coordinates":[37.662866,55.892946]}},{"type":"Feature","properties":{"id":"osm-312376290","region":"Moscow","surveillanceType":"public","operator":"","description":""},"geometry":{"type":"Point","coordinates":[37.6446068,55.8785001]}},{"type":"Feature","properties":{"id":"osm-316953060","region":"Moscow","surveillanceType":"camera","operator":"","description":""},"geometry":{"type":"Point","coordinates":[37.6572636,55.8265832]}},{"type":"Feature","properties":{"id":"osm-317277794","region":"Moscow","surveillanceType":"camera","operator":"","description":"dome"},"geometry":{"type":"Point","coordinates":[37.7351545,55.8132905]}},{"type":"Feature","properties":{"id":"osm-319966223","region":"Moscow","surveillanceType":"public","operator":"","description":""},"geometry":{"type":"Point","coordinates":[37.6531066,55.8771604]}},{"type":"Feature","properties":{"id":"osm-328978224","region":"Moscow","surveillanceType":"camera","operator":"","description":"fixed"},"geometry":{"type":"Point","coordinates":[37.6838038,55.7937746]}},{"type":"Feature","properties":{"id":"osm-328978368","region":"Moscow","surveillanceType":"public","operator":"","description":"dome"},"geometry":{"type":"Point","coordinates":[37.683738,55.7955241]}},{"type":"Feature","properties":{"id":"osm-328979178","region":"Moscow","surveillanceType":"camera","operator":"","description":"dome"},"geometry":{"type":"Point","coordinates":[37.6752544,55.7981219]}},{"type":"Feature","properties":{"id":"osm-328979244","region":"Moscow","surveillanceType":"camera","operator":"","description":"fixed"},"geometry":{"type":"Point","coordinates":[37.6757278,55.7988924]}},{"type":"Feature","properties":{"id":"osm-328979261","region":"Moscow","surveillanceType":"camera","operator":"","description":"fixed"},"geometry":{"type":"Point","coordinates":[37.6753912,55.7993092]}},{"type":"Feature","properties":{"id":"osm-331526513","region":"Moscow","surveillanceType":"camera","operator":"","description":""},"geometry":{"type":"Point","coordinates":[37.6173452,55.7058424]}},{"type":"Feature","properties":{"id":"osm-412397878","region":"Moscow","surveillanceType":"camera","operator":"","description":"dome"},"geometry":{"type":"Point","coordinates":[37.6862774,55.78745]}},{"type":"Feature","properties":{"id":"osm-423738560","region":"Moscow","surveillanceType":"public","operator":"","description":""},"geometry":{"type":"Point","coordinates":[37.6362916,55.8752353]}},{"type":"Feature","properties":{"id":"osm-424996536","region":"Moscow","surveillanceType":"camera","operator":"","description":""},"geometry":{"type":"Point","coordinates":[37.6706509,55.8651125]}},{"type":"Feature","properties":{"id":"osm-424996539","region":"Moscow","surveillanceType":"camera","operator":"","description":""},"geometry":{"type":"Point","coordinates":[37.6709627,55.8657751]}},{"type":"Feature","properties":{"id":"osm-424996540","region":"Moscow","surveillanceType":"camera","operator":"","description":"fixed"},"geometry":{"type":"Point","coordinates":[37.6704177,55.865147]}},{"type":"Feature","properties":{"id":"osm-429637977","region":"Moscow","surveillanceType":"public","operator":"","description":""},"geometry":{"type":"Point","coordinates":[37.6812676,55.8708903]}},{"type":"Feature","properties":{"id":"osm-431592820","region":"Moscow","surveillanceType":"public","operator":"","description":""},"geometry":{"type":"Point","coordinates":[37.6388351,55.8574902]}},{"type":"Feature","properties":{"id":"osm-443479429","region":"Moscow","surveillanceType":"camera","operator":"","description":""},"geometry":{"type":"Point","coordinates":[37.4141271,55.7973881]}},{"type":"Feature","properties":{"id":"osm-496229668","region":"Moscow","surveillanceType":"camera","operator":"","description":""},"geometry":{"type":"Point","coordinates":[37.6164602,55.7050887]}},{"type":"Feature","properties":{"id":"osm-530988359","region":"Moscow","surveillanceType":"public","operator":"","description":""},"geometry":{"type":"Point","coordinates":[37.6300358,55.8734802]}},{"type":"Feature","properties":{"id":"osm-535291970","region":"Moscow","surveillanceType":"camera","operator":"","description":"dome"},"geometry":{"type":"Point","coordinates":[37.6661757,55.7792005]}},{"type":"Feature","properties":{"id":"osm-567801825","region":"Moscow","surveillanceType":"camera","operator":"","description":"dome"},"geometry":{"type":"Point","coordinates":[37.6684813,55.7803667]}},{"type":"Feature","properties":{"id":"osm-567801913","region":"Moscow","surveillanceType":"camera","operator":"","description":"dome"},"geometry":{"type":"Point","coordinates":[37.6696576,55.7809723]}},{"type":"Feature","properties":{"id":"osm-567801995","region":"Moscow","surveillanceType":"camera","operator":"","description":"dome"},"geometry":{"type":"Point","coordinates":[37.6675865,55.7812641]}},{"type":"Feature","properties":{"id":"osm-567869684","region":"Moscow","surveillanceType":"camera","operator":"","description":"dome"},"geometry":{"type":"Point","coordinates":[37.6665803,55.7794546]}},{"type":"Feature","properties":{"id":"osm-567869754","region":"Moscow","surveillanceType":"camera","operator":"","description":"dome"},"geometry":{"type":"Point","coordinates":[37.6653015,55.7845811]}},{"type":"Feature","properties":{"id":"osm-567869755","region":"Moscow","surveillanceType":"camera","operator":"","description":"dome"},"geometry":{"type":"Point","coordinates":[37.6645674,55.7851388]}},{"type":"Feature","properties":{"id":"osm-567869758","region":"Moscow","surveillanceType":"camera","operator":"","description":"dome"},"geometry":{"type":"Point","coordinates":[37.664198,55.7857112]}},{"type":"Feature","properties":{"id":"osm-567869759","region":"Moscow","surveillanceType":"camera","operator":"","description":"dome"},"geometry":{"type":"Point","coordinates":[37.663456,55.7862886]}},{"type":"Feature","properties":{"id":"osm-567870839","region":"Moscow","surveillanceType":"camera","operator":"","description":"dome"},"geometry":{"type":"Point","coordinates":[37.6602817,55.7772331]}},{"type":"Feature","properties":{"id":"osm-568333262","region":"Moscow","surveillanceType":"camera","operator":"","description":"dome"},"geometry":{"type":"Point","coordinates":[37.6849873,55.7944946]}},{"type":"Feature","properties":{"id":"osm-571476195","region":"Moscow","surveillanceType":"camera","operator":"","description":"fixed"},"geometry":{"type":"Point","coordinates":[37.5654831,55.7240605]}},{"type":"Feature","properties":{"id":"osm-572133735","region":"Moscow","surveillanceType":"camera","operator":"","description":"dome"},"geometry":{"type":"Point","coordinates":[37.6809067,55.7899883]}},{"type":"Feature","properties":{"id":"osm-572196608","region":"Moscow","surveillanceType":"camera","operator":"","description":"fixed"},"geometry":{"type":"Point","coordinates":[37.6828176,55.7908015]}},{"type":"Feature","properties":{"id":"osm-596277327","region":"Moscow","surveillanceType":"public","operator":"","description":""},"geometry":{"type":"Point","coordinates":[37.5512686,55.6830751]}},{"type":"Feature","properties":{"id":"osm-596277330","region":"Moscow","surveillanceType":"public","operator":"","description":""},"geometry":{"type":"Point","coordinates":[37.551432,55.6829999]}},{"type":"Feature","properties":{"id":"osm-600286981","region":"Moscow","surveillanceType":"camera","operator":"","description":"fixed"},"geometry":{"type":"Point","coordinates":[37.6777395,55.7891487]}},{"type":"Feature","properties":{"id":"osm-600288287","region":"Moscow","surveillanceType":"camera","operator":"","description":"dome"},"geometry":{"type":"Point","coordinates":[37.6727344,55.7882752]}},{"type":"Feature","properties":{"id":"osm-600288313","region":"Moscow","surveillanceType":"camera","operator":"","description":"dome"},"geometry":{"type":"Point","coordinates":[37.6769544,55.7869448]}},{"type":"Feature","properties":{"id":"osm-600288321","region":"Moscow","surveillanceType":"camera","operator":"","description":"dome"},"geometry":{"type":"Point","coordinates":[37.6759173,55.7913536]}},{"type":"Feature","properties":{"id":"osm-600290432","region":"Moscow","surveillanceType":"camera","operator":"","description":"dome"},"geometry":{"type":"Point","coordinates":[37.6610145,55.7919596]}},{"type":"Feature","properties":{"id":"osm-613620134","region":"Moscow","surveillanceType":"camera","operator":"","description":"dome"},"geometry":{"type":"Point","coordinates":[37.6888365,55.7949627]}},{"type":"Feature","properties":{"id":"osm-617121969","region":"Moscow","surveillanceType":"camera","operator":"","description":"dome"},"geometry":{"type":"Point","coordinates":[37.6691211,55.7906712]}},{"type":"Feature","properties":{"id":"osm-617122310","region":"Moscow","surveillanceType":"camera","operator":"","description":"dome"},"geometry":{"type":"Point","coordinates":[37.6684585,55.790623]}},{"type":"Feature","properties":{"id":"osm-617152906","region":"Moscow","surveillanceType":"outdoor","operator":"","description":"fixed"},"geometry":{"type":"Point","coordinates":[37.6755481,55.7867121]}},{"type":"Feature","properties":{"id":"osm-617152934","region":"Moscow","surveillanceType":"camera","operator":"","description":"dome"},"geometry":{"type":"Point","coordinates":[37.676622,55.7855909]}},{"type":"Feature","properties":{"id":"osm-617153158","region":"Moscow","surveillanceType":"camera","operator":"","description":"dome"},"geometry":{"type":"Point","coordinates":[37.6715026,55.7908439]}},{"type":"Feature","properties":{"id":"osm-617377084","region":"Moscow","surveillanceType":"camera","operator":"","description":"fixed"},"geometry":{"type":"Point","coordinates":[37.6897559,55.795265]}},{"type":"Feature","properties":{"id":"osm-617377217","region":"Moscow","surveillanceType":"public","operator":"","description":"dome"},"geometry":{"type":"Point","coordinates":[37.6943362,55.7960445]}},{"type":"Feature","properties":{"id":"osm-617377225","region":"Moscow","surveillanceType":"public","operator":"","description":"fixed"},"geometry":{"type":"Point","coordinates":[37.6941493,55.7957963]}},{"type":"Feature","properties":{"id":"osm-620588708","region":"Moscow","surveillanceType":"camera","operator":"","description":"fixed"},"geometry":{"type":"Point","coordinates":[37.6791533,55.7891177]}},{"type":"Feature","properties":{"id":"osm-620588712","region":"Moscow","surveillanceType":"camera","operator":"","description":"fixed"},"geometry":{"type":"Point","coordinates":[37.6793478,55.7888073]}},{"type":"Feature","properties":{"id":"osm-620588717","region":"Moscow","surveillanceType":"camera","operator":"","description":"fixed"},"geometry":{"type":"Point","coordinates":[37.6793865,55.7886767]}},{"type":"Feature","properties":{"id":"osm-620588720","region":"Moscow","surveillanceType":"camera","operator":"","description":"fixed"},"geometry":{"type":"Point","coordinates":[37.6793466,55.7884939]}},{"type":"Feature","properties":{"id":"osm-630644108","region":"Moscow","surveillanceType":"camera","operator":"","description":"dome"},"geometry":{"type":"Point","coordinates":[37.6952582,55.781052]}},{"type":"Feature","properties":{"id":"osm-641519162","region":"Moscow","surveillanceType":"camera","operator":"","description":"fixed"},"geometry":{"type":"Point","coordinates":[37.5642208,55.764495]}},{"type":"Feature","properties":{"id":"osm-762258984","region":"Moscow","surveillanceType":"camera","operator":"","description":"dome"},"geometry":{"type":"Point","coordinates":[37.6698686,55.7765846]}},{"type":"Feature","properties":{"id":"osm-958560608","region":"Moscow","surveillanceType":"camera","operator":"","description":"dome"},"geometry":{"type":"Point","coordinates":[37.6559752,55.8100731]}},{"type":"Feature","properties":{"id":"osm-969291682","region":"Moscow","surveillanceType":"camera","operator":"","description":""},"geometry":{"type":"Point","coordinates":[37.6369473,55.7552961]}},{"type":"Feature","properties":{"id":"osm-981697752","region":"Moscow","surveillanceType":"camera","operator":"","description":"fixed"},"geometry":{"type":"Point","coordinates":[37.6501702,55.8030909]}},{"type":"Feature","properties":{"id":"osm-981697754","region":"Moscow","surveillanceType":"camera","operator":"","description":"fixed"},"geometry":{"type":"Point","coordinates":[37.6506028,55.8035915]}},{"type":"Feature","properties":{"id":"osm-981697757","region":"Moscow","surveillanceType":"camera","operator":"","description":"fixed"},"geometry":{"type":"Point","coordinates":[37.6503529,55.8030426]}},{"type":"Feature","properties":{"id":"osm-982956969","region":"Moscow","surveillanceType":"camera","operator":"","description":"fixed"},"geometry":{"type":"Point","coordinates":[37.6795895,55.798464]}},{"type":"Feature","properties":{"id":"osm-1006037484","region":"Moscow","surveillanceType":"camera","operator":"","description":"fixed"},"geometry":{"type":"Point","coordinates":[37.649717,55.8025936]}},{"type":"Feature","properties":{"id":"osm-1054527668","region":"Moscow","surveillanceType":"camera","operator":"","description":"fixed"},"geometry":{"type":"Point","coordinates":[37.6749346,55.7932206]}},{"type":"Feature","properties":{"id":"osm-1058793837","region":"Moscow","surveillanceType":"camera","operator":"","description":"dome"},"geometry":{"type":"Point","coordinates":[37.6878894,55.7862846]}},{"type":"Feature","properties":{"id":"osm-1213878931","region":"Moscow","surveillanceType":"camera","operator":"","description":"fixed"},"geometry":{"type":"Point","coordinates":[37.5807812,55.793939]}},{"type":"Feature","properties":{"id":"osm-1259818619","region":"Moscow","surveillanceType":"public","operator":"","description":"dome"},"geometry":{"type":"Point","coordinates":[37.6979073,55.7950368]}},{"type":"Feature","properties":{"id":"osm-1280215643","region":"Moscow","surveillanceType":"indoor","operator":"","description":""},"geometry":{"type":"Point","coordinates":[37.8216969,55.738583]}},{"type":"Feature","properties":{"id":"osm-1360255206","region":"Moscow","surveillanceType":"camera","operator":"","description":"fixed"},"geometry":{"type":"Point","coordinates":[37.6650399,55.795087]}},{"type":"Feature","properties":{"id":"osm-1432563123","region":"Moscow","surveillanceType":"camera","operator":"","description":"fixed"},"geometry":{"type":"Point","coordinates":[37.6764521,55.7906445]}},{"type":"Feature","properties":{"id":"osm-1432563124","region":"Moscow","surveillanceType":"camera","operator":"","description":"fixed"},"geometry":{"type":"Point","coordinates":[37.6764137,55.7907059]}},{"type":"Feature","properties":{"id":"osm-1432563127","region":"Moscow","surveillanceType":"camera","operator":"","description":"fixed"},"geometry":{"type":"Point","coordinates":[37.6767982,55.7907128]}},{"type":"Feature","properties":{"id":"osm-1432563168","region":"Moscow","surveillanceType":"camera","operator":"","description":"fixed"},"geometry":{"type":"Point","coordinates":[37.6766116,55.7922481]}},{"type":"Feature","properties":{"id":"osm-1432563169","region":"Moscow","surveillanceType":"camera","operator":"","description":"fixed"},"geometry":{"type":"Point","coordinates":[37.6763352,55.7922779]}},{"type":"Feature","properties":{"id":"osm-1432563175","region":"Moscow","surveillanceType":"camera","operator":"","description":"fixed"},"geometry":{"type":"Point","coordinates":[37.6765137,55.7924185]}},{"type":"Feature","properties":{"id":"osm-1439317594","region":"Moscow","surveillanceType":"public","operator":"","description":"dome"},"geometry":{"type":"Point","coordinates":[37.7013168,55.795701]}},{"type":"Feature","properties":{"id":"osm-1463121502","region":"Moscow","surveillanceType":"camera","operator":"","description":"fixed"},"geometry":{"type":"Point","coordinates":[37.6726846,55.7902027]}},{"type":"Feature","properties":{"id":"osm-1490068139","region":"Moscow","surveillanceType":"outdoor","operator":"","description":""},"geometry":{"type":"Point","coordinates":[37.8093123,55.721148]}},{"type":"Feature","properties":{"id":"osm-1560167307","region":"Moscow","surveillanceType":"outdoor","operator":"","description":"fixed"},"geometry":{"type":"Point","coordinates":[37.6480776,55.7720243]}},{"type":"Feature","properties":{"id":"osm-1703098744","region":"Moscow","surveillanceType":"public","operator":"","description":""},"geometry":{"type":"Point","coordinates":[37.6741825,55.8686345]}},{"type":"Feature","properties":{"id":"osm-1703098757","region":"Moscow","surveillanceType":"public","operator":"","description":""},"geometry":{"type":"Point","coordinates":[37.6718211,55.868881]}},{"type":"Feature","properties":{"id":"osm-1703098758","region":"Moscow","surveillanceType":"public","operator":"","description":""},"geometry":{"type":"Point","coordinates":[37.6749787,55.869515]}},{"type":"Feature","properties":{"id":"osm-1703098761","region":"Moscow","surveillanceType":"public","operator":"","description":""},"geometry":{"type":"Point","coordinates":[37.6813907,55.8695292]}},{"type":"Feature","properties":{"id":"osm-1703098765","region":"Moscow","surveillanceType":"public","operator":"","description":""},"geometry":{"type":"Point","coordinates":[37.6725708,55.8700871]}},{"type":"Feature","properties":{"id":"osm-1703098779","region":"Moscow","surveillanceType":"public","operator":"","description":""},"geometry":{"type":"Point","coordinates":[37.6715673,55.8701246]}},{"type":"Feature","properties":{"id":"osm-1703098780","region":"Moscow","surveillanceType":"public","operator":"","description":""},"geometry":{"type":"Point","coordinates":[37.6623015,55.8705455]}},{"type":"Feature","properties":{"id":"osm-1703098782","region":"Moscow","surveillanceType":"public","operator":"","description":""},"geometry":{"type":"Point","coordinates":[37.6804615,55.8708313]}},{"type":"Feature","properties":{"id":"osm-1703098799","region":"Moscow","surveillanceType":"public","operator":"","description":""},"geometry":{"type":"Point","coordinates":[37.6772933,55.8711398]}},{"type":"Feature","properties":{"id":"osm-1703098801","region":"Moscow","surveillanceType":"public","operator":"","description":""},"geometry":{"type":"Point","coordinates":[37.6755323,55.8717172]}},{"type":"Feature","properties":{"id":"osm-1703098804","region":"Moscow","surveillanceType":"public","operator":"","description":""},"geometry":{"type":"Point","coordinates":[37.6765338,55.8723301]}},{"type":"Feature","properties":{"id":"osm-1703098807","region":"Moscow","surveillanceType":"public","operator":"","description":""},"geometry":{"type":"Point","coordinates":[37.6526907,55.8761871]}},{"type":"Feature","properties":{"id":"osm-1705480762","region":"Moscow","surveillanceType":"public","operator":"","description":""},"geometry":{"type":"Point","coordinates":[37.6801108,55.868727]}},{"type":"Feature","properties":{"id":"osm-1707472432","region":"Moscow","surveillanceType":"public","operator":"","description":""},"geometry":{"type":"Point","coordinates":[37.6439188,55.8771191]}},{"type":"Feature","properties":{"id":"osm-1720410476","region":"Moscow","surveillanceType":"public","operator":"","description":""},"geometry":{"type":"Point","coordinates":[37.6575409,55.8634025]}},{"type":"Feature","properties":{"id":"osm-1720410491","region":"Moscow","surveillanceType":"public","operator":"","description":""},"geometry":{"type":"Point","coordinates":[37.6615961,55.8691656]}},{"type":"Feature","properties":{"id":"osm-1720410509","region":"Moscow","surveillanceType":"public","operator":"","description":""},"geometry":{"type":"Point","coordinates":[37.6609433,55.8695788]}},{"type":"Feature","properties":{"id":"osm-1720415312","region":"Moscow","surveillanceType":"public","operator":"","description":""},"geometry":{"type":"Point","coordinates":[37.6453942,55.8719846]}},{"type":"Feature","properties":{"id":"osm-1720587012","region":"Moscow","surveillanceType":"public","operator":"","description":""},"geometry":{"type":"Point","coordinates":[37.6769583,55.8729674]}},{"type":"Feature","properties":{"id":"osm-1721199936","region":"Moscow","surveillanceType":"public","operator":"","description":""},"geometry":{"type":"Point","coordinates":[37.6606564,55.850723]}},{"type":"Feature","properties":{"id":"osm-1721201944","region":"Moscow","surveillanceType":"public","operator":"","description":""},"geometry":{"type":"Point","coordinates":[37.672117,55.8734803]}},{"type":"Feature","properties":{"id":"osm-1721676306","region":"Moscow","surveillanceType":"outdoor","operator":"","description":""},"geometry":{"type":"Point","coordinates":[37.5545032,55.897602]}},{"type":"Feature","properties":{"id":"osm-1721676313","region":"Moscow","surveillanceType":"outdoor","operator":"","description":""},"geometry":{"type":"Point","coordinates":[37.5528061,55.8983566]}},{"type":"Feature","properties":{"id":"osm-1722771832","region":"Moscow","surveillanceType":"public","operator":"","description":""},"geometry":{"type":"Point","coordinates":[37.6823294,55.8686322]}},{"type":"Feature","properties":{"id":"osm-1722771848","region":"Moscow","surveillanceType":"public","operator":"","description":""},"geometry":{"type":"Point","coordinates":[37.6812944,55.8679789]}},{"type":"Feature","properties":{"id":"osm-1727616523","region":"Moscow","surveillanceType":"public","operator":"","description":""},"geometry":{"type":"Point","coordinates":[37.6730603,55.8602813]}},{"type":"Feature","properties":{"id":"osm-1727616535","region":"Moscow","surveillanceType":"public","operator":"","description":""},"geometry":{"type":"Point","coordinates":[37.6731053,55.8598567]}},{"type":"Feature","properties":{"id":"osm-1727616546","region":"Moscow","surveillanceType":"public","operator":"","description":""},"geometry":{"type":"Point","coordinates":[37.6719168,55.8594971]}},{"type":"Feature","properties":{"id":"osm-1727616547","region":"Moscow","surveillanceType":"public","operator":"","description":""},"geometry":{"type":"Point","coordinates":[37.6707257,55.8601984]}},{"type":"Feature","properties":{"id":"osm-1727616548","region":"Moscow","surveillanceType":"public","operator":"","description":""},"geometry":{"type":"Point","coordinates":[37.6708325,55.8599197]}},{"type":"Feature","properties":{"id":"osm-1727616549","region":"Moscow","surveillanceType":"public","operator":"","description":""},"geometry":{"type":"Point","coordinates":[37.6614207,55.8593031]}},{"type":"Feature","properties":{"id":"osm-1728365306","region":"Moscow","surveillanceType":"public","operator":"","description":""},"geometry":{"type":"Point","coordinates":[37.6624323,55.8864384]}},{"type":"Feature","properties":{"id":"osm-1728365308","region":"Moscow","surveillanceType":"public","operator":"","description":""},"geometry":{"type":"Point","coordinates":[37.6624599,55.8867778]}},{"type":"Feature","properties":{"id":"osm-1730914400","region":"Moscow","surveillanceType":"public","operator":"","description":""},"geometry":{"type":"Point","coordinates":[37.664971,55.8688316]}},{"type":"Feature","properties":{"id":"osm-1730914401","region":"Moscow","surveillanceType":"public","operator":"","description":""},"geometry":{"type":"Point","coordinates":[37.6647677,55.8688407]}},{"type":"Feature","properties":{"id":"osm-1730914404","region":"Moscow","surveillanceType":"public","operator":"","description":""},"geometry":{"type":"Point","coordinates":[37.6659017,55.8703302]}},{"type":"Feature","properties":{"id":"osm-1730914413","region":"Moscow","surveillanceType":"public","operator":"","description":""},"geometry":{"type":"Point","coordinates":[37.6836427,55.8711822]}},{"type":"Feature","properties":{"id":"osm-1731189029","region":"Moscow","surveillanceType":"camera","operator":"","description":""},"geometry":{"type":"Point","coordinates":[37.6782634,55.8694806]}},{"type":"Feature","properties":{"id":"osm-1731189031","region":"Moscow","surveillanceType":"camera","operator":"","description":""},"geometry":{"type":"Point","coordinates":[37.6789296,55.869525]}},{"type":"Feature","properties":{"id":"osm-1741097107","region":"Moscow","surveillanceType":"camera","operator":"","description":"dome"},"geometry":{"type":"Point","coordinates":[37.6535317,55.7755361]}},{"type":"Feature","properties":{"id":"osm-1752677115","region":"Moscow","surveillanceType":"public","operator":"","description":""},"geometry":{"type":"Point","coordinates":[37.6599952,55.8643975]}},{"type":"Feature","properties":{"id":"osm-1752677116","region":"Moscow","surveillanceType":"public","operator":"","description":""},"geometry":{"type":"Point","coordinates":[37.661455,55.8654075]}},{"type":"Feature","properties":{"id":"osm-1752677117","region":"Moscow","surveillanceType":"public","operator":"","description":""},"geometry":{"type":"Point","coordinates":[37.6536732,55.8664866]}},{"type":"Feature","properties":{"id":"osm-1752677118","region":"Moscow","surveillanceType":"public","operator":"","description":""},"geometry":{"type":"Point","coordinates":[37.6552414,55.8673978]}},{"type":"Feature","properties":{"id":"osm-1752677119","region":"Moscow","surveillanceType":"public","operator":"","description":""},"geometry":{"type":"Point","coordinates":[37.6552088,55.8681748]}},{"type":"Feature","properties":{"id":"osm-1752677120","region":"Moscow","surveillanceType":"public","operator":"","description":""},"geometry":{"type":"Point","coordinates":[37.6620712,55.8770109]}},{"type":"Feature","properties":{"id":"osm-1760824962","region":"Moscow","surveillanceType":"public","operator":"","description":""},"geometry":{"type":"Point","coordinates":[37.6838618,55.8711796]}},{"type":"Feature","properties":{"id":"osm-1762312349","region":"Moscow","surveillanceType":"public","operator":"","description":""},"geometry":{"type":"Point","coordinates":[37.680531,55.8708727]}},{"type":"Feature","properties":{"id":"osm-1798821427","region":"Moscow","surveillanceType":"camera","operator":"","description":"dome"},"geometry":{"type":"Point","coordinates":[37.67601,55.7967535]}},{"type":"Feature","properties":{"id":"osm-1798821443","region":"Moscow","surveillanceType":"camera","operator":"","description":"dome"},"geometry":{"type":"Point","coordinates":[37.6760958,55.796779]}},{"type":"Feature","properties":{"id":"osm-1798821445","region":"Moscow","surveillanceType":"camera","operator":"","description":"dome"},"geometry":{"type":"Point","coordinates":[37.6759248,55.796728]}},{"type":"Feature","properties":{"id":"osm-1798821449","region":"Moscow","surveillanceType":"camera","operator":"","description":"fixed"},"geometry":{"type":"Point","coordinates":[37.6774529,55.7973867]}},{"type":"Feature","properties":{"id":"osm-1798821454","region":"Moscow","surveillanceType":"camera","operator":"","description":"fixed"},"geometry":{"type":"Point","coordinates":[37.6762657,55.7973611]}},{"type":"Feature","properties":{"id":"osm-1798821461","region":"Moscow","surveillanceType":"camera","operator":"","description":"fixed"},"geometry":{"type":"Point","coordinates":[37.6772688,55.7968273]}},{"type":"Feature","properties":{"id":"osm-1798821464","region":"Moscow","surveillanceType":"camera","operator":"","description":"dome"},"geometry":{"type":"Point","coordinates":[37.6758998,55.7968134]}},{"type":"Feature","properties":{"id":"osm-1798821465","region":"Moscow","surveillanceType":"camera","operator":"","description":"fixed"},"geometry":{"type":"Point","coordinates":[37.6763505,55.7968032]}},{"type":"Feature","properties":{"id":"osm-2035584949","region":"Moscow","surveillanceType":"public","operator":"","description":""},"geometry":{"type":"Point","coordinates":[37.6673284,55.8668478]}},{"type":"Feature","properties":{"id":"osm-2241673665","region":"Moscow","surveillanceType":"camera","operator":"","description":"fixed"},"geometry":{"type":"Point","coordinates":[37.6709479,55.7840703]}},{"type":"Feature","properties":{"id":"osm-2241673670","region":"Moscow","surveillanceType":"camera","operator":"","description":"fixed"},"geometry":{"type":"Point","coordinates":[37.67037,55.784385]}},{"type":"Feature","properties":{"id":"osm-2241673672","region":"Moscow","surveillanceType":"camera","operator":"","description":"fixed"},"geometry":{"type":"Point","coordinates":[37.6708596,55.784669]}},{"type":"Feature","properties":{"id":"osm-2269716169","region":"Moscow","surveillanceType":"public","operator":"","description":""},"geometry":{"type":"Point","coordinates":[37.6711244,55.8709887]}},{"type":"Feature","properties":{"id":"osm-2296977995","region":"Moscow","surveillanceType":"camera","operator":"","description":"fixed"},"geometry":{"type":"Point","coordinates":[37.6704708,55.7986061]}},{"type":"Feature","properties":{"id":"osm-2304349538","region":"Moscow","surveillanceType":"public","operator":"","description":""},"geometry":{"type":"Point","coordinates":[37.6892827,55.8679668]}},{"type":"Feature","properties":{"id":"osm-2322566842","region":"Moscow","surveillanceType":"public","operator":"","description":""},"geometry":{"type":"Point","coordinates":[37.6785296,55.8747531]}},{"type":"Feature","properties":{"id":"osm-2331241399","region":"Moscow","surveillanceType":"public","operator":"","description":""},"geometry":{"type":"Point","coordinates":[37.6616058,55.8585656]}},{"type":"Feature","properties":{"id":"osm-2407414822","region":"Johannesburg","surveillanceType":"camera","operator":"","description":""},"geometry":{"type":"Point","coordinates":[28.0419739,-26.1432152]}},{"type":"Feature","properties":{"id":"osm-2407414858","region":"Johannesburg","surveillanceType":"camera","operator":"","description":""},"geometry":{"type":"Point","coordinates":[28.0435138,-26.1615116]}},{"type":"Feature","properties":{"id":"osm-2461230541","region":"Johannesburg","surveillanceType":"outdoor","operator":"","description":""},"geometry":{"type":"Point","coordinates":[28.061933,-26.1045571]}},{"type":"Feature","properties":{"id":"osm-2463701640","region":"Johannesburg","surveillanceType":"outdoor","operator":"","description":""},"geometry":{"type":"Point","coordinates":[28.0677905,-26.1329306]}},{"type":"Feature","properties":{"id":"osm-2463735442","region":"Johannesburg","surveillanceType":"outdoor","operator":"","description":""},"geometry":{"type":"Point","coordinates":[28.074289,-26.065552]}},{"type":"Feature","properties":{"id":"osm-2463735450","region":"Johannesburg","surveillanceType":"outdoor","operator":"","description":""},"geometry":{"type":"Point","coordinates":[28.0744436,-26.0658232]}},{"type":"Feature","properties":{"id":"osm-2464285061","region":"Johannesburg","surveillanceType":"outdoor","operator":"","description":""},"geometry":{"type":"Point","coordinates":[28.0697233,-26.1296067]}},{"type":"Feature","properties":{"id":"osm-2470239516","region":"Johannesburg","surveillanceType":"outdoor","operator":"","description":""},"geometry":{"type":"Point","coordinates":[28.0310959,-26.1335735]}},{"type":"Feature","properties":{"id":"osm-4944298260","region":"Johannesburg","surveillanceType":"camera","operator":"","description":""},"geometry":{"type":"Point","coordinates":[28.0199603,-26.124245]}},{"type":"Feature","properties":{"id":"osm-10235394201","region":"Johannesburg","surveillanceType":"camera","operator":"","description":"fixed"},"geometry":{"type":"Point","coordinates":[28.0535748,-26.3019963]}},{"type":"Feature","properties":{"id":"osm-11250407401","region":"Johannesburg","surveillanceType":"camera","operator":"","description":"fixed"},"geometry":{"type":"Point","coordinates":[28.0304799,-26.1242061]}},{"type":"Feature","properties":{"id":"osm-11250415135","region":"Johannesburg","surveillanceType":"camera","operator":"","description":""},"geometry":{"type":"Point","coordinates":[28.0303261,-26.1279035]}},{"type":"Feature","properties":{"id":"osm-11686674652","region":"Johannesburg","surveillanceType":"camera","operator":"","description":"fixed"},"geometry":{"type":"Point","coordinates":[27.854443,-26.3244414]}},{"type":"Feature","properties":{"id":"osm-11737425246","region":"Johannesburg","surveillanceType":"camera","operator":"Vumacam","description":"fixed"},"geometry":{"type":"Point","coordinates":[28.045997,-26.098805]}},{"type":"Feature","properties":{"id":"osm-11737425247","region":"Johannesburg","surveillanceType":"camera","operator":"Vumacam","description":"fixed"},"geometry":{"type":"Point","coordinates":[28.0495258,-26.0706122]}},{"type":"Feature","properties":{"id":"osm-11737425248","region":"Johannesburg","surveillanceType":"camera","operator":"Vumacam","description":"fixed"},"geometry":{"type":"Point","coordinates":[28.0470619,-26.0741013]}},{"type":"Feature","properties":{"id":"osm-11737425249","region":"Johannesburg","surveillanceType":"camera","operator":"Vumacam","description":"fixed"},"geometry":{"type":"Point","coordinates":[28.0461183,-26.0756041]}},{"type":"Feature","properties":{"id":"osm-11737425250","region":"Johannesburg","surveillanceType":"camera","operator":"Vumacam","description":"fixed"},"geometry":{"type":"Point","coordinates":[28.0475573,-26.0762722]}},{"type":"Feature","properties":{"id":"osm-11737425251","region":"Johannesburg","surveillanceType":"camera","operator":"Vumacam","description":"fixed"},"geometry":{"type":"Point","coordinates":[28.0483191,-26.0781987]}},{"type":"Feature","properties":{"id":"osm-11737425254","region":"Johannesburg","surveillanceType":"camera","operator":"Vumacam","description":"fixed"},"geometry":{"type":"Point","coordinates":[28.0510038,-26.0805551]}},{"type":"Feature","properties":{"id":"osm-11737425255","region":"Johannesburg","surveillanceType":"camera","operator":"Vumacam","description":"fixed"},"geometry":{"type":"Point","coordinates":[28.0520866,-26.0828492]}},{"type":"Feature","properties":{"id":"osm-11737425263","region":"Johannesburg","surveillanceType":"camera","operator":"Vumacam","description":"fixed"},"geometry":{"type":"Point","coordinates":[28.0402928,-26.0957018]}},{"type":"Feature","properties":{"id":"osm-11737425265","region":"Johannesburg","surveillanceType":"camera","operator":"Vumacam","description":"fixed"},"geometry":{"type":"Point","coordinates":[28.0355506,-26.0930972]}},{"type":"Feature","properties":{"id":"osm-11737425266","region":"Johannesburg","surveillanceType":"camera","operator":"Vumacam","description":"fixed"},"geometry":{"type":"Point","coordinates":[28.0369393,-26.0913484]}},{"type":"Feature","properties":{"id":"osm-11737425267","region":"Johannesburg","surveillanceType":"camera","operator":"Vumacam","description":"fixed"},"geometry":{"type":"Point","coordinates":[28.0376313,-26.0887504]}},{"type":"Feature","properties":{"id":"osm-11737425268","region":"Johannesburg","surveillanceType":"camera","operator":"Vumacam","description":"fixed"},"geometry":{"type":"Point","coordinates":[28.0449633,-26.0770731]}},{"type":"Feature","properties":{"id":"osm-11741549976","region":"Johannesburg","surveillanceType":"camera","operator":"Vumacam","description":"fixed"},"geometry":{"type":"Point","coordinates":[28.0524344,-26.066155]}},{"type":"Feature","properties":{"id":"osm-11741549977","region":"Johannesburg","surveillanceType":"camera","operator":"Vumacam","description":"fixed"},"geometry":{"type":"Point","coordinates":[28.0536,-26.0647774]}},{"type":"Feature","properties":{"id":"osm-11741549978","region":"Johannesburg","surveillanceType":"camera","operator":"Vumacam","description":"fixed"},"geometry":{"type":"Point","coordinates":[28.0384726,-26.059744]}},{"type":"Feature","properties":{"id":"osm-11741549979","region":"Johannesburg","surveillanceType":"camera","operator":"Vumacam","description":"fixed"},"geometry":{"type":"Point","coordinates":[28.0345615,-26.0671874]}},{"type":"Feature","properties":{"id":"osm-11741549980","region":"Johannesburg","surveillanceType":"camera","operator":"Vumacam","description":"fixed"},"geometry":{"type":"Point","coordinates":[28.0351136,-26.0739153]}},{"type":"Feature","properties":{"id":"osm-11741549981","region":"Johannesburg","surveillanceType":"camera","operator":"Vumacam","description":"fixed"},"geometry":{"type":"Point","coordinates":[28.0414451,-26.0736628]}},{"type":"Feature","properties":{"id":"osm-11741561393","region":"Johannesburg","surveillanceType":"camera","operator":"Vumacam","description":"fixed"},"geometry":{"type":"Point","coordinates":[28.0508582,-26.062853]}},{"type":"Feature","properties":{"id":"osm-11741561394","region":"Johannesburg","surveillanceType":"camera","operator":"Vumacam","description":"fixed"},"geometry":{"type":"Point","coordinates":[28.0482084,-26.061175]}},{"type":"Feature","properties":{"id":"osm-11741561395","region":"Johannesburg","surveillanceType":"camera","operator":"Vumacam","description":"fixed"},"geometry":{"type":"Point","coordinates":[28.0465628,-26.0594258]}},{"type":"Feature","properties":{"id":"osm-11741561396","region":"Johannesburg","surveillanceType":"camera","operator":"Vumacam","description":"fixed"},"geometry":{"type":"Point","coordinates":[28.0455454,-26.0567248]}},{"type":"Feature","properties":{"id":"osm-11743284901","region":"Johannesburg","surveillanceType":"camera","operator":"Vumacam","description":"fixed"},"geometry":{"type":"Point","coordinates":[28.0568455,-26.0982581]}},{"type":"Feature","properties":{"id":"osm-11743284902","region":"Johannesburg","surveillanceType":"camera","operator":"Vumacam","description":"fixed"},"geometry":{"type":"Point","coordinates":[28.0574611,-26.0983335]}},{"type":"Feature","properties":{"id":"osm-11743284903","region":"Johannesburg","surveillanceType":"camera","operator":"Vumacam","description":"fixed"},"geometry":{"type":"Point","coordinates":[28.0578113,-26.0978856]}},{"type":"Feature","properties":{"id":"osm-11743284904","region":"Johannesburg","surveillanceType":"camera","operator":"Vumacam","description":"fixed"},"geometry":{"type":"Point","coordinates":[28.0587619,-26.0976905]}},{"type":"Feature","properties":{"id":"osm-11743294209","region":"Johannesburg","surveillanceType":"camera","operator":"Vumacam","description":"fixed"},"geometry":{"type":"Point","coordinates":[28.0521249,-26.0693966]}},{"type":"Feature","properties":{"id":"osm-11743294210","region":"Johannesburg","surveillanceType":"camera","operator":"Vumacam","description":"fixed"},"geometry":{"type":"Point","coordinates":[28.0537903,-26.0690873]}},{"type":"Feature","properties":{"id":"osm-11752251668","region":"Johannesburg","surveillanceType":"camera","operator":"Vumacam","description":"fixed"},"geometry":{"type":"Point","coordinates":[28.0248013,-26.0817791]}},{"type":"Feature","properties":{"id":"osm-11760570828","region":"Johannesburg","surveillanceType":"camera","operator":"Vumacam","description":"fixed"},"geometry":{"type":"Point","coordinates":[28.0347994,-26.0578841]}},{"type":"Feature","properties":{"id":"osm-11760570829","region":"Johannesburg","surveillanceType":"camera","operator":"Vumacam","description":"fixed"},"geometry":{"type":"Point","coordinates":[28.032932,-26.0601882]}},{"type":"Feature","properties":{"id":"osm-11760570830","region":"Johannesburg","surveillanceType":"camera","operator":"Vumacam","description":"fixed"},"geometry":{"type":"Point","coordinates":[28.0272393,-26.0626653]}},{"type":"Feature","properties":{"id":"osm-11769013937","region":"Johannesburg","surveillanceType":"camera","operator":"Vumacam","description":"fixed"},"geometry":{"type":"Point","coordinates":[28.0531297,-26.1074122]}},{"type":"Feature","properties":{"id":"osm-11769146450","region":"Johannesburg","surveillanceType":"camera","operator":"Vumacam","description":"fixed"},"geometry":{"type":"Point","coordinates":[28.0489133,-26.1013508]}},{"type":"Feature","properties":{"id":"osm-11769146451","region":"Johannesburg","surveillanceType":"camera","operator":"Vumacam","description":"fixed"},"geometry":{"type":"Point","coordinates":[28.0491811,-26.1014708]}},{"type":"Feature","properties":{"id":"osm-11771148034","region":"Johannesburg","surveillanceType":"camera","operator":"Vumacam","description":"fixed"},"geometry":{"type":"Point","coordinates":[28.0552014,-26.0623893]}},{"type":"Feature","properties":{"id":"osm-11795870691","region":"Johannesburg","surveillanceType":"camera","operator":"Vumacam","description":"fixed"},"geometry":{"type":"Point","coordinates":[28.0361139,-26.145496]}},{"type":"Feature","properties":{"id":"osm-11795870692","region":"Johannesburg","surveillanceType":"camera","operator":"Vumacam","description":"fixed"},"geometry":{"type":"Point","coordinates":[28.0355353,-26.1470334]}},{"type":"Feature","properties":{"id":"osm-11795870693","region":"Johannesburg","surveillanceType":"camera","operator":"Vumacam","description":"fixed"},"geometry":{"type":"Point","coordinates":[28.0349039,-26.1487902]}},{"type":"Feature","properties":{"id":"osm-11795870694","region":"Johannesburg","surveillanceType":"camera","operator":"Vumacam","description":"fixed"},"geometry":{"type":"Point","coordinates":[28.0392198,-26.1492676]}},{"type":"Feature","properties":{"id":"osm-11795870695","region":"Johannesburg","surveillanceType":"camera","operator":"Vumacam","description":"fixed"},"geometry":{"type":"Point","coordinates":[28.0412577,-26.1490923]}},{"type":"Feature","properties":{"id":"osm-11795870696","region":"Johannesburg","surveillanceType":"camera","operator":"Vumacam","description":"fixed"},"geometry":{"type":"Point","coordinates":[28.0411203,-26.1493535]}},{"type":"Feature","properties":{"id":"osm-11795870697","region":"Johannesburg","surveillanceType":"camera","operator":"Vumacam","description":"fixed"},"geometry":{"type":"Point","coordinates":[28.0428065,-26.149096]}},{"type":"Feature","properties":{"id":"osm-11795878104","region":"Johannesburg","surveillanceType":"camera","operator":"Vumacam","description":"fixed"},"geometry":{"type":"Point","coordinates":[28.0147769,-26.1054527]}},{"type":"Feature","properties":{"id":"osm-11795878105","region":"Johannesburg","surveillanceType":"camera","operator":"Vumacam","description":"fixed"},"geometry":{"type":"Point","coordinates":[28.0109234,-26.0991847]}},{"type":"Feature","properties":{"id":"osm-11795878106","region":"Johannesburg","surveillanceType":"camera","operator":"Vumacam","description":"fixed"},"geometry":{"type":"Point","coordinates":[28.0105807,-26.0992239]}},{"type":"Feature","properties":{"id":"osm-11795878107","region":"Johannesburg","surveillanceType":"camera","operator":"Vumacam","description":"fixed"},"geometry":{"type":"Point","coordinates":[28.0135252,-26.0980693]}},{"type":"Feature","properties":{"id":"osm-11795878110","region":"Johannesburg","surveillanceType":"camera","operator":"Vumacam","description":"fixed"},"geometry":{"type":"Point","coordinates":[28.0261984,-26.0757624]}},{"type":"Feature","properties":{"id":"osm-11799214106","region":"Johannesburg","surveillanceType":"camera","operator":"Vumacam","description":"fixed"},"geometry":{"type":"Point","coordinates":[28.0461832,-26.0598523]}},{"type":"Feature","properties":{"id":"osm-11811248329","region":"Johannesburg","surveillanceType":"camera","operator":"Vumacam","description":"fixed"},"geometry":{"type":"Point","coordinates":[28.0180706,-26.0815484]}},{"type":"Feature","properties":{"id":"osm-11811330008","region":"Johannesburg","surveillanceType":"camera","operator":"Vumacam","description":"fixed"},"geometry":{"type":"Point","coordinates":[28.0590962,-26.0547628]}},{"type":"Feature","properties":{"id":"osm-11811330009","region":"Johannesburg","surveillanceType":"camera","operator":"Vumacam","description":"fixed"},"geometry":{"type":"Point","coordinates":[28.0588459,-26.0546318]}},{"type":"Feature","properties":{"id":"osm-11811330574","region":"Johannesburg","surveillanceType":"camera","operator":"Vumacam","description":"fixed"},"geometry":{"type":"Point","coordinates":[28.0581283,-26.1076273]}},{"type":"Feature","properties":{"id":"osm-11811330575","region":"Johannesburg","surveillanceType":"camera","operator":"Vumacam","description":"fixed"},"geometry":{"type":"Point","coordinates":[28.0490932,-26.1094207]}},{"type":"Feature","properties":{"id":"osm-11811865834","region":"Johannesburg","surveillanceType":"camera","operator":"Vumacam","description":"fixed"},"geometry":{"type":"Point","coordinates":[28.0463418,-26.0870438]}},{"type":"Feature","properties":{"id":"osm-11811865835","region":"Johannesburg","surveillanceType":"camera","operator":"Vumacam","description":"fixed"},"geometry":{"type":"Point","coordinates":[28.0519084,-26.0947777]}},{"type":"Feature","properties":{"id":"osm-11811865836","region":"Johannesburg","surveillanceType":"camera","operator":"Vumacam","description":"fixed"},"geometry":{"type":"Point","coordinates":[28.050213,-26.1005755]}},{"type":"Feature","properties":{"id":"osm-11811865837","region":"Johannesburg","surveillanceType":"camera","operator":"Vumacam","description":"fixed"},"geometry":{"type":"Point","coordinates":[28.0507404,-26.1010076]}},{"type":"Feature","properties":{"id":"osm-11811865838","region":"Johannesburg","surveillanceType":"camera","operator":"Vumacam","description":"fixed"},"geometry":{"type":"Point","coordinates":[28.0502832,-26.1010182]}},{"type":"Feature","properties":{"id":"osm-11811865839","region":"Johannesburg","surveillanceType":"camera","operator":"Vumacam","description":"fixed"},"geometry":{"type":"Point","coordinates":[28.0522861,-26.1033306]}},{"type":"Feature","properties":{"id":"osm-11811865840","region":"Johannesburg","surveillanceType":"camera","operator":"Vumacam","description":"fixed"},"geometry":{"type":"Point","coordinates":[28.0515356,-26.1037015]}},{"type":"Feature","properties":{"id":"osm-11811865841","region":"Johannesburg","surveillanceType":"camera","operator":"Vumacam","description":"fixed"},"geometry":{"type":"Point","coordinates":[28.0497768,-26.1056979]}},{"type":"Feature","properties":{"id":"osm-11811865842","region":"Johannesburg","surveillanceType":"camera","operator":"Vumacam","description":"fixed"},"geometry":{"type":"Point","coordinates":[28.0561558,-26.1093392]}},{"type":"Feature","properties":{"id":"osm-11877034742","region":"Johannesburg","surveillanceType":"camera","operator":"Vumacam","description":"fixed"},"geometry":{"type":"Point","coordinates":[28.0510413,-26.1318567]}},{"type":"Feature","properties":{"id":"osm-11877034743","region":"Johannesburg","surveillanceType":"camera","operator":"Vumacam","description":"fixed"},"geometry":{"type":"Point","coordinates":[28.0469443,-26.1204392]}},{"type":"Feature","properties":{"id":"osm-11877034744","region":"Johannesburg","surveillanceType":"camera","operator":"Vumacam","description":"fixed"},"geometry":{"type":"Point","coordinates":[28.0471472,-26.1200678]}},{"type":"Feature","properties":{"id":"osm-11877034745","region":"Johannesburg","surveillanceType":"camera","operator":"Vumacam","description":"fixed"},"geometry":{"type":"Point","coordinates":[28.052451,-26.1112609]}},{"type":"Feature","properties":{"id":"osm-11877034746","region":"Johannesburg","surveillanceType":"camera","operator":"Vumacam","description":"fixed"},"geometry":{"type":"Point","coordinates":[28.0561383,-26.1089147]}},{"type":"Feature","properties":{"id":"osm-11877034747","region":"Johannesburg","surveillanceType":"camera","operator":"Vumacam","description":"fixed"},"geometry":{"type":"Point","coordinates":[28.0611974,-26.1052657]}},{"type":"Feature","properties":{"id":"osm-11877034748","region":"Johannesburg","surveillanceType":"camera","operator":"Vumacam","description":"fixed"},"geometry":{"type":"Point","coordinates":[28.0599174,-26.1031936]}},{"type":"Feature","properties":{"id":"osm-11877034749","region":"Johannesburg","surveillanceType":"camera","operator":"Vumacam","description":"fixed"},"geometry":{"type":"Point","coordinates":[28.0602069,-26.1030343]}},{"type":"Feature","properties":{"id":"osm-11877034750","region":"Johannesburg","surveillanceType":"camera","operator":"Vumacam","description":"fixed"},"geometry":{"type":"Point","coordinates":[28.0581687,-26.0995603]}},{"type":"Feature","properties":{"id":"osm-11877034751","region":"Johannesburg","surveillanceType":"camera","operator":"Vumacam","description":"fixed"},"geometry":{"type":"Point","coordinates":[28.0584195,-26.0992783]}},{"type":"Feature","properties":{"id":"osm-11877034752","region":"Johannesburg","surveillanceType":"camera","operator":"Vumacam","description":"fixed"},"geometry":{"type":"Point","coordinates":[28.0565535,-26.0852036]}},{"type":"Feature","properties":{"id":"osm-11877034753","region":"Johannesburg","surveillanceType":"camera","operator":"Vumacam","description":"fixed"},"geometry":{"type":"Point","coordinates":[28.0566714,-26.084893]}},{"type":"Feature","properties":{"id":"osm-11877034754","region":"Johannesburg","surveillanceType":"camera","operator":"Vumacam","description":"fixed"},"geometry":{"type":"Point","coordinates":[28.0577589,-26.0822895]}},{"type":"Feature","properties":{"id":"osm-11877184467","region":"Johannesburg","surveillanceType":"camera","operator":"Vumacam","description":"fixed"},"geometry":{"type":"Point","coordinates":[28.0382713,-26.0987686]}},{"type":"Feature","properties":{"id":"osm-11879197087","region":"Johannesburg","surveillanceType":"camera","operator":"Vumacam","description":"fixed"},"geometry":{"type":"Point","coordinates":[28.0499596,-26.0550794]}},{"type":"Feature","properties":{"id":"osm-11884688357","region":"Johannesburg","surveillanceType":"camera","operator":"Vumacam","description":"fixed"},"geometry":{"type":"Point","coordinates":[28.0597738,-26.0516217]}},{"type":"Feature","properties":{"id":"osm-11913587481","region":"Johannesburg","surveillanceType":"camera","operator":"Vumacam","description":"fixed"},"geometry":{"type":"Point","coordinates":[28.0437436,-26.0612868]}},{"type":"Feature","properties":{"id":"osm-11913587482","region":"Johannesburg","surveillanceType":"camera","operator":"Vumacam","description":"fixed"},"geometry":{"type":"Point","coordinates":[28.0423054,-26.0656896]}},{"type":"Feature","properties":{"id":"osm-11919737126","region":"Johannesburg","surveillanceType":"camera","operator":"Vumacam","description":"fixed"},"geometry":{"type":"Point","coordinates":[28.0792451,-26.0898241]}},{"type":"Feature","properties":{"id":"osm-11919737127","region":"Johannesburg","surveillanceType":"camera","operator":"Vumacam","description":"fixed"},"geometry":{"type":"Point","coordinates":[28.0790801,-26.0874812]}},{"type":"Feature","properties":{"id":"osm-11920256235","region":"Johannesburg","surveillanceType":"camera","operator":"Vumacam","description":"fixed"},"geometry":{"type":"Point","coordinates":[28.0578415,-26.0892898]}},{"type":"Feature","properties":{"id":"osm-11920256236","region":"Johannesburg","surveillanceType":"camera","operator":"Vumacam","description":"fixed"},"geometry":{"type":"Point","coordinates":[28.0574529,-26.0892456]}},{"type":"Feature","properties":{"id":"osm-11950767278","region":"Johannesburg","surveillanceType":"camera","operator":"Vumacam","description":"fixed"},"geometry":{"type":"Point","coordinates":[28.0574138,-26.1040486]}},{"type":"Feature","properties":{"id":"osm-11950767279","region":"Johannesburg","surveillanceType":"camera","operator":"Vumacam","description":"fixed"},"geometry":{"type":"Point","coordinates":[28.0562419,-26.0945206]}},{"type":"Feature","properties":{"id":"osm-11950767280","region":"Johannesburg","surveillanceType":"camera","operator":"Vumacam","description":"fixed"},"geometry":{"type":"Point","coordinates":[28.0567977,-26.09206]}},{"type":"Feature","properties":{"id":"osm-11950767281","region":"Johannesburg","surveillanceType":"camera","operator":"Vumacam","description":"fixed"},"geometry":{"type":"Point","coordinates":[28.0619934,-26.081002]}},{"type":"Feature","properties":{"id":"osm-11950767282","region":"Johannesburg","surveillanceType":"camera","operator":"Vumacam","description":"fixed"},"geometry":{"type":"Point","coordinates":[28.0601811,-26.0745099]}},{"type":"Feature","properties":{"id":"osm-11950767283","region":"Johannesburg","surveillanceType":"camera","operator":"Vumacam","description":"fixed"},"geometry":{"type":"Point","coordinates":[28.0561295,-26.0669614]}},{"type":"Feature","properties":{"id":"osm-12480022054","region":"Johannesburg","surveillanceType":"camera","operator":"Vumacam","description":"fixed"},"geometry":{"type":"Point","coordinates":[28.0461428,-26.1054856]}},{"type":"Feature","properties":{"id":"osm-12495785057","region":"Johannesburg","surveillanceType":"camera","operator":"Vumacam","description":"fixed"},"geometry":{"type":"Point","coordinates":[28.1448002,-26.1709944]}},{"type":"Feature","properties":{"id":"osm-12551349929","region":"Johannesburg","surveillanceType":"camera","operator":"Vumacam","description":"fixed"},"geometry":{"type":"Point","coordinates":[28.0559798,-26.0828117]}},{"type":"Feature","properties":{"id":"osm-12568284540","region":"Johannesburg","surveillanceType":"camera","operator":"Vumacam","description":"fixed"},"geometry":{"type":"Point","coordinates":[28.0595042,-26.0658169]}},{"type":"Feature","properties":{"id":"osm-12997195283","region":"Johannesburg","surveillanceType":"camera","operator":"Vumacam","description":"fixed"},"geometry":{"type":"Point","coordinates":[28.0347877,-26.1621925]}},{"type":"Feature","properties":{"id":"osm-12997195286","region":"Johannesburg","surveillanceType":"camera","operator":"Vumacam","description":"fixed"},"geometry":{"type":"Point","coordinates":[28.0369738,-26.1588193]}},{"type":"Feature","properties":{"id":"osm-13013833582","region":"Johannesburg","surveillanceType":"camera","operator":"Vumacam","description":"fixed"},"geometry":{"type":"Point","coordinates":[28.0662889,-26.101113]}},{"type":"Feature","properties":{"id":"osm-13013835337","region":"Johannesburg","surveillanceType":"camera","operator":"Vumacam","description":"fixed"},"geometry":{"type":"Point","coordinates":[28.016522,-26.143723]}},{"type":"Feature","properties":{"id":"osm-13121331153","region":"Johannesburg","surveillanceType":"camera","operator":"Vumacam","description":"fixed"},"geometry":{"type":"Point","coordinates":[28.0492549,-26.1090206]}},{"type":"Feature","properties":{"id":"osm-13121331154","region":"Johannesburg","surveillanceType":"camera","operator":"Vumacam","description":"fixed"},"geometry":{"type":"Point","coordinates":[28.0450027,-26.1048905]}},{"type":"Feature","properties":{"id":"osm-13121331155","region":"Johannesburg","surveillanceType":"camera","operator":"Vumacam","description":"fixed"},"geometry":{"type":"Point","coordinates":[28.0369819,-26.1007065]}},{"type":"Feature","properties":{"id":"osm-13121331158","region":"Johannesburg","surveillanceType":"camera","operator":"Vumacam","description":"fixed"},"geometry":{"type":"Point","coordinates":[28.0026419,-26.1004317]}},{"type":"Feature","properties":{"id":"osm-13121331161","region":"Johannesburg","surveillanceType":"camera","operator":"Vumacam","description":"fixed"},"geometry":{"type":"Point","coordinates":[27.9934949,-26.09893]}},{"type":"Feature","properties":{"id":"osm-13121377476","region":"Johannesburg","surveillanceType":"camera","operator":"Vumacam","description":"fixed"},"geometry":{"type":"Point","coordinates":[28.0519736,-26.1068116]}},{"type":"Feature","properties":{"id":"osm-13122116338","region":"Johannesburg","surveillanceType":"camera","operator":"Vumacam","description":"fixed"},"geometry":{"type":"Point","coordinates":[28.0571835,-26.1068712]}},{"type":"Feature","properties":{"id":"osm-13168816367","region":"Johannesburg","surveillanceType":"camera","operator":"","description":"fixed"},"geometry":{"type":"Point","coordinates":[27.8657449,-26.3231646]}},{"type":"Feature","properties":{"id":"osm-13168816368","region":"Johannesburg","surveillanceType":"camera","operator":"","description":"fixed"},"geometry":{"type":"Point","coordinates":[27.8660198,-26.3237126]}},{"type":"Feature","properties":{"id":"osm-13168820171","region":"Johannesburg","surveillanceType":"camera","operator":"","description":"fixed"},"geometry":{"type":"Point","coordinates":[27.8590678,-26.3317455]}},{"type":"Feature","properties":{"id":"osm-14045677076","region":"Johannesburg","surveillanceType":"camera","operator":"Vumacam","description":"fixed"},"geometry":{"type":"Point","coordinates":[28.0346845,-26.1302936]}},{"type":"Feature","properties":{"id":"osm-14045677077","region":"Johannesburg","surveillanceType":"camera","operator":"Vumacam","description":"fixed"},"geometry":{"type":"Point","coordinates":[28.0354436,-26.1315897]}},{"type":"Feature","properties":{"id":"osm-14045677083","region":"Johannesburg","surveillanceType":"camera","operator":"Vumacam","description":"fixed"},"geometry":{"type":"Point","coordinates":[28.0334478,-26.1273051]}},{"type":"Feature","properties":{"id":"osm-14049058027","region":"Johannesburg","surveillanceType":"camera","operator":"Vumacam","description":"fixed"},"geometry":{"type":"Point","coordinates":[28.0356328,-26.1474155]}},{"type":"Feature","properties":{"id":"osm-14049074441","region":"Johannesburg","surveillanceType":"camera","operator":"Vumacam","description":"fixed"},"geometry":{"type":"Point","coordinates":[28.03574,-26.1491612]}},{"type":"Feature","properties":{"id":"osm-14049144542","region":"Johannesburg","surveillanceType":"camera","operator":"Vumacam","description":"fixed"},"geometry":{"type":"Point","coordinates":[28.0437778,-26.1420154]}},{"type":"Feature","properties":{"id":"osm-14049144543","region":"Johannesburg","surveillanceType":"camera","operator":"Vumacam","description":"fixed"},"geometry":{"type":"Point","coordinates":[28.0463606,-26.1354237]}},{"type":"Feature","properties":{"id":"osm-14049144545","region":"Johannesburg","surveillanceType":"camera","operator":"Vumacam","description":"fixed"},"geometry":{"type":"Point","coordinates":[28.0480584,-26.1276895]}},{"type":"Feature","properties":{"id":"osm-14050395396","region":"Johannesburg","surveillanceType":"camera","operator":"Vumacam","description":"fixed"},"geometry":{"type":"Point","coordinates":[27.9995351,-26.1456213]}},{"type":"Feature","properties":{"id":"osm-14050395397","region":"Johannesburg","surveillanceType":"camera","operator":"Vumacam","description":"fixed"},"geometry":{"type":"Point","coordinates":[28.0042797,-26.1444168]}},{"type":"Feature","properties":{"id":"osm-14050395398","region":"Johannesburg","surveillanceType":"camera","operator":"Vumacam","description":"fixed"},"geometry":{"type":"Point","coordinates":[28.0106052,-26.1425545]}},{"type":"Feature","properties":{"id":"osm-14050395399","region":"Johannesburg","surveillanceType":"camera","operator":"Vumacam","description":"fixed"},"geometry":{"type":"Point","coordinates":[28.022807,-26.1441992]}},{"type":"Feature","properties":{"id":"osm-14050395400","region":"Johannesburg","surveillanceType":"camera","operator":"Vumacam","description":"fixed"},"geometry":{"type":"Point","coordinates":[28.0226626,-26.1440883]}},{"type":"Feature","properties":{"id":"osm-14050477646","region":"Johannesburg","surveillanceType":"camera","operator":"Vumacam","description":"fixed"},"geometry":{"type":"Point","coordinates":[28.0265273,-26.1609734]}},{"type":"Feature","properties":{"id":"osm-14050477647","region":"Johannesburg","surveillanceType":"camera","operator":"Vumacam","description":"fixed"},"geometry":{"type":"Point","coordinates":[28.0254446,-26.1592517]}},{"type":"Feature","properties":{"id":"osm-14050504101","region":"Johannesburg","surveillanceType":"camera","operator":"Vumacam","description":"fixed"},"geometry":{"type":"Point","coordinates":[28.02518,-26.1446066]}},{"type":"Feature","properties":{"id":"osm-14050504102","region":"Johannesburg","surveillanceType":"camera","operator":"Vumacam","description":"fixed"},"geometry":{"type":"Point","coordinates":[28.0380865,-26.1431128]}},{"type":"Feature","properties":{"id":"osm-14050504103","region":"Johannesburg","surveillanceType":"camera","operator":"Vumacam","description":"fixed"},"geometry":{"type":"Point","coordinates":[28.0488078,-26.1316431]}},{"type":"Feature","properties":{"id":"osm-14050690725","region":"Johannesburg","surveillanceType":"camera","operator":"Vumacam","description":"fixed"},"geometry":{"type":"Point","coordinates":[28.0513194,-26.1129896]}},{"type":"Feature","properties":{"id":"osm-14068107931","region":"Johannesburg","surveillanceType":"camera","operator":"Vumacam","description":"fixed"},"geometry":{"type":"Point","coordinates":[28.0191234,-26.1148324]}},{"type":"Feature","properties":{"id":"osm-4883768838","region":"Dubai","surveillanceType":"camera","operator":"","description":"fixed"},"geometry":{"type":"Point","coordinates":[55.0951358,25.0120154]}},{"type":"Feature","properties":{"id":"osm-7232434225","region":"Dubai","surveillanceType":"guard","operator":"","description":""},"geometry":{"type":"Point","coordinates":[55.2362975,25.0746162]}},{"type":"Feature","properties":{"id":"osm-7232434230","region":"Dubai","surveillanceType":"guard","operator":"","description":""},"geometry":{"type":"Point","coordinates":[55.2374501,25.0746315]}},{"type":"Feature","properties":{"id":"osm-8535980717","region":"Dubai","surveillanceType":"camera","operator":"","description":""},"geometry":{"type":"Point","coordinates":[55.3393405,25.2351491]}},{"type":"Feature","properties":{"id":"osm-8535980917","region":"Dubai","surveillanceType":"camera","operator":"","description":""},"geometry":{"type":"Point","coordinates":[55.3356028,25.230868]}},{"type":"Feature","properties":{"id":"osm-8536014917","region":"Dubai","surveillanceType":"camera","operator":"","description":""},"geometry":{"type":"Point","coordinates":[55.1922476,25.1162476]}},{"type":"Feature","properties":{"id":"osm-9012056057","region":"Dubai","surveillanceType":"camera","operator":"","description":"fixed"},"geometry":{"type":"Point","coordinates":[55.1185903,25.1320368]}},{"type":"Feature","properties":{"id":"osm-11688096051","region":"Dubai","surveillanceType":"camera","operator":"","description":""},"geometry":{"type":"Point","coordinates":[55.1591888,25.0720967]}},{"type":"Feature","properties":{"id":"osm-11942821290","region":"Dubai","surveillanceType":"camera","operator":"","description":""},"geometry":{"type":"Point","coordinates":[55.2750014,25.1960145]}},{"type":"Feature","properties":{"id":"osm-11942865919","region":"Dubai","surveillanceType":"camera","operator":"","description":""},"geometry":{"type":"Point","coordinates":[55.2734993,25.1956995]}},{"type":"Feature","properties":{"id":"osm-12309263934","region":"Dubai","surveillanceType":"camera","operator":"","description":""},"geometry":{"type":"Point","coordinates":[55.2726098,25.1967581]}},{"type":"Feature","properties":{"id":"osm-12983068371","region":"Dubai","surveillanceType":"camera","operator":"","description":""},"geometry":{"type":"Point","coordinates":[55.2891057,25.2677734]}},{"type":"Feature","properties":{"id":"osm-3008573681","region":"Mumbai","surveillanceType":"camera","operator":"","description":""},"geometry":{"type":"Point","coordinates":[72.8398062,19.1059733]}},{"type":"Feature","properties":{"id":"osm-6499432489","region":"Mumbai","surveillanceType":"average_speed","operator":"","description":""},"geometry":{"type":"Point","coordinates":[72.9418677,19.1305125]}},{"type":"Feature","properties":{"id":"osm-6499443185","region":"Mumbai","surveillanceType":"camera","operator":"","description":""},"geometry":{"type":"Point","coordinates":[72.9419754,19.130453]}},{"type":"Feature","properties":{"id":"osm-6604451361","region":"Mumbai","surveillanceType":"camera;guard","operator":"","description":""},"geometry":{"type":"Point","coordinates":[72.8236798,19.1425993]}},{"type":"Feature","properties":{"id":"osm-10160403769","region":"Mumbai","surveillanceType":"camera","operator":"","description":""},"geometry":{"type":"Point","coordinates":[73.0337779,19.0301413]}},{"type":"Feature","properties":{"id":"osm-10160403770","region":"Mumbai","surveillanceType":"camera","operator":"","description":"dome"},"geometry":{"type":"Point","coordinates":[73.0343032,19.0304801]}},{"type":"Feature","properties":{"id":"osm-10160403771","region":"Mumbai","surveillanceType":"camera","operator":"","description":""},"geometry":{"type":"Point","coordinates":[73.0349154,19.0312811]}},{"type":"Feature","properties":{"id":"osm-10160403772","region":"Mumbai","surveillanceType":"camera","operator":"","description":""},"geometry":{"type":"Point","coordinates":[73.0340231,19.0305569]}},{"type":"Feature","properties":{"id":"osm-11069678661","region":"Mumbai","surveillanceType":"camera","operator":"","description":"fixed"},"geometry":{"type":"Point","coordinates":[72.8528537,19.0742949]}},{"type":"Feature","properties":{"id":"osm-11069678662","region":"Mumbai","surveillanceType":"camera","operator":"","description":"fixed"},"geometry":{"type":"Point","coordinates":[72.8528195,19.0742823]}},{"type":"Feature","properties":{"id":"osm-11069702432","region":"Mumbai","surveillanceType":"camera","operator":"","description":"fixed"},"geometry":{"type":"Point","coordinates":[72.8467865,19.0691286]}},{"type":"Feature","properties":{"id":"osm-11069702433","region":"Mumbai","surveillanceType":"camera","operator":"","description":"fixed"},"geometry":{"type":"Point","coordinates":[72.8468657,19.0691248]}},{"type":"Feature","properties":{"id":"osm-11069702434","region":"Mumbai","surveillanceType":"camera","operator":"","description":"fixed"},"geometry":{"type":"Point","coordinates":[72.8466142,19.0690247]}},{"type":"Feature","properties":{"id":"osm-11069702435","region":"Mumbai","surveillanceType":"camera","operator":"","description":"fixed"},"geometry":{"type":"Point","coordinates":[72.8465787,19.0690241]}},{"type":"Feature","properties":{"id":"osm-11069702436","region":"Mumbai","surveillanceType":"camera","operator":"","description":"fixed"},"geometry":{"type":"Point","coordinates":[72.8465331,19.0690247]}},{"type":"Feature","properties":{"id":"osm-11071531726","region":"Mumbai","surveillanceType":"camera","operator":"","description":"fixed"},"geometry":{"type":"Point","coordinates":[72.9210388,19.0838996]}},{"type":"Feature","properties":{"id":"osm-11071531727","region":"Mumbai","surveillanceType":"camera","operator":"","description":"fixed"},"geometry":{"type":"Point","coordinates":[72.9210656,19.0839262]}},{"type":"Feature","properties":{"id":"osm-11071531728","region":"Mumbai","surveillanceType":"camera","operator":"","description":"dome"},"geometry":{"type":"Point","coordinates":[72.9210542,19.0839053]}},{"type":"Feature","properties":{"id":"osm-11071531729","region":"Mumbai","surveillanceType":"camera","operator":"","description":"fixed"},"geometry":{"type":"Point","coordinates":[72.9197332,19.0862265]}},{"type":"Feature","properties":{"id":"osm-11071531730","region":"Mumbai","surveillanceType":"camera","operator":"","description":"fixed"},"geometry":{"type":"Point","coordinates":[72.9197144,19.086267]}},{"type":"Feature","properties":{"id":"osm-11071531731","region":"Mumbai","surveillanceType":"camera","operator":"","description":"dome"},"geometry":{"type":"Point","coordinates":[72.9197359,19.0862531]}},{"type":"Feature","properties":{"id":"osm-11071531732","region":"Mumbai","surveillanceType":"camera","operator":"","description":"fixed"},"geometry":{"type":"Point","coordinates":[72.9171208,19.0892054]}},{"type":"Feature","properties":{"id":"osm-11071531733","region":"Mumbai","surveillanceType":"camera","operator":"","description":"fixed"},"geometry":{"type":"Point","coordinates":[72.917157,19.0891972]}},{"type":"Feature","properties":{"id":"osm-11071531734","region":"Mumbai","surveillanceType":"camera","operator":"","description":"fixed"},"geometry":{"type":"Point","coordinates":[72.9171409,19.0892257]}},{"type":"Feature","properties":{"id":"osm-11071531735","region":"Mumbai","surveillanceType":"camera","operator":"","description":"dome"},"geometry":{"type":"Point","coordinates":[72.9171402,19.0892061]}},{"type":"Feature","properties":{"id":"osm-11071531758","region":"Mumbai","surveillanceType":"camera","operator":"","description":"fixed"},"geometry":{"type":"Point","coordinates":[72.9077008,19.0893113]}},{"type":"Feature","properties":{"id":"osm-11071531759","region":"Mumbai","surveillanceType":"camera","operator":"","description":"dome"},"geometry":{"type":"Point","coordinates":[72.9077129,19.0893442]}},{"type":"Feature","properties":{"id":"osm-11071531761","region":"Mumbai","surveillanceType":"camera","operator":"","description":"dome"},"geometry":{"type":"Point","coordinates":[72.9053231,19.0880604]}},{"type":"Feature","properties":{"id":"osm-12073012280","region":"Mumbai","surveillanceType":"camera","operator":"","description":""},"geometry":{"type":"Point","coordinates":[72.8227706,19.1421507]}},{"type":"Feature","properties":{"id":"osm-12235697831","region":"Mumbai","surveillanceType":"camera","operator":"","description":"fixed"},"geometry":{"type":"Point","coordinates":[73.0342703,19.0305248]}},{"type":"Feature","properties":{"id":"osm-12235697832","region":"Mumbai","surveillanceType":"camera","operator":"","description":"fixed"},"geometry":{"type":"Point","coordinates":[73.0342182,19.0305278]}},{"type":"Feature","properties":{"id":"osm-12235697833","region":"Mumbai","surveillanceType":"camera","operator":"","description":"fixed"},"geometry":{"type":"Point","coordinates":[73.0342763,19.0305309]}},{"type":"Feature","properties":{"id":"osm-12235697834","region":"Mumbai","surveillanceType":"camera","operator":"","description":"panning"},"geometry":{"type":"Point","coordinates":[73.0342884,19.0303644]}},{"type":"Feature","properties":{"id":"osm-12235697839","region":"Mumbai","surveillanceType":"camera","operator":"","description":"fixed"},"geometry":{"type":"Point","coordinates":[73.0340487,19.0303714]}},{"type":"Feature","properties":{"id":"osm-12235697840","region":"Mumbai","surveillanceType":"camera","operator":"","description":"fixed"},"geometry":{"type":"Point","coordinates":[73.0343254,19.0305929]}},{"type":"Feature","properties":{"id":"osm-12289855136","region":"Mumbai","surveillanceType":"guard","operator":"","description":""},"geometry":{"type":"Point","coordinates":[72.8443545,19.1444071]}},{"type":"Feature","properties":{"id":"osm-12328160379","region":"Mumbai","surveillanceType":"camera","operator":"","description":"fixed"},"geometry":{"type":"Point","coordinates":[72.8228906,19.1374169]}},{"type":"Feature","properties":{"id":"osm-12328160392","region":"Mumbai","surveillanceType":"camera","operator":"","description":"fixed"},"geometry":{"type":"Point","coordinates":[72.8228839,19.1374248]}},{"type":"Feature","properties":{"id":"osm-12328165728","region":"Mumbai","surveillanceType":"camera","operator":"","description":"fixed"},"geometry":{"type":"Point","coordinates":[72.8229049,19.1374244]}},{"type":"Feature","properties":{"id":"osm-12328165800","region":"Mumbai","surveillanceType":"camera","operator":"","description":"fixed"},"geometry":{"type":"Point","coordinates":[72.8228949,19.1374358]}},{"type":"Feature","properties":{"id":"osm-12486490056","region":"Mumbai","surveillanceType":"camera","operator":"","description":"fixed"},"geometry":{"type":"Point","coordinates":[72.8262019,19.1403045]}},{"type":"Feature","properties":{"id":"osm-12486490104","region":"Mumbai","surveillanceType":"camera","operator":"","description":"dome"},"geometry":{"type":"Point","coordinates":[72.8262054,19.1403019]}},{"type":"Feature","properties":{"id":"osm-12486490209","region":"Mumbai","surveillanceType":"camera","operator":"","description":"fixed"},"geometry":{"type":"Point","coordinates":[72.8255364,19.141496]}},{"type":"Feature","properties":{"id":"osm-12486490223","region":"Mumbai","surveillanceType":"camera","operator":"","description":"panning"},"geometry":{"type":"Point","coordinates":[72.8255339,19.1414944]}},{"type":"Feature","properties":{"id":"osm-12668986289","region":"Mumbai","surveillanceType":"camera","operator":"","description":"fixed"},"geometry":{"type":"Point","coordinates":[72.828555,19.057378]}},{"type":"Feature","properties":{"id":"osm-12668986290","region":"Mumbai","surveillanceType":"camera","operator":"","description":"fixed"},"geometry":{"type":"Point","coordinates":[72.8285589,19.0573781]}},{"type":"Feature","properties":{"id":"osm-12706731735","region":"Mumbai","surveillanceType":"camera","operator":"","description":"fixed"},"geometry":{"type":"Point","coordinates":[72.8326584,19.0586598]}},{"type":"Feature","properties":{"id":"osm-12706731736","region":"Mumbai","surveillanceType":"camera","operator":"","description":"fixed"},"geometry":{"type":"Point","coordinates":[72.8336878,19.0587469]}},{"type":"Feature","properties":{"id":"osm-12765944930","region":"Mumbai","surveillanceType":"camera","operator":"","description":"fixed"},"geometry":{"type":"Point","coordinates":[72.814002,19.1380489]}},{"type":"Feature","properties":{"id":"osm-12765944967","region":"Mumbai","surveillanceType":"camera","operator":"","description":"fixed"},"geometry":{"type":"Point","coordinates":[72.8140061,19.1380599]}},{"type":"Feature","properties":{"id":"osm-12765944992","region":"Mumbai","surveillanceType":"camera","operator":"","description":"fixed"},"geometry":{"type":"Point","coordinates":[72.8140071,19.1380465]}},{"type":"Feature","properties":{"id":"osm-12770334737","region":"Mumbai","surveillanceType":"camera","operator":"","description":"dome"},"geometry":{"type":"Point","coordinates":[72.8550581,19.0261056]}},{"type":"Feature","properties":{"id":"osm-12770334738","region":"Mumbai","surveillanceType":"ALPR;camera","operator":"","description":"panning"},"geometry":{"type":"Point","coordinates":[72.8550556,19.0261022]}},{"type":"Feature","properties":{"id":"osm-12770334740","region":"Mumbai","surveillanceType":"ALPR;camera","operator":"","description":"panning"},"geometry":{"type":"Point","coordinates":[72.8550537,19.0261055]}},{"type":"Feature","properties":{"id":"osm-12770334741","region":"Mumbai","surveillanceType":"ALPR;camera","operator":"","description":"panning"},"geometry":{"type":"Point","coordinates":[72.8550501,19.0261046]}},{"type":"Feature","properties":{"id":"osm-12772139851","region":"Mumbai","surveillanceType":"camera","operator":"","description":"fixed"},"geometry":{"type":"Point","coordinates":[72.8567811,19.2283304]}},{"type":"Feature","properties":{"id":"osm-12772139852","region":"Mumbai","surveillanceType":"camera","operator":"","description":"fixed"},"geometry":{"type":"Point","coordinates":[72.8567835,19.2283405]}},{"type":"Feature","properties":{"id":"osm-12953773913","region":"Mumbai","surveillanceType":"guard","operator":"","description":""},"geometry":{"type":"Point","coordinates":[72.8245645,19.1445987]}},{"type":"Feature","properties":{"id":"osm-12974675314","region":"Mumbai","surveillanceType":"camera","operator":"","description":"fixed"},"geometry":{"type":"Point","coordinates":[72.8237619,19.0542761]}},{"type":"Feature","properties":{"id":"osm-12980192111","region":"Mumbai","surveillanceType":"camera","operator":"","description":"fixed"},"geometry":{"type":"Point","coordinates":[72.8231426,19.1455063]}},{"type":"Feature","properties":{"id":"osm-12980192113","region":"Mumbai","surveillanceType":"camera","operator":"","description":"fixed"},"geometry":{"type":"Point","coordinates":[72.8231404,19.1455085]}},{"type":"Feature","properties":{"id":"osm-13011946560","region":"Mumbai","surveillanceType":"camera","operator":"","description":"fixed;panning"},"geometry":{"type":"Point","coordinates":[72.819998,19.0475048]}},{"type":"Feature","properties":{"id":"osm-13081505567","region":"Mumbai","surveillanceType":"camera","operator":"","description":"fixed;dome"},"geometry":{"type":"Point","coordinates":[72.8248042,19.0426784]}},{"type":"Feature","properties":{"id":"osm-13382505470","region":"Mumbai","surveillanceType":"camera","operator":"","description":"fixed"},"geometry":{"type":"Point","coordinates":[72.8648758,19.1652819]}},{"type":"Feature","properties":{"id":"osm-13383593430","region":"Mumbai","surveillanceType":"camera","operator":"","description":"dome"},"geometry":{"type":"Point","coordinates":[72.8257832,19.1294601]}},{"type":"Feature","properties":{"id":"osm-13386425877","region":"Mumbai","surveillanceType":"camera","operator":"","description":"fixed"},"geometry":{"type":"Point","coordinates":[72.8467668,19.0183944]}},{"type":"Feature","properties":{"id":"osm-13386425889","region":"Mumbai","surveillanceType":"camera","operator":"","description":"dome"},"geometry":{"type":"Point","coordinates":[72.846783,19.0183818]}},{"type":"Feature","properties":{"id":"osm-13386465157","region":"Mumbai","surveillanceType":"camera","operator":"","description":"fixed"},"geometry":{"type":"Point","coordinates":[72.8467726,19.0183901]}},{"type":"Feature","properties":{"id":"osm-13387708182","region":"Mumbai","surveillanceType":"camera","operator":"","description":"fixed"},"geometry":{"type":"Point","coordinates":[72.8229214,19.1152616]}},{"type":"Feature","properties":{"id":"osm-13387708198","region":"Mumbai","surveillanceType":"camera","operator":"","description":"fixed"},"geometry":{"type":"Point","coordinates":[72.8218147,19.1152811]}},{"type":"Feature","properties":{"id":"osm-13387718021","region":"Mumbai","surveillanceType":"camera","operator":"","description":"fixed"},"geometry":{"type":"Point","coordinates":[72.8229122,19.115264]}},{"type":"Feature","properties":{"id":"osm-13387718024","region":"Mumbai","surveillanceType":"camera","operator":"","description":"fixed"},"geometry":{"type":"Point","coordinates":[72.8217496,19.1153471]}},{"type":"Feature","properties":{"id":"osm-13387718033","region":"Mumbai","surveillanceType":"camera","operator":"","description":"panning"},"geometry":{"type":"Point","coordinates":[72.8217996,19.1152831]}},{"type":"Feature","properties":{"id":"osm-13387718043","region":"Mumbai","surveillanceType":"camera","operator":"","description":"panning"},"geometry":{"type":"Point","coordinates":[72.8218044,19.1152619]}},{"type":"Feature","properties":{"id":"osm-13387718046","region":"Mumbai","surveillanceType":"camera","operator":"","description":"fixed"},"geometry":{"type":"Point","coordinates":[72.8222979,19.1152856]}},{"type":"Feature","properties":{"id":"osm-13387718058","region":"Mumbai","surveillanceType":"camera","operator":"","description":"fixed"},"geometry":{"type":"Point","coordinates":[72.8218144,19.1152732]}},{"type":"Feature","properties":{"id":"osm-13387718084","region":"Mumbai","surveillanceType":"camera","operator":"","description":"fixed"},"geometry":{"type":"Point","coordinates":[72.8218399,19.1152907]}},{"type":"Feature","properties":{"id":"osm-13387718085","region":"Mumbai","surveillanceType":"camera","operator":"","description":"fixed"},"geometry":{"type":"Point","coordinates":[72.822909,19.1152516]}},{"type":"Feature","properties":{"id":"osm-13390304606","region":"Mumbai","surveillanceType":"camera","operator":"","description":"fixed"},"geometry":{"type":"Point","coordinates":[72.8292952,19.1284266]}},{"type":"Feature","properties":{"id":"osm-13390304611","region":"Mumbai","surveillanceType":"camera","operator":"","description":"fixed"},"geometry":{"type":"Point","coordinates":[72.8292988,19.1284353]}},{"type":"Feature","properties":{"id":"osm-13390304628","region":"Mumbai","surveillanceType":"camera","operator":"","description":"fixed"},"geometry":{"type":"Point","coordinates":[72.8642498,19.2312416]}},{"type":"Feature","properties":{"id":"osm-13392172476","region":"Mumbai","surveillanceType":"guard","operator":"","description":""},"geometry":{"type":"Point","coordinates":[72.8555475,19.1036647]}},{"type":"Feature","properties":{"id":"osm-13392831676","region":"Mumbai","surveillanceType":"camera","operator":"","description":"panning"},"geometry":{"type":"Point","coordinates":[72.8469496,19.1196976]}},{"type":"Feature","properties":{"id":"osm-13392863540","region":"Mumbai","surveillanceType":"camera","operator":"","description":"fixed"},"geometry":{"type":"Point","coordinates":[72.8570454,19.2293228]}},{"type":"Feature","properties":{"id":"osm-13392863547","region":"Mumbai","surveillanceType":"camera","operator":"","description":"fixed"},"geometry":{"type":"Point","coordinates":[72.8569826,19.2292103]}},{"type":"Feature","properties":{"id":"osm-13470973632","region":"Mumbai","surveillanceType":"camera","operator":"","description":"fixed"},"geometry":{"type":"Point","coordinates":[72.8466394,19.1184784]}},{"type":"Feature","properties":{"id":"osm-13470973634","region":"Mumbai","surveillanceType":"camera","operator":"","description":"fixed"},"geometry":{"type":"Point","coordinates":[72.8463965,19.1184995]}},{"type":"Feature","properties":{"id":"osm-13470973637","region":"Mumbai","surveillanceType":"camera","operator":"","description":"fixed"},"geometry":{"type":"Point","coordinates":[72.8468255,19.1184884]}},{"type":"Feature","properties":{"id":"osm-13481076541","region":"Mumbai","surveillanceType":"camera","operator":"","description":"fixed"},"geometry":{"type":"Point","coordinates":[72.8239291,19.1441779]}},{"type":"Feature","properties":{"id":"osm-13481076550","region":"Mumbai","surveillanceType":"camera","operator":"","description":"fixed"},"geometry":{"type":"Point","coordinates":[72.8239231,19.1441732]}},{"type":"Feature","properties":{"id":"osm-13481076568","region":"Mumbai","surveillanceType":"camera","operator":"","description":"fixed"},"geometry":{"type":"Point","coordinates":[72.8239035,19.1442288]}},{"type":"Feature","properties":{"id":"osm-13481092809","region":"Mumbai","surveillanceType":"camera","operator":"","description":"fixed"},"geometry":{"type":"Point","coordinates":[72.8239015,19.1442325]}},{"type":"Feature","properties":{"id":"osm-13481092846","region":"Mumbai","surveillanceType":"camera","operator":"","description":"fixed"},"geometry":{"type":"Point","coordinates":[72.8240887,19.1443638]}},{"type":"Feature","properties":{"id":"osm-13481092852","region":"Mumbai","surveillanceType":"camera","operator":"","description":"fixed"},"geometry":{"type":"Point","coordinates":[72.823906,19.1442319]}},{"type":"Feature","properties":{"id":"osm-13483737152","region":"Mumbai","surveillanceType":"camera","operator":"","description":"dome"},"geometry":{"type":"Point","coordinates":[72.8427599,19.0165149]}},{"type":"Feature","properties":{"id":"osm-13483737160","region":"Mumbai","surveillanceType":"camera","operator":"","description":"panning"},"geometry":{"type":"Point","coordinates":[72.842388,19.0160067]}},{"type":"Feature","properties":{"id":"osm-13483737161","region":"Mumbai","surveillanceType":"camera","operator":"","description":"dome"},"geometry":{"type":"Point","coordinates":[72.8423773,19.016012]}},{"type":"Feature","properties":{"id":"osm-13483737166","region":"Mumbai","surveillanceType":"camera","operator":"","description":"dome"},"geometry":{"type":"Point","coordinates":[72.8430037,19.0168574]}},{"type":"Feature","properties":{"id":"osm-13501093204","region":"Mumbai","surveillanceType":"camera","operator":"","description":"fixed"},"geometry":{"type":"Point","coordinates":[72.8651865,19.1253554]}},{"type":"Feature","properties":{"id":"osm-13501093206","region":"Mumbai","surveillanceType":"camera","operator":"","description":"fixed"},"geometry":{"type":"Point","coordinates":[72.8655752,19.1254976]}},{"type":"Feature","properties":{"id":"osm-13589455376","region":"Mumbai","surveillanceType":"camera","operator":"","description":""},"geometry":{"type":"Point","coordinates":[72.8222833,19.1419434]}},{"type":"Feature","properties":{"id":"osm-13589500364","region":"Mumbai","surveillanceType":"camera","operator":"State Bank of India","description":""},"geometry":{"type":"Point","coordinates":[72.8227616,19.1422565]}},{"type":"Feature","properties":{"id":"osm-13597205703","region":"Mumbai","surveillanceType":"camera","operator":"","description":""},"geometry":{"type":"Point","coordinates":[72.8245577,19.1429941]}},{"type":"Feature","properties":{"id":"osm-13597205711","region":"Mumbai","surveillanceType":"camera","operator":"","description":"fixed"},"geometry":{"type":"Point","coordinates":[72.8255387,19.1414972]}},{"type":"Feature","properties":{"id":"osm-13597205718","region":"Mumbai","surveillanceType":"camera","operator":"","description":"fixed"},"geometry":{"type":"Point","coordinates":[72.8253634,19.1414425]}},{"type":"Feature","properties":{"id":"osm-13597205720","region":"Mumbai","surveillanceType":"camera","operator":"","description":"fixed"},"geometry":{"type":"Point","coordinates":[72.8253674,19.1414374]}},{"type":"Feature","properties":{"id":"osm-13597205721","region":"Mumbai","surveillanceType":"camera","operator":"","description":""},"geometry":{"type":"Point","coordinates":[72.8245593,19.1429912]}},{"type":"Feature","properties":{"id":"osm-13597205727","region":"Mumbai","surveillanceType":"camera","operator":"","description":"fixed"},"geometry":{"type":"Point","coordinates":[72.8239701,19.1440806]}},{"type":"Feature","properties":{"id":"osm-13597205729","region":"Mumbai","surveillanceType":"camera","operator":"","description":""},"geometry":{"type":"Point","coordinates":[72.8245593,19.1429929]}},{"type":"Feature","properties":{"id":"osm-13597205733","region":"Mumbai","surveillanceType":"camera","operator":"","description":"fixed"},"geometry":{"type":"Point","coordinates":[72.8239752,19.1440711]}},{"type":"Feature","properties":{"id":"osm-13752713455","region":"Mumbai","surveillanceType":"camera","operator":"","description":"dome"},"geometry":{"type":"Point","coordinates":[72.8883262,19.0664867]}},{"type":"Feature","properties":{"id":"osm-13752713468","region":"Mumbai","surveillanceType":"camera","operator":"","description":"dome"},"geometry":{"type":"Point","coordinates":[72.8883072,19.0663907]}},{"type":"Feature","properties":{"id":"osm-13752713476","region":"Mumbai","surveillanceType":"camera","operator":"","description":"dome"},"geometry":{"type":"Point","coordinates":[72.8884088,19.0663666]}},{"type":"Feature","properties":{"id":"osm-13760344118","region":"Mumbai","surveillanceType":"camera","operator":"","description":"panning"},"geometry":{"type":"Point","coordinates":[72.8466245,19.1211405]}},{"type":"Feature","properties":{"id":"osm-13781502778","region":"Mumbai","surveillanceType":"guard","operator":"","description":""},"geometry":{"type":"Point","coordinates":[72.8227287,19.1437057]}},{"type":"Feature","properties":{"id":"osm-13781502787","region":"Mumbai","surveillanceType":"guard","operator":"","description":""},"geometry":{"type":"Point","coordinates":[72.8232202,19.1462386]}},{"type":"Feature","properties":{"id":"osm-13781502799","region":"Mumbai","surveillanceType":"guard","operator":"","description":""},"geometry":{"type":"Point","coordinates":[72.8230018,19.1436703]}},{"type":"Feature","properties":{"id":"osm-13781536720","region":"Mumbai","surveillanceType":"guard","operator":"","description":""},"geometry":{"type":"Point","coordinates":[72.823091,19.1437249]}},{"type":"Feature","properties":{"id":"osm-13785164441","region":"Mumbai","surveillanceType":"camera","operator":"","description":"fixed"},"geometry":{"type":"Point","coordinates":[72.8265366,19.1455062]}},{"type":"Feature","properties":{"id":"osm-13950621103","region":"Mumbai","surveillanceType":"camera","operator":"","description":"fixed"},"geometry":{"type":"Point","coordinates":[72.8266173,19.1455375]}},{"type":"Feature","properties":{"id":"osm-13950621118","region":"Mumbai","surveillanceType":"camera","operator":"","description":"fixed"},"geometry":{"type":"Point","coordinates":[72.8272781,19.1445575]}},{"type":"Feature","properties":{"id":"osm-13950621133","region":"Mumbai","surveillanceType":"camera","operator":"","description":"fixed"},"geometry":{"type":"Point","coordinates":[72.826558,19.1456684]}},{"type":"Feature","properties":{"id":"osm-13950621196","region":"Mumbai","surveillanceType":"camera","operator":"","description":"fixed"},"geometry":{"type":"Point","coordinates":[72.8266107,19.1455344]}},{"type":"Feature","properties":{"id":"osm-13970512853","region":"Mumbai","surveillanceType":"camera","operator":"","description":"dome"},"geometry":{"type":"Point","coordinates":[72.8893788,19.068335]}},{"type":"Feature","properties":{"id":"osm-13970512854","region":"Mumbai","surveillanceType":"camera","operator":"","description":"dome"},"geometry":{"type":"Point","coordinates":[72.8902034,19.0689996]}},{"type":"Feature","properties":{"id":"osm-13970512879","region":"Mumbai","surveillanceType":"camera","operator":"","description":"dome"},"geometry":{"type":"Point","coordinates":[72.8914452,19.0700887]}},{"type":"Feature","properties":{"id":"osm-13970519710","region":"Mumbai","surveillanceType":"camera","operator":"","description":"dome"},"geometry":{"type":"Point","coordinates":[72.8897308,19.068652]}},{"type":"Feature","properties":{"id":"osm-13970519742","region":"Mumbai","surveillanceType":"camera","operator":"","description":"panning"},"geometry":{"type":"Point","coordinates":[72.8893399,19.0683726]}},{"type":"Feature","properties":{"id":"osm-13970519780","region":"Mumbai","surveillanceType":"camera","operator":"","description":"dome"},"geometry":{"type":"Point","coordinates":[72.8904348,19.0692274]}},{"type":"Feature","properties":{"id":"osm-13970519886","region":"Mumbai","surveillanceType":"camera","operator":"","description":"dome"},"geometry":{"type":"Point","coordinates":[72.8913635,19.0699551]}},{"type":"Feature","properties":{"id":"osm-13970519889","region":"Mumbai","surveillanceType":"camera","operator":"","description":"panning"},"geometry":{"type":"Point","coordinates":[72.8903329,19.0691036]}},{"type":"Feature","properties":{"id":"osm-13970519924","region":"Mumbai","surveillanceType":"camera","operator":"","description":"dome"},"geometry":{"type":"Point","coordinates":[72.8897031,19.0686702]}},{"type":"Feature","properties":{"id":"osm-13970519937","region":"Mumbai","surveillanceType":"camera","operator":"","description":"panning"},"geometry":{"type":"Point","coordinates":[72.8899799,19.0688148]}},{"type":"Feature","properties":{"id":"osm-13970519979","region":"Mumbai","surveillanceType":"camera","operator":"","description":"panning"},"geometry":{"type":"Point","coordinates":[72.8902925,19.0691507]}},{"type":"Feature","properties":{"id":"osm-13970520032","region":"Mumbai","surveillanceType":"camera","operator":"","description":"panning"},"geometry":{"type":"Point","coordinates":[72.8899395,19.0688619]}},{"type":"Feature","properties":{"id":"osm-13970520048","region":"Mumbai","surveillanceType":"camera","operator":"","description":"panning"},"geometry":{"type":"Point","coordinates":[72.8893803,19.0683255]}},{"type":"Feature","properties":{"id":"osm-13992339121","region":"Mumbai","surveillanceType":"camera","operator":"","description":""},"geometry":{"type":"Point","coordinates":[72.9951914,19.1481575]}},{"type":"Feature","properties":{"id":"osm-13992367506","region":"Mumbai","surveillanceType":"camera","operator":"","description":""},"geometry":{"type":"Point","coordinates":[72.9952741,19.1479909]}},{"type":"Feature","properties":{"id":"osm-14002780421","region":"Mumbai","surveillanceType":"camera","operator":"","description":""},"geometry":{"type":"Point","coordinates":[72.9933838,19.1830574]}},{"type":"Feature","properties":{"id":"osm-14002960718","region":"Mumbai","surveillanceType":"camera","operator":"","description":""},"geometry":{"type":"Point","coordinates":[72.993451,19.1830098]}},{"type":"Feature","properties":{"id":"osm-14002960719","region":"Mumbai","surveillanceType":"camera","operator":"","description":""},"geometry":{"type":"Point","coordinates":[72.9932473,19.1828403]}},{"type":"Feature","properties":{"id":"osm-14002984076","region":"Mumbai","surveillanceType":"camera","operator":"","description":""},"geometry":{"type":"Point","coordinates":[72.9928931,19.1833783]}},{"type":"Feature","properties":{"id":"osm-14002989308","region":"Mumbai","surveillanceType":"camera","operator":"","description":""},"geometry":{"type":"Point","coordinates":[72.9929395,19.183347]}},{"type":"Feature","properties":{"id":"osm-14004673737","region":"Mumbai","surveillanceType":"camera","operator":"","description":""},"geometry":{"type":"Point","coordinates":[72.9937142,19.1825298]}},{"type":"Feature","properties":{"id":"osm-14004678104","region":"Mumbai","surveillanceType":"camera","operator":"","description":""},"geometry":{"type":"Point","coordinates":[72.9939903,19.1823549]}},{"type":"Feature","properties":{"id":"osm-14004679668","region":"Mumbai","surveillanceType":"camera","operator":"","description":""},"geometry":{"type":"Point","coordinates":[72.9932855,19.18282]}},{"type":"Feature","properties":{"id":"osm-14004684096","region":"Mumbai","surveillanceType":"camera","operator":"","description":""},"geometry":{"type":"Point","coordinates":[72.9940057,19.1823974]}},{"type":"Feature","properties":{"id":"osm-14006374685","region":"Mumbai","surveillanceType":"camera","operator":"","description":""},"geometry":{"type":"Point","coordinates":[72.9924314,19.1836852]}},{"type":"Feature","properties":{"id":"osm-14006374686","region":"Mumbai","surveillanceType":"camera","operator":"","description":""},"geometry":{"type":"Point","coordinates":[72.9936207,19.1828866]}},{"type":"Feature","properties":{"id":"osm-14006422882","region":"Mumbai","surveillanceType":"camera","operator":"","description":""},"geometry":{"type":"Point","coordinates":[72.9939073,19.1827884]}},{"type":"Feature","properties":{"id":"osm-1377318093","region":"Delhi","surveillanceType":"camera","operator":"","description":""},"geometry":{"type":"Point","coordinates":[77.0955268,28.5542835]}},{"type":"Feature","properties":{"id":"osm-1377318094","region":"Delhi","surveillanceType":"camera","operator":"","description":""},"geometry":{"type":"Point","coordinates":[77.0956854,28.554819]}},{"type":"Feature","properties":{"id":"osm-4959734221","region":"Delhi","surveillanceType":"camera","operator":"","description":"fixed"},"geometry":{"type":"Point","coordinates":[77.2211536,28.6310614]}},{"type":"Feature","properties":{"id":"osm-10231283474","region":"Delhi","surveillanceType":"camera","operator":"","description":""},"geometry":{"type":"Point","coordinates":[77.22838,28.631597]}},{"type":"Feature","properties":{"id":"osm-10237597733","region":"Delhi","surveillanceType":"camera","operator":"","description":""},"geometry":{"type":"Point","coordinates":[77.2303561,28.6015605]}},{"type":"Feature","properties":{"id":"osm-10237605847","region":"Delhi","surveillanceType":"camera","operator":"","description":""},"geometry":{"type":"Point","coordinates":[77.2286617,28.5926719]}},{"type":"Feature","properties":{"id":"osm-10239659631","region":"Delhi","surveillanceType":"camera","operator":"","description":""},"geometry":{"type":"Point","coordinates":[77.225583,28.6328328]}},{"type":"Feature","properties":{"id":"osm-10239685109","region":"Delhi","surveillanceType":"camera","operator":"","description":""},"geometry":{"type":"Point","coordinates":[77.2268899,28.6324687]}},{"type":"Feature","properties":{"id":"osm-10595804902","region":"Delhi","surveillanceType":"camera","operator":"","description":""},"geometry":{"type":"Point","coordinates":[77.2269396,28.6035019]}},{"type":"Feature","properties":{"id":"osm-10595823766","region":"Delhi","surveillanceType":"camera","operator":"","description":""},"geometry":{"type":"Point","coordinates":[77.2237996,28.6029437]}},{"type":"Feature","properties":{"id":"osm-10595842689","region":"Delhi","surveillanceType":"camera","operator":"","description":""},"geometry":{"type":"Point","coordinates":[77.2261102,28.6037083]}},{"type":"Feature","properties":{"id":"osm-10595849945","region":"Delhi","surveillanceType":"camera","operator":"","description":""},"geometry":{"type":"Point","coordinates":[77.231224,28.6023684]}},{"type":"Feature","properties":{"id":"osm-10595859048","region":"Delhi","surveillanceType":"camera","operator":"","description":""},"geometry":{"type":"Point","coordinates":[77.2275279,28.6029917]}},{"type":"Feature","properties":{"id":"osm-10595859049","region":"Delhi","surveillanceType":"camera","operator":"","description":""},"geometry":{"type":"Point","coordinates":[77.2313792,28.6021628]}},{"type":"Feature","properties":{"id":"osm-10603847554","region":"Delhi","surveillanceType":"camera","operator":"","description":""},"geometry":{"type":"Point","coordinates":[77.223332,28.6029863]}},{"type":"Feature","properties":{"id":"osm-10603863021","region":"Delhi","surveillanceType":"camera","operator":"","description":""},"geometry":{"type":"Point","coordinates":[77.2353308,28.6182254]}},{"type":"Feature","properties":{"id":"osm-10687676837","region":"Delhi","surveillanceType":"camera","operator":"","description":""},"geometry":{"type":"Point","coordinates":[77.0922086,28.490432]}},{"type":"Feature","properties":{"id":"osm-10687708288","region":"Delhi","surveillanceType":"camera","operator":"","description":""},"geometry":{"type":"Point","coordinates":[77.0924756,28.4906775]}},{"type":"Feature","properties":{"id":"osm-10687727612","region":"Delhi","surveillanceType":"camera","operator":"","description":""},"geometry":{"type":"Point","coordinates":[77.0920688,28.4904873]}},{"type":"Feature","properties":{"id":"osm-10688215579","region":"Delhi","surveillanceType":"camera","operator":"","description":""},"geometry":{"type":"Point","coordinates":[77.0932099,28.4877556]}},{"type":"Feature","properties":{"id":"osm-10688241158","region":"Delhi","surveillanceType":"camera","operator":"","description":""},"geometry":{"type":"Point","coordinates":[77.092886,28.4879238]}},{"type":"Feature","properties":{"id":"osm-10688252720","region":"Delhi","surveillanceType":"camera","operator":"","description":""},"geometry":{"type":"Point","coordinates":[77.0921458,28.488763]}},{"type":"Feature","properties":{"id":"osm-10688304946","region":"Delhi","surveillanceType":"camera","operator":"","description":""},"geometry":{"type":"Point","coordinates":[77.0936333,28.4710038]}},{"type":"Feature","properties":{"id":"osm-10689796266","region":"Delhi","surveillanceType":"camera","operator":"","description":""},"geometry":{"type":"Point","coordinates":[77.0921072,28.4883908]}},{"type":"Feature","properties":{"id":"osm-10689847076","region":"Delhi","surveillanceType":"camera","operator":"","description":""},"geometry":{"type":"Point","coordinates":[77.0914556,28.4890231]}},{"type":"Feature","properties":{"id":"osm-10689851249","region":"Delhi","surveillanceType":"camera","operator":"","description":""},"geometry":{"type":"Point","coordinates":[77.0920805,28.4884214]}},{"type":"Feature","properties":{"id":"osm-10689865664","region":"Delhi","surveillanceType":"camera","operator":"","description":""},"geometry":{"type":"Point","coordinates":[77.0915907,28.4892918]}},{"type":"Feature","properties":{"id":"osm-10689880576","region":"Delhi","surveillanceType":"camera","operator":"","description":""},"geometry":{"type":"Point","coordinates":[77.0926077,28.4880696]}},{"type":"Feature","properties":{"id":"osm-10689891901","region":"Delhi","surveillanceType":"camera","operator":"","description":""},"geometry":{"type":"Point","coordinates":[77.0920031,28.48989]}},{"type":"Feature","properties":{"id":"osm-10689896312","region":"Delhi","surveillanceType":"camera","operator":"","description":""},"geometry":{"type":"Point","coordinates":[77.0917474,28.4895269]}},{"type":"Feature","properties":{"id":"osm-10690651794","region":"Delhi","surveillanceType":"camera","operator":"","description":""},"geometry":{"type":"Point","coordinates":[77.0921416,28.4922423]}},{"type":"Feature","properties":{"id":"osm-10690656839","region":"Delhi","surveillanceType":"camera","operator":"","description":""},"geometry":{"type":"Point","coordinates":[77.0919157,28.4907145]}},{"type":"Feature","properties":{"id":"osm-10690657643","region":"Delhi","surveillanceType":"camera","operator":"","description":""},"geometry":{"type":"Point","coordinates":[77.0932984,28.4937233]}},{"type":"Feature","properties":{"id":"osm-10690666137","region":"Delhi","surveillanceType":"camera","operator":"","description":""},"geometry":{"type":"Point","coordinates":[77.0935619,28.4935163]}},{"type":"Feature","properties":{"id":"osm-10690680971","region":"Delhi","surveillanceType":"camera","operator":"","description":""},"geometry":{"type":"Point","coordinates":[77.0918296,28.4911898]}},{"type":"Feature","properties":{"id":"osm-10690680972","region":"Delhi","surveillanceType":"camera","operator":"","description":""},"geometry":{"type":"Point","coordinates":[77.0916048,28.4897369]}},{"type":"Feature","properties":{"id":"osm-10690728012","region":"Delhi","surveillanceType":"camera","operator":"","description":""},"geometry":{"type":"Point","coordinates":[77.0918591,28.4904967]}},{"type":"Feature","properties":{"id":"osm-10690728013","region":"Delhi","surveillanceType":"camera","operator":"","description":""},"geometry":{"type":"Point","coordinates":[77.0917315,28.4899912]}},{"type":"Feature","properties":{"id":"osm-10690728109","region":"Delhi","surveillanceType":"camera","operator":"","description":""},"geometry":{"type":"Point","coordinates":[77.0937235,28.4714089]}},{"type":"Feature","properties":{"id":"osm-10690745149","region":"Delhi","surveillanceType":"camera","operator":"","description":""},"geometry":{"type":"Point","coordinates":[77.0937269,28.471376]}},{"type":"Feature","properties":{"id":"osm-10698686067","region":"Delhi","surveillanceType":"camera","operator":"","description":""},"geometry":{"type":"Point","coordinates":[77.0922497,28.4889815]}},{"type":"Feature","properties":{"id":"osm-10734749033","region":"Delhi","surveillanceType":"camera","operator":"","description":""},"geometry":{"type":"Point","coordinates":[77.217389,28.6004519]}},{"type":"Feature","properties":{"id":"osm-10734760972","region":"Delhi","surveillanceType":"camera","operator":"","description":""},"geometry":{"type":"Point","coordinates":[77.22214,28.6023782]}},{"type":"Feature","properties":{"id":"osm-10734766188","region":"Delhi","surveillanceType":"camera","operator":"","description":""},"geometry":{"type":"Point","coordinates":[77.2174164,28.6007398]}},{"type":"Feature","properties":{"id":"osm-10734766189","region":"Delhi","surveillanceType":"camera","operator":"","description":""},"geometry":{"type":"Point","coordinates":[77.2207645,28.6021485]}},{"type":"Feature","properties":{"id":"osm-10734776278","region":"Delhi","surveillanceType":"camera","operator":"","description":""},"geometry":{"type":"Point","coordinates":[77.2208812,28.6018731]}},{"type":"Feature","properties":{"id":"osm-10734780875","region":"Delhi","surveillanceType":"camera","operator":"","description":""},"geometry":{"type":"Point","coordinates":[77.2127457,28.5985385]}},{"type":"Feature","properties":{"id":"osm-10734781378","region":"Delhi","surveillanceType":"camera","operator":"","description":""},"geometry":{"type":"Point","coordinates":[77.2177668,28.60031]}},{"type":"Feature","properties":{"id":"osm-10734784068","region":"Delhi","surveillanceType":"camera","operator":"","description":""},"geometry":{"type":"Point","coordinates":[77.2158418,28.5999889]}},{"type":"Feature","properties":{"id":"osm-10734784172","region":"Delhi","surveillanceType":"camera","operator":"","description":""},"geometry":{"type":"Point","coordinates":[77.2177524,28.6008412]}},{"type":"Feature","properties":{"id":"osm-10734784173","region":"Delhi","surveillanceType":"camera","operator":"","description":""},"geometry":{"type":"Point","coordinates":[77.2208948,28.6021972]}},{"type":"Feature","properties":{"id":"osm-10734785410","region":"Delhi","surveillanceType":"camera","operator":"","description":""},"geometry":{"type":"Point","coordinates":[77.2206591,28.6021142]}},{"type":"Feature","properties":{"id":"osm-10734804875","region":"Delhi","surveillanceType":"camera","operator":"","description":""},"geometry":{"type":"Point","coordinates":[77.2142937,28.5992909]}},{"type":"Feature","properties":{"id":"osm-10734806251","region":"Delhi","surveillanceType":"camera","operator":"","description":""},"geometry":{"type":"Point","coordinates":[77.2179504,28.60067]}},{"type":"Feature","properties":{"id":"osm-10734817537","region":"Delhi","surveillanceType":"camera","operator":"","description":""},"geometry":{"type":"Point","coordinates":[77.2139026,28.599098]}},{"type":"Feature","properties":{"id":"osm-10734821130","region":"Delhi","surveillanceType":"camera","operator":"","description":""},"geometry":{"type":"Point","coordinates":[77.2143341,28.5989325]}},{"type":"Feature","properties":{"id":"osm-10734821131","region":"Delhi","surveillanceType":"camera","operator":"","description":""},"geometry":{"type":"Point","coordinates":[77.2201188,28.6015824]}},{"type":"Feature","properties":{"id":"osm-10765725196","region":"Delhi","surveillanceType":"camera","operator":"","description":""},"geometry":{"type":"Point","coordinates":[77.2117486,28.5980662]}},{"type":"Feature","properties":{"id":"osm-10765763843","region":"Delhi","surveillanceType":"camera","operator":"","description":""},"geometry":{"type":"Point","coordinates":[77.2126061,28.5981979]}},{"type":"Feature","properties":{"id":"osm-10778010904","region":"Delhi","surveillanceType":"camera","operator":"","description":""},"geometry":{"type":"Point","coordinates":[77.2232212,28.5972378]}},{"type":"Feature","properties":{"id":"osm-10778022372","region":"Delhi","surveillanceType":"camera","operator":"","description":""},"geometry":{"type":"Point","coordinates":[77.223431,28.5958188]}},{"type":"Feature","properties":{"id":"osm-10778031547","region":"Delhi","surveillanceType":"camera","operator":"","description":""},"geometry":{"type":"Point","coordinates":[77.2259831,28.5998608]}},{"type":"Feature","properties":{"id":"osm-10778043989","region":"Delhi","surveillanceType":"camera","operator":"","description":""},"geometry":{"type":"Point","coordinates":[77.2254969,28.5985725]}},{"type":"Feature","properties":{"id":"osm-10778047257","region":"Delhi","surveillanceType":"camera","operator":"","description":""},"geometry":{"type":"Point","coordinates":[77.2233057,28.5960904]}},{"type":"Feature","properties":{"id":"osm-10778048702","region":"Delhi","surveillanceType":"camera","operator":"","description":""},"geometry":{"type":"Point","coordinates":[77.2231931,28.5973708]}},{"type":"Feature","properties":{"id":"osm-10778055209","region":"Delhi","surveillanceType":"camera","operator":"","description":""},"geometry":{"type":"Point","coordinates":[77.2262605,28.6002394]}},{"type":"Feature","properties":{"id":"osm-10778056107","region":"Delhi","surveillanceType":"camera","operator":"","description":""},"geometry":{"type":"Point","coordinates":[77.2251771,28.5985797]}},{"type":"Feature","properties":{"id":"osm-10778060704","region":"Delhi","surveillanceType":"camera","operator":"","description":""},"geometry":{"type":"Point","coordinates":[77.2280348,28.6023154]}},{"type":"Feature","properties":{"id":"osm-10778065797","region":"Delhi","surveillanceType":"camera","operator":"","description":""},"geometry":{"type":"Point","coordinates":[77.2253705,28.6000854]}},{"type":"Feature","properties":{"id":"osm-10778075619","region":"Delhi","surveillanceType":"camera","operator":"","description":""},"geometry":{"type":"Point","coordinates":[77.2268099,28.6006075]}},{"type":"Feature","properties":{"id":"osm-10854320366","region":"Delhi","surveillanceType":"camera","operator":"","description":""},"geometry":{"type":"Point","coordinates":[77.0949904,28.4646411]}},{"type":"Feature","properties":{"id":"osm-10861576665","region":"Delhi","surveillanceType":"camera","operator":"","description":""},"geometry":{"type":"Point","coordinates":[77.0912901,28.4300439]}},{"type":"Feature","properties":{"id":"osm-10861595216","region":"Delhi","surveillanceType":"camera","operator":"","description":""},"geometry":{"type":"Point","coordinates":[77.0810658,28.429702]}},{"type":"Feature","properties":{"id":"osm-10869059209","region":"Delhi","surveillanceType":"camera","operator":"","description":""},"geometry":{"type":"Point","coordinates":[77.0753159,28.4306541]}},{"type":"Feature","properties":{"id":"osm-10873226887","region":"Delhi","surveillanceType":"camera","operator":"","description":""},"geometry":{"type":"Point","coordinates":[77.0496475,28.4342325]}},{"type":"Feature","properties":{"id":"osm-10873226888","region":"Delhi","surveillanceType":"camera","operator":"","description":""},"geometry":{"type":"Point","coordinates":[77.0487729,28.4349757]}},{"type":"Feature","properties":{"id":"osm-10873276838","region":"Delhi","surveillanceType":"camera","operator":"","description":""},"geometry":{"type":"Point","coordinates":[77.043348,28.43904]}},{"type":"Feature","properties":{"id":"osm-10886159409","region":"Delhi","surveillanceType":"camera","operator":"","description":"fixed"},"geometry":{"type":"Point","coordinates":[77.2899518,28.6224668]}},{"type":"Feature","properties":{"id":"osm-10892650721","region":"Delhi","surveillanceType":"camera","operator":"","description":""},"geometry":{"type":"Point","coordinates":[77.2237753,28.5907373]}},{"type":"Feature","properties":{"id":"osm-10893363149","region":"Delhi","surveillanceType":"camera","operator":"","description":""},"geometry":{"type":"Point","coordinates":[77.051666,28.4036956]}},{"type":"Feature","properties":{"id":"osm-10893366483","region":"Delhi","surveillanceType":"camera","operator":"","description":""},"geometry":{"type":"Point","coordinates":[77.0589599,28.4067217]}},{"type":"Feature","properties":{"id":"osm-10893389717","region":"Delhi","surveillanceType":"camera","operator":"","description":""},"geometry":{"type":"Point","coordinates":[77.0588877,28.4067891]}},{"type":"Feature","properties":{"id":"osm-10893398074","region":"Delhi","surveillanceType":"camera","operator":"","description":""},"geometry":{"type":"Point","coordinates":[77.0647035,28.4206473]}},{"type":"Feature","properties":{"id":"osm-10893411385","region":"Delhi","surveillanceType":"camera","operator":"","description":""},"geometry":{"type":"Point","coordinates":[77.0913875,28.4300532]}},{"type":"Feature","properties":{"id":"osm-10893440289","region":"Delhi","surveillanceType":"camera","operator":"","description":""},"geometry":{"type":"Point","coordinates":[77.0912598,28.429834]}},{"type":"Feature","properties":{"id":"osm-10893440290","region":"Delhi","surveillanceType":"camera","operator":"","description":""},"geometry":{"type":"Point","coordinates":[77.0912447,28.430034]}},{"type":"Feature","properties":{"id":"osm-10893906290","region":"Delhi","surveillanceType":"camera","operator":"","description":""},"geometry":{"type":"Point","coordinates":[77.0990474,28.4494085]}},{"type":"Feature","properties":{"id":"osm-10894124829","region":"Delhi","surveillanceType":"camera","operator":"","description":""},"geometry":{"type":"Point","coordinates":[77.0992274,28.4491809]}},{"type":"Feature","properties":{"id":"osm-10910444804","region":"Delhi","surveillanceType":"camera","operator":"","description":""},"geometry":{"type":"Point","coordinates":[77.2221279,28.6327525]}},{"type":"Feature","properties":{"id":"osm-10910506049","region":"Delhi","surveillanceType":"camera","operator":"","description":""},"geometry":{"type":"Point","coordinates":[77.2226248,28.6315601]}},{"type":"Feature","properties":{"id":"osm-10910508025","region":"Delhi","surveillanceType":"camera","operator":"","description":""},"geometry":{"type":"Point","coordinates":[77.2220798,28.6346802]}},{"type":"Feature","properties":{"id":"osm-10910515560","region":"Delhi","surveillanceType":"camera","operator":"","description":""},"geometry":{"type":"Point","coordinates":[77.2220439,28.6321896]}},{"type":"Feature","properties":{"id":"osm-10910516063","region":"Delhi","surveillanceType":"camera","operator":"","description":""},"geometry":{"type":"Point","coordinates":[77.2218449,28.6349228]}},{"type":"Feature","properties":{"id":"osm-10910524837","region":"Delhi","surveillanceType":"camera","operator":"","description":""},"geometry":{"type":"Point","coordinates":[77.2219187,28.6337835]}},{"type":"Feature","properties":{"id":"osm-10910526825","region":"Delhi","surveillanceType":"camera","operator":"","description":""},"geometry":{"type":"Point","coordinates":[77.2225648,28.6339822]}},{"type":"Feature","properties":{"id":"osm-10910532334","region":"Delhi","surveillanceType":"camera","operator":"","description":""},"geometry":{"type":"Point","coordinates":[77.2218979,28.6337398]}},{"type":"Feature","properties":{"id":"osm-10910637441","region":"Delhi","surveillanceType":"camera","operator":"","description":""},"geometry":{"type":"Point","coordinates":[77.2203915,28.6355606]}},{"type":"Feature","properties":{"id":"osm-10910638479","region":"Delhi","surveillanceType":"camera","operator":"","description":""},"geometry":{"type":"Point","coordinates":[77.2211104,28.6353555]}},{"type":"Feature","properties":{"id":"osm-10911260999","region":"Delhi","surveillanceType":"camera","operator":"","description":""},"geometry":{"type":"Point","coordinates":[77.0790316,28.4478271]}},{"type":"Feature","properties":{"id":"osm-10933855287","region":"Delhi","surveillanceType":"camera","operator":"","description":""},"geometry":{"type":"Point","coordinates":[77.2506785,28.5497893]}},{"type":"Feature","properties":{"id":"osm-10933869293","region":"Delhi","surveillanceType":"camera","operator":"","description":""},"geometry":{"type":"Point","coordinates":[77.2525805,28.5487023]}},{"type":"Feature","properties":{"id":"osm-10933881733","region":"Delhi","surveillanceType":"camera","operator":"","description":""},"geometry":{"type":"Point","coordinates":[77.2513115,28.5490596]}},{"type":"Feature","properties":{"id":"osm-10933896268","region":"Delhi","surveillanceType":"camera","operator":"","description":""},"geometry":{"type":"Point","coordinates":[77.2534425,28.5489202]}},{"type":"Feature","properties":{"id":"osm-10933911592","region":"Delhi","surveillanceType":"camera","operator":"","description":""},"geometry":{"type":"Point","coordinates":[77.2510644,28.5496666]}},{"type":"Feature","properties":{"id":"osm-10933915034","region":"Delhi","surveillanceType":"camera","operator":"","description":""},"geometry":{"type":"Point","coordinates":[77.2511719,28.5492446]}},{"type":"Feature","properties":{"id":"osm-10933923913","region":"Delhi","surveillanceType":"camera","operator":"","description":""},"geometry":{"type":"Point","coordinates":[77.2531202,28.5489121]}},{"type":"Feature","properties":{"id":"osm-10933926076","region":"Delhi","surveillanceType":"camera","operator":"","description":""},"geometry":{"type":"Point","coordinates":[77.2527401,28.5487581]}},{"type":"Feature","properties":{"id":"osm-10933931720","region":"Delhi","surveillanceType":"camera","operator":"","description":""},"geometry":{"type":"Point","coordinates":[77.252368,28.5486285]}},{"type":"Feature","properties":{"id":"osm-10933940549","region":"Delhi","surveillanceType":"camera","operator":"","description":""},"geometry":{"type":"Point","coordinates":[77.2508312,28.5496588]}},{"type":"Feature","properties":{"id":"osm-10933940552","region":"Delhi","surveillanceType":"camera","operator":"","description":""},"geometry":{"type":"Point","coordinates":[77.2506727,28.5497819]}},{"type":"Feature","properties":{"id":"osm-10933964246","region":"Delhi","surveillanceType":"camera","operator":"","description":""},"geometry":{"type":"Point","coordinates":[77.2514505,28.5479588]}},{"type":"Feature","properties":{"id":"osm-10933965751","region":"Delhi","surveillanceType":"camera","operator":"","description":""},"geometry":{"type":"Point","coordinates":[77.2513119,28.549856]}},{"type":"Feature","properties":{"id":"osm-10934010440","region":"Delhi","surveillanceType":"camera","operator":"","description":""},"geometry":{"type":"Point","coordinates":[77.251242,28.5502303]}},{"type":"Feature","properties":{"id":"osm-10946055377","region":"Delhi","surveillanceType":"camera","operator":"","description":"dome"},"geometry":{"type":"Point","coordinates":[77.2899637,28.6226809]}},{"type":"Feature","properties":{"id":"osm-10946055382","region":"Delhi","surveillanceType":"camera","operator":"","description":"fixed"},"geometry":{"type":"Point","coordinates":[77.2899692,28.622687]}},{"type":"Feature","properties":{"id":"osm-10946055383","region":"Delhi","surveillanceType":"camera","operator":"","description":"fixed"},"geometry":{"type":"Point","coordinates":[77.2899777,28.6226822]}},{"type":"Feature","properties":{"id":"osm-10946055392","region":"Delhi","surveillanceType":"camera","operator":"","description":"fixed"},"geometry":{"type":"Point","coordinates":[77.2899582,28.6226899]}},{"type":"Feature","properties":{"id":"osm-10969162386","region":"Delhi","surveillanceType":"camera","operator":"","description":""},"geometry":{"type":"Point","coordinates":[77.2250203,28.6566841]}},{"type":"Feature","properties":{"id":"osm-10969162388","region":"Delhi","surveillanceType":"camera","operator":"","description":""},"geometry":{"type":"Point","coordinates":[77.2254722,28.6564388]}},{"type":"Feature","properties":{"id":"osm-10969162390","region":"Delhi","surveillanceType":"camera","operator":"","description":""},"geometry":{"type":"Point","coordinates":[77.2238594,28.6567225]}},{"type":"Feature","properties":{"id":"osm-10969162392","region":"Delhi","surveillanceType":"camera","operator":"","description":""},"geometry":{"type":"Point","coordinates":[77.2266901,28.6565895]}},{"type":"Feature","properties":{"id":"osm-10969162393","region":"Delhi","surveillanceType":"camera","operator":"","description":""},"geometry":{"type":"Point","coordinates":[77.2244883,28.656697]}},{"type":"Feature","properties":{"id":"osm-10969162394","region":"Delhi","surveillanceType":"camera","operator":"","description":""},"geometry":{"type":"Point","coordinates":[77.224408,28.6567017]}},{"type":"Feature","properties":{"id":"osm-10969162395","region":"Delhi","surveillanceType":"camera","operator":"","description":""},"geometry":{"type":"Point","coordinates":[77.2257784,28.6566407]}},{"type":"Feature","properties":{"id":"osm-10969162397","region":"Delhi","surveillanceType":"camera","operator":"","description":""},"geometry":{"type":"Point","coordinates":[77.2234621,28.65673]}},{"type":"Feature","properties":{"id":"osm-10969162398","region":"Delhi","surveillanceType":"camera","operator":"","description":"fixed"},"geometry":{"type":"Point","coordinates":[77.2275415,28.6565637]}},{"type":"Feature","properties":{"id":"osm-10969162399","region":"Delhi","surveillanceType":"camera","operator":"","description":""},"geometry":{"type":"Point","coordinates":[77.2261499,28.6566221]}},{"type":"Feature","properties":{"id":"osm-10969162400","region":"Delhi","surveillanceType":"camera","operator":"","description":""},"geometry":{"type":"Point","coordinates":[77.2255618,28.656662]}},{"type":"Feature","properties":{"id":"osm-10969162401","region":"Delhi","surveillanceType":"camera","operator":"","description":""},"geometry":{"type":"Point","coordinates":[77.2268999,28.6565814]}},{"type":"Feature","properties":{"id":"osm-10969232948","region":"Delhi","surveillanceType":"camera","operator":"","description":""},"geometry":{"type":"Point","coordinates":[77.2261921,28.6564187]}},{"type":"Feature","properties":{"id":"osm-10969232949","region":"Delhi","surveillanceType":"camera","operator":"","description":""},"geometry":{"type":"Point","coordinates":[77.2282709,28.6562781]}},{"type":"Feature","properties":{"id":"osm-10969232951","region":"Delhi","surveillanceType":"camera","operator":"","description":""},"geometry":{"type":"Point","coordinates":[77.2241407,28.6565056]}},{"type":"Feature","properties":{"id":"osm-10969232952","region":"Delhi","surveillanceType":"camera","operator":"","description":""},"geometry":{"type":"Point","coordinates":[77.2265551,28.6563939]}},{"type":"Feature","properties":{"id":"osm-10969232954","region":"Delhi","surveillanceType":"camera","operator":"","description":""},"geometry":{"type":"Point","coordinates":[77.2275341,28.6562962]}},{"type":"Feature","properties":{"id":"osm-10969232956","region":"Delhi","surveillanceType":"camera","operator":"","description":""},"geometry":{"type":"Point","coordinates":[77.226887,28.6563757]}},{"type":"Feature","properties":{"id":"osm-11079585090","region":"Delhi","surveillanceType":"camera","operator":"","description":"fixed"},"geometry":{"type":"Point","coordinates":[77.2909696,28.621559]}},{"type":"Feature","properties":{"id":"osm-11079585091","region":"Delhi","surveillanceType":"camera","operator":"","description":"fixed"},"geometry":{"type":"Point","coordinates":[77.2902347,28.6216228]}},{"type":"Feature","properties":{"id":"osm-11079585093","region":"Delhi","surveillanceType":"camera","operator":"","description":"fixed"},"geometry":{"type":"Point","coordinates":[77.2909493,28.6215676]}},{"type":"Feature","properties":{"id":"osm-11079585096","region":"Delhi","surveillanceType":"camera","operator":"","description":"fixed"},"geometry":{"type":"Point","coordinates":[77.2905662,28.6215386]}},{"type":"Feature","properties":{"id":"osm-11079585100","region":"Delhi","surveillanceType":"camera","operator":"","description":"fixed"},"geometry":{"type":"Point","coordinates":[77.2898938,28.622128]}},{"type":"Feature","properties":{"id":"osm-11079598605","region":"Delhi","surveillanceType":"camera","operator":"","description":"fixed"},"geometry":{"type":"Point","coordinates":[77.2905897,28.6215497]}},{"type":"Feature","properties":{"id":"osm-11079598610","region":"Delhi","surveillanceType":"camera","operator":"","description":"fixed"},"geometry":{"type":"Point","coordinates":[77.2907802,28.621824]}},{"type":"Feature","properties":{"id":"osm-11079598613","region":"Delhi","surveillanceType":"camera","operator":"","description":"fixed"},"geometry":{"type":"Point","coordinates":[77.2899173,28.6220827]}},{"type":"Feature","properties":{"id":"osm-11079598618","region":"Delhi","surveillanceType":"camera","operator":"","description":"fixed"},"geometry":{"type":"Point","coordinates":[77.290774,28.6218384]}},{"type":"Feature","properties":{"id":"osm-11079598620","region":"Delhi","surveillanceType":"camera","operator":"","description":"fixed"},"geometry":{"type":"Point","coordinates":[77.2902057,28.6216646]}},{"type":"Feature","properties":{"id":"osm-11079598622","region":"Delhi","surveillanceType":"camera","operator":"","description":"fixed"},"geometry":{"type":"Point","coordinates":[77.2906571,28.6220712]}},{"type":"Feature","properties":{"id":"osm-11097084201","region":"Delhi","surveillanceType":"camera","operator":"","description":"fixed"},"geometry":{"type":"Point","coordinates":[77.277523,28.6304623]}},{"type":"Feature","properties":{"id":"osm-11097084204","region":"Delhi","surveillanceType":"camera","operator":"","description":"dome"},"geometry":{"type":"Point","coordinates":[77.2775228,28.6304625]}},{"type":"Feature","properties":{"id":"osm-11097129906","region":"Delhi","surveillanceType":"camera","operator":"","description":"fixed"},"geometry":{"type":"Point","coordinates":[77.2775227,28.6304623]}},{"type":"Feature","properties":{"id":"osm-11100739548","region":"Delhi","surveillanceType":"camera","operator":"","description":"fixed"},"geometry":{"type":"Point","coordinates":[77.2373051,28.6207086]}},{"type":"Feature","properties":{"id":"osm-286237814","region":"Beijing","surveillanceType":"camera","operator":"","description":"panning"},"geometry":{"type":"Point","coordinates":[116.2012172,40.0031291]}},{"type":"Feature","properties":{"id":"osm-295350394","region":"Beijing","surveillanceType":"camera","operator":"","description":"panning"},"geometry":{"type":"Point","coordinates":[116.2029849,39.9927765]}},{"type":"Feature","properties":{"id":"osm-1278005877","region":"Beijing","surveillanceType":"camera","operator":"","description":"panning"},"geometry":{"type":"Point","coordinates":[116.4565619,39.9650823]}},{"type":"Feature","properties":{"id":"osm-1351023625","region":"Beijing","surveillanceType":"camera","operator":"","description":"dome"},"geometry":{"type":"Point","coordinates":[116.4590683,39.9674045]}},{"type":"Feature","properties":{"id":"osm-1449318311","region":"Beijing","surveillanceType":"camera","operator":"","description":"panning"},"geometry":{"type":"Point","coordinates":[116.4257359,39.9228471]}},{"type":"Feature","properties":{"id":"osm-1710871455","region":"Beijing","surveillanceType":"camera","operator":"","description":"panning"},"geometry":{"type":"Point","coordinates":[116.4539956,39.9628095]}},{"type":"Feature","properties":{"id":"osm-2264666612","region":"Beijing","surveillanceType":"camera","operator":"","description":"dome"},"geometry":{"type":"Point","coordinates":[116.2179905,39.9951586]}},{"type":"Feature","properties":{"id":"osm-2264711428","region":"Beijing","surveillanceType":"camera","operator":"","description":"panning"},"geometry":{"type":"Point","coordinates":[116.230032,39.9792816]}},{"type":"Feature","properties":{"id":"osm-2264711488","region":"Beijing","surveillanceType":"camera","operator":"","description":"dome"},"geometry":{"type":"Point","coordinates":[116.2034318,39.9925604]}},{"type":"Feature","properties":{"id":"osm-2344092098","region":"Beijing","surveillanceType":"camera","operator":"","description":"panning"},"geometry":{"type":"Point","coordinates":[116.2029294,39.9958629]}},{"type":"Feature","properties":{"id":"osm-2345158428","region":"Beijing","surveillanceType":"camera","operator":"","description":"panning"},"geometry":{"type":"Point","coordinates":[116.2019167,40.0006396]}},{"type":"Feature","properties":{"id":"osm-3447121941","region":"Beijing","surveillanceType":"camera","operator":"","description":""},"geometry":{"type":"Point","coordinates":[116.4377793,39.9084317]}},{"type":"Feature","properties":{"id":"osm-3451002473","region":"Beijing","surveillanceType":"camera","operator":"","description":""},"geometry":{"type":"Point","coordinates":[116.4543133,39.9035051]}},{"type":"Feature","properties":{"id":"osm-3973034923","region":"Beijing","surveillanceType":"camera","operator":"","description":""},"geometry":{"type":"Point","coordinates":[116.3104705,39.9943695]}},{"type":"Feature","properties":{"id":"osm-3973034925","region":"Beijing","surveillanceType":"camera","operator":"","description":""},"geometry":{"type":"Point","coordinates":[116.310674,39.9947694]}},{"type":"Feature","properties":{"id":"osm-3973034927","region":"Beijing","surveillanceType":"camera","operator":"","description":""},"geometry":{"type":"Point","coordinates":[116.3110686,39.9948142]}},{"type":"Feature","properties":{"id":"osm-3973034928","region":"Beijing","surveillanceType":"camera","operator":"","description":""},"geometry":{"type":"Point","coordinates":[116.3110686,39.99521]}},{"type":"Feature","properties":{"id":"osm-3973034929","region":"Beijing","surveillanceType":"camera","operator":"","description":""},"geometry":{"type":"Point","coordinates":[116.3111924,39.995389]}},{"type":"Feature","properties":{"id":"osm-3973034930","region":"Beijing","surveillanceType":"camera","operator":"","description":""},"geometry":{"type":"Point","coordinates":[116.3119038,39.9952534]}},{"type":"Feature","properties":{"id":"osm-3973034931","region":"Beijing","surveillanceType":"camera","operator":"","description":""},"geometry":{"type":"Point","coordinates":[116.3102475,39.9952819]}},{"type":"Feature","properties":{"id":"osm-3973034932","region":"Beijing","surveillanceType":"camera","operator":"","description":""},"geometry":{"type":"Point","coordinates":[116.3110438,39.9955381]}},{"type":"Feature","properties":{"id":"osm-3973034933","region":"Beijing","surveillanceType":"camera","operator":"","description":""},"geometry":{"type":"Point","coordinates":[116.3097023,39.9953136]}},{"type":"Feature","properties":{"id":"osm-3973034934","region":"Beijing","surveillanceType":"camera","operator":"","description":""},"geometry":{"type":"Point","coordinates":[116.3127679,39.9954509]}},{"type":"Feature","properties":{"id":"osm-3973034935","region":"Beijing","surveillanceType":"camera","operator":"","description":""},"geometry":{"type":"Point","coordinates":[116.3133248,39.9953212]}},{"type":"Feature","properties":{"id":"osm-3973034937","region":"Beijing","surveillanceType":"camera","operator":"","description":""},"geometry":{"type":"Point","coordinates":[116.3127232,39.9957713]}},{"type":"Feature","properties":{"id":"osm-3973034940","region":"Beijing","surveillanceType":"camera","operator":"","description":""},"geometry":{"type":"Point","coordinates":[116.3134443,39.9947413]}},{"type":"Feature","properties":{"id":"osm-5697852617","region":"Beijing","surveillanceType":"camera","operator":"","description":"panning"},"geometry":{"type":"Point","coordinates":[116.2028842,39.993994]}},{"type":"Feature","properties":{"id":"osm-5706898037","region":"Beijing","surveillanceType":"camera","operator":"","description":"panning"},"geometry":{"type":"Point","coordinates":[116.2051196,39.9958468]}},{"type":"Feature","properties":{"id":"osm-5915226311","region":"Beijing","surveillanceType":"camera","operator":"","description":"fixed"},"geometry":{"type":"Point","coordinates":[116.2034247,39.9939503]}},{"type":"Feature","properties":{"id":"osm-5915226315","region":"Beijing","surveillanceType":"camera","operator":"","description":"panning"},"geometry":{"type":"Point","coordinates":[116.200682,39.9938258]}},{"type":"Feature","properties":{"id":"osm-5963557752","region":"Beijing","surveillanceType":"camera","operator":"","description":"dome"},"geometry":{"type":"Point","coordinates":[116.2015296,39.9917544]}},{"type":"Feature","properties":{"id":"osm-5963557753","region":"Beijing","surveillanceType":"camera","operator":"","description":"dome"},"geometry":{"type":"Point","coordinates":[116.2011347,39.991839]}},{"type":"Feature","properties":{"id":"osm-8725102328","region":"Beijing","surveillanceType":"camera","operator":"","description":"fixed"},"geometry":{"type":"Point","coordinates":[116.3280577,39.964507]}},{"type":"Feature","properties":{"id":"osm-8725102416","region":"Beijing","surveillanceType":"ALPR","operator":"","description":""},"geometry":{"type":"Point","coordinates":[116.3294079,39.9521153]}},{"type":"Feature","properties":{"id":"osm-8748745554","region":"Beijing","surveillanceType":"camera","operator":"","description":"dome"},"geometry":{"type":"Point","coordinates":[116.210065,39.9921482]}},{"type":"Feature","properties":{"id":"osm-9572467522","region":"Beijing","surveillanceType":"camera","operator":"","description":""},"geometry":{"type":"Point","coordinates":[116.3845833,40.0163325]}},{"type":"Feature","properties":{"id":"osm-10005514794","region":"Beijing","surveillanceType":"camera","operator":"","description":""},"geometry":{"type":"Point","coordinates":[116.2995519,39.986514]}},{"type":"Feature","properties":{"id":"osm-10005514795","region":"Beijing","surveillanceType":"camera","operator":"","description":""},"geometry":{"type":"Point","coordinates":[116.2995075,39.9867725]}},{"type":"Feature","properties":{"id":"osm-10005514796","region":"Beijing","surveillanceType":"camera","operator":"","description":""},"geometry":{"type":"Point","coordinates":[116.2994427,39.9871527]}},{"type":"Feature","properties":{"id":"osm-10005514797","region":"Beijing","surveillanceType":"camera","operator":"","description":""},"geometry":{"type":"Point","coordinates":[116.2999337,39.9872158]}},{"type":"Feature","properties":{"id":"osm-10005514798","region":"Beijing","surveillanceType":"camera","operator":"","description":""},"geometry":{"type":"Point","coordinates":[116.3002865,39.987289]}},{"type":"Feature","properties":{"id":"osm-10005514799","region":"Beijing","surveillanceType":"camera","operator":"","description":""},"geometry":{"type":"Point","coordinates":[116.3003088,39.9873669]}},{"type":"Feature","properties":{"id":"osm-10005514800","region":"Beijing","surveillanceType":"camera","operator":"","description":""},"geometry":{"type":"Point","coordinates":[116.3003042,39.9874684]}},{"type":"Feature","properties":{"id":"osm-10005514801","region":"Beijing","surveillanceType":"camera","operator":"","description":""},"geometry":{"type":"Point","coordinates":[116.2993221,39.9876253]}},{"type":"Feature","properties":{"id":"osm-10005514802","region":"Beijing","surveillanceType":"camera","operator":"","description":""},"geometry":{"type":"Point","coordinates":[116.3002948,39.9881835]}},{"type":"Feature","properties":{"id":"osm-10005514803","region":"Beijing","surveillanceType":"camera","operator":"","description":""},"geometry":{"type":"Point","coordinates":[116.3002489,39.988239]}},{"type":"Feature","properties":{"id":"osm-10005514804","region":"Beijing","surveillanceType":"camera","operator":"","description":""},"geometry":{"type":"Point","coordinates":[116.3002955,39.9885942]}},{"type":"Feature","properties":{"id":"osm-10005514805","region":"Beijing","surveillanceType":"camera","operator":"","description":""},"geometry":{"type":"Point","coordinates":[116.3004971,39.9890124]}},{"type":"Feature","properties":{"id":"osm-10005514806","region":"Beijing","surveillanceType":"camera","operator":"","description":""},"geometry":{"type":"Point","coordinates":[116.2997541,39.988975]}},{"type":"Feature","properties":{"id":"osm-10005514807","region":"Beijing","surveillanceType":"camera","operator":"","description":""},"geometry":{"type":"Point","coordinates":[116.299744,39.989116]}},{"type":"Feature","properties":{"id":"osm-10005514808","region":"Beijing","surveillanceType":"camera","operator":"","description":""},"geometry":{"type":"Point","coordinates":[116.2999544,39.9894111]}},{"type":"Feature","properties":{"id":"osm-10005514809","region":"Beijing","surveillanceType":"camera","operator":"","description":""},"geometry":{"type":"Point","coordinates":[116.2993547,39.9895256]}},{"type":"Feature","properties":{"id":"osm-10005514810","region":"Beijing","surveillanceType":"camera","operator":"","description":""},"geometry":{"type":"Point","coordinates":[116.2991199,39.9897763]}},{"type":"Feature","properties":{"id":"osm-10005514811","region":"Beijing","surveillanceType":"camera","operator":"","description":""},"geometry":{"type":"Point","coordinates":[116.2992846,39.9898355]}},{"type":"Feature","properties":{"id":"osm-10005514812","region":"Beijing","surveillanceType":"camera","operator":"","description":""},"geometry":{"type":"Point","coordinates":[116.2995305,39.9899874]}},{"type":"Feature","properties":{"id":"osm-10005514813","region":"Beijing","surveillanceType":"camera","operator":"","description":""},"geometry":{"type":"Point","coordinates":[116.2991199,39.9901275]}},{"type":"Feature","properties":{"id":"osm-10005514814","region":"Beijing","surveillanceType":"camera","operator":"","description":""},"geometry":{"type":"Point","coordinates":[116.2989675,39.9902622]}},{"type":"Feature","properties":{"id":"osm-10005514815","region":"Beijing","surveillanceType":"camera","operator":"","description":""},"geometry":{"type":"Point","coordinates":[116.2989979,39.9906267]}},{"type":"Feature","properties":{"id":"osm-10005514816","region":"Beijing","surveillanceType":"camera","operator":"","description":""},"geometry":{"type":"Point","coordinates":[116.2998404,39.9906783]}},{"type":"Feature","properties":{"id":"osm-10005516517","region":"Beijing","surveillanceType":"camera","operator":"","description":""},"geometry":{"type":"Point","coordinates":[116.2996802,39.9906801]}},{"type":"Feature","properties":{"id":"osm-10005516518","region":"Beijing","surveillanceType":"camera","operator":"","description":""},"geometry":{"type":"Point","coordinates":[116.2995985,39.9907202]}},{"type":"Feature","properties":{"id":"osm-10005516519","region":"Beijing","surveillanceType":"camera","operator":"","description":""},"geometry":{"type":"Point","coordinates":[116.2995438,39.9908996]}},{"type":"Feature","properties":{"id":"osm-10005516520","region":"Beijing","surveillanceType":"camera","operator":"","description":""},"geometry":{"type":"Point","coordinates":[116.2996902,39.9908317]}},{"type":"Feature","properties":{"id":"osm-10005516521","region":"Beijing","surveillanceType":"camera","operator":"","description":""},"geometry":{"type":"Point","coordinates":[116.2998496,39.9908317]}},{"type":"Feature","properties":{"id":"osm-10005516522","region":"Beijing","surveillanceType":"camera","operator":"","description":""},"geometry":{"type":"Point","coordinates":[116.3002523,39.9909915]}},{"type":"Feature","properties":{"id":"osm-10005516523","region":"Beijing","surveillanceType":"camera","operator":"","description":""},"geometry":{"type":"Point","coordinates":[116.3002004,39.9906792]}},{"type":"Feature","properties":{"id":"osm-10005516524","region":"Beijing","surveillanceType":"camera","operator":"","description":""},"geometry":{"type":"Point","coordinates":[116.3003458,39.9906138]}},{"type":"Feature","properties":{"id":"osm-10005516525","region":"Beijing","surveillanceType":"camera","operator":"","description":""},"geometry":{"type":"Point","coordinates":[116.3002929,39.9901279]}},{"type":"Feature","properties":{"id":"osm-10005516526","region":"Beijing","surveillanceType":"camera","operator":"","description":""},"geometry":{"type":"Point","coordinates":[116.3004992,39.9897822]}},{"type":"Feature","properties":{"id":"osm-10005516527","region":"Beijing","surveillanceType":"camera","operator":"","description":""},"geometry":{"type":"Point","coordinates":[116.3002966,39.9868251]}},{"type":"Feature","properties":{"id":"osm-10005516528","region":"Beijing","surveillanceType":"camera","operator":"","description":""},"geometry":{"type":"Point","coordinates":[116.3006429,39.9864512]}},{"type":"Feature","properties":{"id":"osm-10005516529","region":"Beijing","surveillanceType":"camera","operator":"","description":""},"geometry":{"type":"Point","coordinates":[116.3010684,39.9864525]}},{"type":"Feature","properties":{"id":"osm-10005516530","region":"Beijing","surveillanceType":"camera","operator":"","description":""},"geometry":{"type":"Point","coordinates":[116.3002398,39.9918452]}},{"type":"Feature","properties":{"id":"osm-10005516531","region":"Beijing","surveillanceType":"camera","operator":"","description":""},"geometry":{"type":"Point","coordinates":[116.3002156,39.992137]}},{"type":"Feature","properties":{"id":"osm-10005516532","region":"Beijing","surveillanceType":"camera","operator":"","description":""},"geometry":{"type":"Point","coordinates":[116.3000949,39.9921925]}},{"type":"Feature","properties":{"id":"osm-10005516533","region":"Beijing","surveillanceType":"camera","operator":"","description":""},"geometry":{"type":"Point","coordinates":[116.2997932,39.9921637]}},{"type":"Feature","properties":{"id":"osm-10005516534","region":"Beijing","surveillanceType":"camera","operator":"","description":""},"geometry":{"type":"Point","coordinates":[116.2990623,39.9922963]}},{"type":"Feature","properties":{"id":"osm-10005516535","region":"Beijing","surveillanceType":"camera","operator":"","description":""},"geometry":{"type":"Point","coordinates":[116.2987337,39.9925408]}},{"type":"Feature","properties":{"id":"osm-10005516536","region":"Beijing","surveillanceType":"camera","operator":"","description":""},"geometry":{"type":"Point","coordinates":[116.300111,39.991536]}},{"type":"Feature","properties":{"id":"osm-10005516537","region":"Beijing","surveillanceType":"camera","operator":"","description":""},"geometry":{"type":"Point","coordinates":[116.2999662,39.9911733]}},{"type":"Feature","properties":{"id":"osm-10005516538","region":"Beijing","surveillanceType":"camera","operator":"","description":""},"geometry":{"type":"Point","coordinates":[116.3007454,39.992024]}},{"type":"Feature","properties":{"id":"osm-10005516539","region":"Beijing","surveillanceType":"camera","operator":"","description":""},"geometry":{"type":"Point","coordinates":[116.3015116,39.9915653]}},{"type":"Feature","properties":{"id":"osm-10005516540","region":"Beijing","surveillanceType":"camera","operator":"","description":""},"geometry":{"type":"Point","coordinates":[116.3023727,39.9915377]}},{"type":"Feature","properties":{"id":"osm-10005516541","region":"Beijing","surveillanceType":"camera","operator":"","description":""},"geometry":{"type":"Point","coordinates":[116.3000067,39.992435]}},{"type":"Feature","properties":{"id":"osm-10005516542","region":"Beijing","surveillanceType":"camera","operator":"","description":""},"geometry":{"type":"Point","coordinates":[116.2996876,39.9924327]}},{"type":"Feature","properties":{"id":"osm-10005516543","region":"Beijing","surveillanceType":"camera","operator":"","description":""},"geometry":{"type":"Point","coordinates":[116.2993817,39.9925581]}},{"type":"Feature","properties":{"id":"osm-10005516544","region":"Beijing","surveillanceType":"camera","operator":"","description":""},"geometry":{"type":"Point","coordinates":[116.2994772,39.9929941]}},{"type":"Feature","properties":{"id":"osm-10005516545","region":"Beijing","surveillanceType":"camera","operator":"","description":""},"geometry":{"type":"Point","coordinates":[116.2998248,39.993276]}},{"type":"Feature","properties":{"id":"osm-10005516546","region":"Beijing","surveillanceType":"camera","operator":"","description":""},"geometry":{"type":"Point","coordinates":[116.2996662,39.9933406]}},{"type":"Feature","properties":{"id":"osm-10005516547","region":"Beijing","surveillanceType":"camera","operator":"","description":""},"geometry":{"type":"Point","coordinates":[116.3000657,39.9932495]}},{"type":"Feature","properties":{"id":"osm-10005516548","region":"Beijing","surveillanceType":"camera","operator":"","description":""},"geometry":{"type":"Point","coordinates":[116.3000748,39.9931506]}},{"type":"Feature","properties":{"id":"osm-10005516549","region":"Beijing","surveillanceType":"camera","operator":"","description":""},"geometry":{"type":"Point","coordinates":[116.3001927,39.9934878]}},{"type":"Feature","properties":{"id":"osm-10005516550","region":"Beijing","surveillanceType":"camera","operator":"","description":""},"geometry":{"type":"Point","coordinates":[116.2997486,39.993997]}},{"type":"Feature","properties":{"id":"osm-10005516559","region":"Beijing","surveillanceType":"camera","operator":"","description":""},"geometry":{"type":"Point","coordinates":[116.2991534,39.9933314]}},{"type":"Feature","properties":{"id":"osm-10005516560","region":"Beijing","surveillanceType":"camera","operator":"","description":""},"geometry":{"type":"Point","coordinates":[116.2987198,39.9933262]}},{"type":"Feature","properties":{"id":"osm-10005516561","region":"Beijing","surveillanceType":"camera","operator":"","description":""},"geometry":{"type":"Point","coordinates":[116.2986136,39.9936656]}},{"type":"Feature","properties":{"id":"osm-10005516562","region":"Beijing","surveillanceType":"camera","operator":"","description":""},"geometry":{"type":"Point","coordinates":[116.2985062,39.9940274]}},{"type":"Feature","properties":{"id":"osm-10005516563","region":"Beijing","surveillanceType":"camera","operator":"","description":""},"geometry":{"type":"Point","coordinates":[116.2989746,39.9946995]}},{"type":"Feature","properties":{"id":"osm-10005516564","region":"Beijing","surveillanceType":"camera","operator":"","description":""},"geometry":{"type":"Point","coordinates":[116.2994624,39.994698]}},{"type":"Feature","properties":{"id":"osm-10005516565","region":"Beijing","surveillanceType":"camera","operator":"","description":""},"geometry":{"type":"Point","coordinates":[116.3000239,39.9947016]}},{"type":"Feature","properties":{"id":"osm-10005516566","region":"Beijing","surveillanceType":"camera","operator":"","description":""},"geometry":{"type":"Point","coordinates":[116.3001302,39.9946108]}},{"type":"Feature","properties":{"id":"osm-10005516567","region":"Beijing","surveillanceType":"camera","operator":"","description":""},"geometry":{"type":"Point","coordinates":[116.3002727,39.9946468]}},{"type":"Feature","properties":{"id":"osm-10005516568","region":"Beijing","surveillanceType":"camera","operator":"","description":""},"geometry":{"type":"Point","coordinates":[116.300235,39.99454]}},{"type":"Feature","properties":{"id":"osm-10005516569","region":"Beijing","surveillanceType":"camera","operator":"","description":""},"geometry":{"type":"Point","coordinates":[116.3005007,39.9945943]}},{"type":"Feature","properties":{"id":"osm-10005516570","region":"Beijing","surveillanceType":"camera","operator":"","description":""},"geometry":{"type":"Point","coordinates":[116.3001757,39.9942673]}},{"type":"Feature","properties":{"id":"osm-10005516571","region":"Beijing","surveillanceType":"camera","operator":"","description":""},"geometry":{"type":"Point","coordinates":[116.3001674,39.9949383]}},{"type":"Feature","properties":{"id":"osm-10005516572","region":"Beijing","surveillanceType":"camera","operator":"","description":""},"geometry":{"type":"Point","coordinates":[116.3005095,39.9954707]}},{"type":"Feature","properties":{"id":"osm-10005516573","region":"Beijing","surveillanceType":"camera","operator":"","description":""},"geometry":{"type":"Point","coordinates":[116.3000404,39.9955776]}},{"type":"Feature","properties":{"id":"osm-10005516574","region":"Beijing","surveillanceType":"camera","operator":"","description":""},"geometry":{"type":"Point","coordinates":[116.3002693,39.9957426]}},{"type":"Feature","properties":{"id":"osm-10005516575","region":"Beijing","surveillanceType":"camera","operator":"","description":""},"geometry":{"type":"Point","coordinates":[116.2999803,39.9959197]}},{"type":"Feature","properties":{"id":"osm-10005516576","region":"Beijing","surveillanceType":"camera","operator":"","description":""},"geometry":{"type":"Point","coordinates":[116.3010439,39.9949216]}},{"type":"Feature","properties":{"id":"osm-10005516577","region":"Beijing","surveillanceType":"camera","operator":"","description":""},"geometry":{"type":"Point","coordinates":[116.3018036,39.9961061]}},{"type":"Feature","properties":{"id":"osm-10005516578","region":"Beijing","surveillanceType":"camera","operator":"","description":""},"geometry":{"type":"Point","coordinates":[116.3036329,39.9961784]}},{"type":"Feature","properties":{"id":"osm-10005516579","region":"Beijing","surveillanceType":"camera","operator":"","description":""},"geometry":{"type":"Point","coordinates":[116.3036573,39.9962968]}},{"type":"Feature","properties":{"id":"osm-10005516580","region":"Beijing","surveillanceType":"camera","operator":"","description":""},"geometry":{"type":"Point","coordinates":[116.3035943,39.9965787]}},{"type":"Feature","properties":{"id":"osm-10005516581","region":"Beijing","surveillanceType":"camera","operator":"","description":""},"geometry":{"type":"Point","coordinates":[116.3034917,39.9967795]}},{"type":"Feature","properties":{"id":"osm-10005516582","region":"Beijing","surveillanceType":"camera","operator":"","description":""},"geometry":{"type":"Point","coordinates":[116.3033911,39.997425]}},{"type":"Feature","properties":{"id":"osm-10005516583","region":"Beijing","surveillanceType":"camera","operator":"","description":""},"geometry":{"type":"Point","coordinates":[116.3039474,39.9976128]}},{"type":"Feature","properties":{"id":"osm-10005516584","region":"Beijing","surveillanceType":"camera","operator":"","description":""},"geometry":{"type":"Point","coordinates":[116.3042749,39.9977108]}},{"type":"Feature","properties":{"id":"osm-10005516585","region":"Beijing","surveillanceType":"camera","operator":"","description":""},"geometry":{"type":"Point","coordinates":[116.3048429,39.9977228]}},{"type":"Feature","properties":{"id":"osm-10005516586","region":"Beijing","surveillanceType":"camera","operator":"","description":""},"geometry":{"type":"Point","coordinates":[116.3053163,39.9975592]}},{"type":"Feature","properties":{"id":"osm-10005516587","region":"Beijing","surveillanceType":"camera","operator":"","description":""},"geometry":{"type":"Point","coordinates":[116.3054786,39.9967693]}},{"type":"Feature","properties":{"id":"osm-10005516588","region":"Beijing","surveillanceType":"camera","operator":"","description":""},"geometry":{"type":"Point","coordinates":[116.3047873,39.9962475]}},{"type":"Feature","properties":{"id":"osm-10005516589","region":"Beijing","surveillanceType":"camera","operator":"","description":""},"geometry":{"type":"Point","coordinates":[116.304769,39.995866]}},{"type":"Feature","properties":{"id":"osm-10005516590","region":"Beijing","surveillanceType":"camera","operator":"","description":""},"geometry":{"type":"Point","coordinates":[116.3046509,39.9946839]}},{"type":"Feature","properties":{"id":"osm-10005516591","region":"Beijing","surveillanceType":"camera","operator":"","description":""},"geometry":{"type":"Point","coordinates":[116.304842,39.9950784]}},{"type":"Feature","properties":{"id":"osm-10005516592","region":"Beijing","surveillanceType":"camera","operator":"","description":""},"geometry":{"type":"Point","coordinates":[116.3054833,39.992836]}},{"type":"Feature","properties":{"id":"osm-10005516593","region":"Beijing","surveillanceType":"camera","operator":"","description":""},"geometry":{"type":"Point","coordinates":[116.3059728,39.9931217]}},{"type":"Feature","properties":{"id":"osm-10005516594","region":"Beijing","surveillanceType":"camera","operator":"","description":""},"geometry":{"type":"Point","coordinates":[116.3061163,39.9927415]}},{"type":"Feature","properties":{"id":"osm-10005516595","region":"Beijing","surveillanceType":"camera","operator":"","description":""},"geometry":{"type":"Point","coordinates":[116.3062786,39.9924446]}},{"type":"Feature","properties":{"id":"osm-10005516596","region":"Beijing","surveillanceType":"camera","operator":"","description":""},"geometry":{"type":"Point","coordinates":[116.3061735,39.9917488]}},{"type":"Feature","properties":{"id":"osm-10005516597","region":"Beijing","surveillanceType":"camera","operator":"","description":""},"geometry":{"type":"Point","coordinates":[116.3055468,39.9918064]}},{"type":"Feature","properties":{"id":"osm-10005516598","region":"Beijing","surveillanceType":"camera","operator":"","description":""},"geometry":{"type":"Point","coordinates":[116.3054492,39.9914972]}},{"type":"Feature","properties":{"id":"osm-10005516599","region":"Beijing","surveillanceType":"camera","operator":"","description":""},"geometry":{"type":"Point","coordinates":[116.3047332,39.9915286]}},{"type":"Feature","properties":{"id":"osm-10005516600","region":"Beijing","surveillanceType":"camera","operator":"","description":""},"geometry":{"type":"Point","coordinates":[116.3048479,39.9915475]}},{"type":"Feature","properties":{"id":"osm-10005516601","region":"Beijing","surveillanceType":"camera","operator":"","description":""},"geometry":{"type":"Point","coordinates":[116.3048217,39.9912837]}},{"type":"Feature","properties":{"id":"osm-10005516602","region":"Beijing","surveillanceType":"camera","operator":"","description":""},"geometry":{"type":"Point","coordinates":[116.3045937,39.9913327]}},{"type":"Feature","properties":{"id":"osm-10005516603","region":"Beijing","surveillanceType":"camera","operator":"","description":""},"geometry":{"type":"Point","coordinates":[116.3042541,39.9912453]}},{"type":"Feature","properties":{"id":"osm-10005516604","region":"Beijing","surveillanceType":"camera","operator":"","description":""},"geometry":{"type":"Point","coordinates":[116.3044035,39.991405]}},{"type":"Feature","properties":{"id":"osm-10005516605","region":"Beijing","surveillanceType":"camera","operator":"","description":""},"geometry":{"type":"Point","coordinates":[116.3042929,39.9914373]}},{"type":"Feature","properties":{"id":"osm-10005516606","region":"Beijing","surveillanceType":"camera","operator":"","description":""},"geometry":{"type":"Point","coordinates":[116.3049454,39.9910321]}},{"type":"Feature","properties":{"id":"osm-10005516607","region":"Beijing","surveillanceType":"camera","operator":"","description":""},"geometry":{"type":"Point","coordinates":[116.304981,39.9903375]}},{"type":"Feature","properties":{"id":"osm-10005516608","region":"Beijing","surveillanceType":"camera","operator":"","description":""},"geometry":{"type":"Point","coordinates":[116.3048905,39.9901654]}},{"type":"Feature","properties":{"id":"osm-10005516609","region":"Beijing","surveillanceType":"camera","operator":"","description":""},"geometry":{"type":"Point","coordinates":[116.3050532,39.9899201]}},{"type":"Feature","properties":{"id":"osm-10005516610","region":"Beijing","surveillanceType":"camera","operator":"","description":""},"geometry":{"type":"Point","coordinates":[116.304792,39.9899638]}},{"type":"Feature","properties":{"id":"osm-10005516611","region":"Beijing","surveillanceType":"camera","operator":"","description":""},"geometry":{"type":"Point","coordinates":[116.3046985,39.9899373]}},{"type":"Feature","properties":{"id":"osm-10005516612","region":"Beijing","surveillanceType":"camera","operator":"","description":""},"geometry":{"type":"Point","coordinates":[116.3043854,39.9899435]}},{"type":"Feature","properties":{"id":"osm-10005516613","region":"Beijing","surveillanceType":"camera","operator":"","description":""},"geometry":{"type":"Point","coordinates":[116.30372,39.9899706]}},{"type":"Feature","properties":{"id":"osm-10005516624","region":"Beijing","surveillanceType":"camera","operator":"","description":""},"geometry":{"type":"Point","coordinates":[116.3029004,39.9895959]}},{"type":"Feature","properties":{"id":"osm-10005516625","region":"Beijing","surveillanceType":"camera","operator":"","description":""},"geometry":{"type":"Point","coordinates":[116.3025182,39.9894962]}},{"type":"Feature","properties":{"id":"osm-1543708031","region":"Shanghai","surveillanceType":"outdoor","operator":"","description":""},"geometry":{"type":"Point","coordinates":[121.3414274,31.1933467]}},{"type":"Feature","properties":{"id":"osm-4356784868","region":"Shanghai","surveillanceType":"camera","operator":"","description":""},"geometry":{"type":"Point","coordinates":[121.4645535,31.2296386]}},{"type":"Feature","properties":{"id":"osm-4364843461","region":"Shanghai","surveillanceType":"camera","operator":"","description":""},"geometry":{"type":"Point","coordinates":[121.4429825,31.2273532]}},{"type":"Feature","properties":{"id":"osm-4364843462","region":"Shanghai","surveillanceType":"camera","operator":"","description":""},"geometry":{"type":"Point","coordinates":[121.4429017,31.2273253]}},{"type":"Feature","properties":{"id":"osm-4364843463","region":"Shanghai","surveillanceType":"camera","operator":"","description":""},"geometry":{"type":"Point","coordinates":[121.4430237,31.2272428]}},{"type":"Feature","properties":{"id":"osm-4381580533","region":"Shanghai","surveillanceType":"camera","operator":"","description":""},"geometry":{"type":"Point","coordinates":[121.4642558,31.2309134]}},{"type":"Feature","properties":{"id":"osm-4397696149","region":"Shanghai","surveillanceType":"camera","operator":"","description":""},"geometry":{"type":"Point","coordinates":[121.4600814,31.2328563]}},{"type":"Feature","properties":{"id":"osm-4729028224","region":"Shanghai","surveillanceType":"guard","operator":"","description":""},"geometry":{"type":"Point","coordinates":[121.46684,31.2275484]}},{"type":"Feature","properties":{"id":"osm-6317679146","region":"Shanghai","surveillanceType":"public","operator":"","description":""},"geometry":{"type":"Point","coordinates":[121.445908,31.2104258]}},{"type":"Feature","properties":{"id":"osm-6317679168","region":"Shanghai","surveillanceType":"camera","operator":"","description":""},"geometry":{"type":"Point","coordinates":[121.4449985,31.2105173]}},{"type":"Feature","properties":{"id":"osm-6317679170","region":"Shanghai","surveillanceType":"camera","operator":"","description":""},"geometry":{"type":"Point","coordinates":[121.4447498,31.2105089]}},{"type":"Feature","properties":{"id":"osm-6317679173","region":"Shanghai","surveillanceType":"camera","operator":"","description":"dome"},"geometry":{"type":"Point","coordinates":[121.4447012,31.2104379]}},{"type":"Feature","properties":{"id":"osm-6318905282","region":"Shanghai","surveillanceType":"camera","operator":"","description":""},"geometry":{"type":"Point","coordinates":[121.4442389,31.2105843]}},{"type":"Feature","properties":{"id":"osm-6318910389","region":"Shanghai","surveillanceType":"camera","operator":"","description":""},"geometry":{"type":"Point","coordinates":[121.4435954,31.2106176]}},{"type":"Feature","properties":{"id":"osm-6339504008","region":"Shanghai","surveillanceType":"camera","operator":"","description":""},"geometry":{"type":"Point","coordinates":[121.4454515,31.212214]}},{"type":"Feature","properties":{"id":"osm-6339504011","region":"Shanghai","surveillanceType":"camera","operator":"","description":""},"geometry":{"type":"Point","coordinates":[121.4454583,31.21237]}},{"type":"Feature","properties":{"id":"osm-6339504012","region":"Shanghai","surveillanceType":"camera","operator":"","description":""},"geometry":{"type":"Point","coordinates":[121.4454204,31.2123716]}},{"type":"Feature","properties":{"id":"osm-6339504013","region":"Shanghai","surveillanceType":"camera","operator":"","description":"dome"},"geometry":{"type":"Point","coordinates":[121.4453159,31.2123505]}},{"type":"Feature","properties":{"id":"osm-6339504018","region":"Shanghai","surveillanceType":"camera","operator":"","description":"dome"},"geometry":{"type":"Point","coordinates":[121.4452732,31.2124399]}},{"type":"Feature","properties":{"id":"osm-6734790892","region":"Shanghai","surveillanceType":"camera","operator":"","description":"dome"},"geometry":{"type":"Point","coordinates":[121.2723883,31.2350517]}},{"type":"Feature","properties":{"id":"osm-6854736452","region":"Shanghai","surveillanceType":"camera","operator":"","description":""},"geometry":{"type":"Point","coordinates":[121.3670481,31.2180938]}},{"type":"Feature","properties":{"id":"osm-6854736453","region":"Shanghai","surveillanceType":"camera","operator":"","description":""},"geometry":{"type":"Point","coordinates":[121.3667317,31.2181065]}},{"type":"Feature","properties":{"id":"osm-6854736454","region":"Shanghai","surveillanceType":"camera","operator":"","description":""},"geometry":{"type":"Point","coordinates":[121.3667436,31.2181084]}},{"type":"Feature","properties":{"id":"osm-6854736455","region":"Shanghai","surveillanceType":"camera","operator":"","description":""},"geometry":{"type":"Point","coordinates":[121.3667258,31.218116]}},{"type":"Feature","properties":{"id":"osm-7183339369","region":"Shanghai","surveillanceType":"camera","operator":"","description":""},"geometry":{"type":"Point","coordinates":[121.3702633,31.2208983]}},{"type":"Feature","properties":{"id":"osm-7183412868","region":"Shanghai","surveillanceType":"camera","operator":"","description":""},"geometry":{"type":"Point","coordinates":[121.3702637,31.2208929]}},{"type":"Feature","properties":{"id":"osm-7317787775","region":"Shanghai","surveillanceType":"dome","operator":"","description":""},"geometry":{"type":"Point","coordinates":[121.360355,31.2335233]}},{"type":"Feature","properties":{"id":"osm-7620890797","region":"Shanghai","surveillanceType":"camera","operator":"","description":""},"geometry":{"type":"Point","coordinates":[121.426998,31.2214734]}},{"type":"Feature","properties":{"id":"osm-8280430054","region":"Shanghai","surveillanceType":"camera","operator":"","description":""},"geometry":{"type":"Point","coordinates":[121.34242,31.2229667]}},{"type":"Feature","properties":{"id":"osm-8280460111","region":"Shanghai","surveillanceType":"camera","operator":"","description":""},"geometry":{"type":"Point","coordinates":[121.3465797,31.2135012]}},{"type":"Feature","properties":{"id":"osm-8280485335","region":"Shanghai","surveillanceType":"camera","operator":"","description":""},"geometry":{"type":"Point","coordinates":[121.3477849,31.212352]}},{"type":"Feature","properties":{"id":"osm-8280485345","region":"Shanghai","surveillanceType":"camera","operator":"","description":""},"geometry":{"type":"Point","coordinates":[121.348685,31.2103889]}},{"type":"Feature","properties":{"id":"osm-8280485348","region":"Shanghai","surveillanceType":"camera","operator":"","description":""},"geometry":{"type":"Point","coordinates":[121.3482468,31.2094468]}},{"type":"Feature","properties":{"id":"osm-8280485365","region":"Shanghai","surveillanceType":"camera","operator":"","description":""},"geometry":{"type":"Point","coordinates":[121.3488863,31.2087742]}},{"type":"Feature","properties":{"id":"osm-8280485366","region":"Shanghai","surveillanceType":"camera","operator":"","description":""},"geometry":{"type":"Point","coordinates":[121.3484884,31.208442]}},{"type":"Feature","properties":{"id":"osm-8280485371","region":"Shanghai","surveillanceType":"camera","operator":"","description":""},"geometry":{"type":"Point","coordinates":[121.3488863,31.2069711]}},{"type":"Feature","properties":{"id":"osm-8280485376","region":"Shanghai","surveillanceType":"camera","operator":"","description":""},"geometry":{"type":"Point","coordinates":[121.3491422,31.2053138]}},{"type":"Feature","properties":{"id":"osm-8280485396","region":"Shanghai","surveillanceType":"camera","operator":"","description":""},"geometry":{"type":"Point","coordinates":[121.3498962,31.2032977]}},{"type":"Feature","properties":{"id":"osm-8280485405","region":"Shanghai","surveillanceType":"camera","operator":"","description":""},"geometry":{"type":"Point","coordinates":[121.3500683,31.2016988]}},{"type":"Feature","properties":{"id":"osm-8280485406","region":"Shanghai","surveillanceType":"camera","operator":"","description":""},"geometry":{"type":"Point","coordinates":[121.3502553,31.2007051]}},{"type":"Feature","properties":{"id":"osm-8280499551","region":"Shanghai","surveillanceType":"camera","operator":"","description":""},"geometry":{"type":"Point","coordinates":[121.3419049,31.2398464]}},{"type":"Feature","properties":{"id":"osm-8308136205","region":"Shanghai","surveillanceType":"camera","operator":"","description":""},"geometry":{"type":"Point","coordinates":[121.3561061,31.2198899]}},{"type":"Feature","properties":{"id":"osm-8356704774","region":"Shanghai","surveillanceType":"camera","operator":"","description":""},"geometry":{"type":"Point","coordinates":[121.3576934,31.2274333]}},{"type":"Feature","properties":{"id":"osm-8356815818","region":"Shanghai","surveillanceType":"camera","operator":"","description":""},"geometry":{"type":"Point","coordinates":[121.3586982,31.2275815]}},{"type":"Feature","properties":{"id":"osm-8356830703","region":"Shanghai","surveillanceType":"camera","operator":"","description":""},"geometry":{"type":"Point","coordinates":[121.3589569,31.2275718]}},{"type":"Feature","properties":{"id":"osm-8356831527","region":"Shanghai","surveillanceType":"camera","operator":"","description":""},"geometry":{"type":"Point","coordinates":[121.3586803,31.2276374]}},{"type":"Feature","properties":{"id":"osm-8356832272","region":"Shanghai","surveillanceType":"camera","operator":"","description":""},"geometry":{"type":"Point","coordinates":[121.361536,31.2268473]}},{"type":"Feature","properties":{"id":"osm-8356833279","region":"Shanghai","surveillanceType":"camera","operator":"","description":""},"geometry":{"type":"Point","coordinates":[121.3601663,31.2276627]}},{"type":"Feature","properties":{"id":"osm-8365959567","region":"Shanghai","surveillanceType":"camera","operator":"","description":""},"geometry":{"type":"Point","coordinates":[121.3582297,31.2256403]}},{"type":"Feature","properties":{"id":"osm-8365971883","region":"Shanghai","surveillanceType":"dome","operator":"","description":""},"geometry":{"type":"Point","coordinates":[121.3612971,31.2256809]}},{"type":"Feature","properties":{"id":"osm-8366140268","region":"Shanghai","surveillanceType":"dome","operator":"","description":""},"geometry":{"type":"Point","coordinates":[121.361971,31.2254451]}},{"type":"Feature","properties":{"id":"osm-8366151726","region":"Shanghai","surveillanceType":"dome","operator":"","description":""},"geometry":{"type":"Point","coordinates":[121.3617878,31.2258868]}},{"type":"Feature","properties":{"id":"osm-8374114608","region":"Shanghai","surveillanceType":"camera","operator":"","description":""},"geometry":{"type":"Point","coordinates":[121.3580072,31.2236105]}},{"type":"Feature","properties":{"id":"osm-8374471144","region":"Shanghai","surveillanceType":"camera","operator":"","description":""},"geometry":{"type":"Point","coordinates":[121.3623389,31.2252827]}},{"type":"Feature","properties":{"id":"osm-8374472581","region":"Shanghai","surveillanceType":"camera","operator":"","description":""},"geometry":{"type":"Point","coordinates":[121.3574061,31.2274818]}},{"type":"Feature","properties":{"id":"osm-8377368599","region":"Shanghai","surveillanceType":"camera","operator":"","description":""},"geometry":{"type":"Point","coordinates":[121.3581861,31.2251109]}},{"type":"Feature","properties":{"id":"osm-8493298316","region":"Shanghai","surveillanceType":"camera","operator":"","description":""},"geometry":{"type":"Point","coordinates":[121.3588759,31.2235603]}},{"type":"Feature","properties":{"id":"osm-8493352107","region":"Shanghai","surveillanceType":"camera","operator":"","description":""},"geometry":{"type":"Point","coordinates":[121.3587521,31.223631]}},{"type":"Feature","properties":{"id":"osm-8493391720","region":"Shanghai","surveillanceType":"camera","operator":"","description":""},"geometry":{"type":"Point","coordinates":[121.3587214,31.2237195]}},{"type":"Feature","properties":{"id":"osm-8493391851","region":"Shanghai","surveillanceType":"camera","operator":"","description":""},"geometry":{"type":"Point","coordinates":[121.3587525,31.2236466]}},{"type":"Feature","properties":{"id":"osm-8493398143","region":"Shanghai","surveillanceType":"camera","operator":"","description":""},"geometry":{"type":"Point","coordinates":[121.3588764,31.2240332]}},{"type":"Feature","properties":{"id":"osm-8493398252","region":"Shanghai","surveillanceType":"camera","operator":"","description":""},"geometry":{"type":"Point","coordinates":[121.3587233,31.2235934]}},{"type":"Feature","properties":{"id":"osm-12958990270","region":"Shanghai","surveillanceType":"camera","operator":"","description":""},"geometry":{"type":"Point","coordinates":[121.504776,31.2405392]}},{"type":"Feature","properties":{"id":"osm-12959021149","region":"Shanghai","surveillanceType":"camera","operator":"","description":""},"geometry":{"type":"Point","coordinates":[121.5018207,31.2411984]}},{"type":"Feature","properties":{"id":"osm-12959022611","region":"Shanghai","surveillanceType":"camera","operator":"","description":""},"geometry":{"type":"Point","coordinates":[121.504764,31.2404153]}},{"type":"Feature","properties":{"id":"osm-12959026408","region":"Shanghai","surveillanceType":"camera","operator":"","description":""},"geometry":{"type":"Point","coordinates":[121.5053387,31.2406885]}},{"type":"Feature","properties":{"id":"osm-12959026537","region":"Shanghai","surveillanceType":"camera","operator":"","description":""},"geometry":{"type":"Point","coordinates":[121.5040344,31.2397301]}},{"type":"Feature","properties":{"id":"osm-12959057805","region":"Shanghai","surveillanceType":"camera","operator":"","description":""},"geometry":{"type":"Point","coordinates":[121.5017829,31.2396761]}},{"type":"Feature","properties":{"id":"osm-12959206817","region":"Shanghai","surveillanceType":"camera","operator":"","description":""},"geometry":{"type":"Point","coordinates":[121.4863905,31.2442355]}},{"type":"Feature","properties":{"id":"osm-12965632612","region":"Shanghai","surveillanceType":"camera","operator":"","description":""},"geometry":{"type":"Point","coordinates":[121.5540423,31.2177483]}},{"type":"Feature","properties":{"id":"osm-13077641159","region":"Shanghai","surveillanceType":"camera","operator":"","description":"fixed"},"geometry":{"type":"Point","coordinates":[121.4610208,31.1617131]}},{"type":"Feature","properties":{"id":"osm-13077641175","region":"Shanghai","surveillanceType":"camera","operator":"","description":"fixed"},"geometry":{"type":"Point","coordinates":[121.4602207,31.1691621]}},{"type":"Feature","properties":{"id":"osm-13077641177","region":"Shanghai","surveillanceType":"camera","operator":"","description":"fixed"},"geometry":{"type":"Point","coordinates":[121.4589883,31.169685]}},{"type":"Feature","properties":{"id":"osm-13077641191","region":"Shanghai","surveillanceType":"camera","operator":"","description":""},"geometry":{"type":"Point","coordinates":[121.4579416,31.1760076]}},{"type":"Feature","properties":{"id":"osm-13077641192","region":"Shanghai","surveillanceType":"camera","operator":"","description":"dome"},"geometry":{"type":"Point","coordinates":[121.4576878,31.1770819]}},{"type":"Feature","properties":{"id":"osm-13077641193","region":"Shanghai","surveillanceType":"camera","operator":"","description":"dome"},"geometry":{"type":"Point","coordinates":[121.4577049,31.1772362]}},{"type":"Feature","properties":{"id":"osm-13081330548","region":"Shanghai","surveillanceType":"guard","operator":"","description":""},"geometry":{"type":"Point","coordinates":[121.3893992,31.1324404]}},{"type":"Feature","properties":{"id":"osm-13081592767","region":"Shanghai","surveillanceType":"camera","operator":"","description":""},"geometry":{"type":"Point","coordinates":[121.4861596,31.2402765]}},{"type":"Feature","properties":{"id":"osm-13725060598","region":"Shanghai","surveillanceType":"camera","operator":"","description":""},"geometry":{"type":"Point","coordinates":[121.4863767,31.2472257]}},{"type":"Feature","properties":{"id":"osm-13725088672","region":"Shanghai","surveillanceType":"camera","operator":"","description":""},"geometry":{"type":"Point","coordinates":[121.4862213,31.2459135]}},{"type":"Feature","properties":{"id":"osm-13725088686","region":"Shanghai","surveillanceType":"camera","operator":"","description":""},"geometry":{"type":"Point","coordinates":[121.4901405,31.2475522]}},{"type":"Feature","properties":{"id":"osm-13725135928","region":"Shanghai","surveillanceType":"camera","operator":"","description":""},"geometry":{"type":"Point","coordinates":[121.4906844,31.2469077]}},{"type":"Feature","properties":{"id":"osm-13725135934","region":"Shanghai","surveillanceType":"camera","operator":"","description":""},"geometry":{"type":"Point","coordinates":[121.4895351,31.2472802]}},{"type":"Feature","properties":{"id":"osm-13725165456","region":"Shanghai","surveillanceType":"camera","operator":"","description":""},"geometry":{"type":"Point","coordinates":[121.4875728,31.2483207]}},{"type":"Feature","properties":{"id":"osm-13725186353","region":"Shanghai","surveillanceType":"camera","operator":"","description":""},"geometry":{"type":"Point","coordinates":[121.4891702,31.2470558]}},{"type":"Feature","properties":{"id":"osm-13725202010","region":"Shanghai","surveillanceType":"camera","operator":"","description":""},"geometry":{"type":"Point","coordinates":[121.4892795,31.2471521]}},{"type":"Feature","properties":{"id":"osm-1719431929","region":"Hong Kong","surveillanceType":"camera","operator":"","description":""},"geometry":{"type":"Point","coordinates":[113.9668971,22.3732275]}},{"type":"Feature","properties":{"id":"osm-1723727147","region":"Hong Kong","surveillanceType":"public","operator":"","description":"dome"},"geometry":{"type":"Point","coordinates":[114.1685195,22.3107734]}},{"type":"Feature","properties":{"id":"osm-2412023843","region":"Hong Kong","surveillanceType":"outdoor","operator":"","description":"fixed"},"geometry":{"type":"Point","coordinates":[114.167298,22.2997546]}},{"type":"Feature","properties":{"id":"osm-2531982470","region":"Hong Kong","surveillanceType":"camera","operator":"","description":""},"geometry":{"type":"Point","coordinates":[114.0201414,22.2944036]}},{"type":"Feature","properties":{"id":"osm-2560879533","region":"Hong Kong","surveillanceType":"public","operator":"","description":"dome"},"geometry":{"type":"Point","coordinates":[114.1650819,22.2988606]}},{"type":"Feature","properties":{"id":"osm-2560879537","region":"Hong Kong","surveillanceType":"outdoor","operator":"","description":"fixed"},"geometry":{"type":"Point","coordinates":[114.1669691,22.2993666]}},{"type":"Feature","properties":{"id":"osm-2560879541","region":"Hong Kong","surveillanceType":"outdoor","operator":"","description":"fixed"},"geometry":{"type":"Point","coordinates":[114.1673112,22.2995159]}},{"type":"Feature","properties":{"id":"osm-2716741567","region":"Hong Kong","surveillanceType":"camera","operator":"","description":"dome"},"geometry":{"type":"Point","coordinates":[114.1870517,22.2834154]}},{"type":"Feature","properties":{"id":"osm-3546366283","region":"Hong Kong","surveillanceType":"camera","operator":"","description":"fixed"},"geometry":{"type":"Point","coordinates":[114.1559638,22.4522661]}},{"type":"Feature","properties":{"id":"osm-3546366284","region":"Hong Kong","surveillanceType":"camera","operator":"","description":"fixed"},"geometry":{"type":"Point","coordinates":[114.1559544,22.4524738]}},{"type":"Feature","properties":{"id":"osm-5011970824","region":"Hong Kong","surveillanceType":"camera","operator":"","description":""},"geometry":{"type":"Point","coordinates":[113.9269324,22.5419775]}},{"type":"Feature","properties":{"id":"osm-5011989922","region":"Hong Kong","surveillanceType":"camera","operator":"","description":""},"geometry":{"type":"Point","coordinates":[113.9268151,22.5386309]}},{"type":"Feature","properties":{"id":"osm-5012034528","region":"Hong Kong","surveillanceType":"camera","operator":"","description":""},"geometry":{"type":"Point","coordinates":[113.9267052,22.5352063]}},{"type":"Feature","properties":{"id":"osm-5012034730","region":"Hong Kong","surveillanceType":"camera","operator":"","description":""},"geometry":{"type":"Point","coordinates":[113.926952,22.5366331]}},{"type":"Feature","properties":{"id":"osm-5574925056","region":"Hong Kong","surveillanceType":"camera","operator":"深圳市公安局","description":"fixed"},"geometry":{"type":"Point","coordinates":[113.9617315,22.5383535]}},{"type":"Feature","properties":{"id":"osm-5574925057","region":"Hong Kong","surveillanceType":"camera","operator":"深圳市公安局","description":"fixed"},"geometry":{"type":"Point","coordinates":[113.9620319,22.5411033]}},{"type":"Feature","properties":{"id":"osm-5574925058","region":"Hong Kong","surveillanceType":"camera","operator":"深圳市公安局","description":"fixed"},"geometry":{"type":"Point","coordinates":[113.9620255,22.5398741]}},{"type":"Feature","properties":{"id":"osm-5574925059","region":"Hong Kong","surveillanceType":"camera","operator":"深圳市公安局","description":"fixed"},"geometry":{"type":"Point","coordinates":[113.9631752,22.5417202]}},{"type":"Feature","properties":{"id":"osm-5574925060","region":"Hong Kong","surveillanceType":"camera","operator":"深圳市公安局","description":"fixed"},"geometry":{"type":"Point","coordinates":[113.962083,22.5384134]}},{"type":"Feature","properties":{"id":"osm-5574925061","region":"Hong Kong","surveillanceType":"camera","operator":"深圳市公安局","description":"fixed"},"geometry":{"type":"Point","coordinates":[113.9623913,22.539301]}},{"type":"Feature","properties":{"id":"osm-5574925062","region":"Hong Kong","surveillanceType":"camera","operator":"深圳市公安局","description":"fixed"},"geometry":{"type":"Point","coordinates":[113.9624021,22.5392063]}},{"type":"Feature","properties":{"id":"osm-5616286543","region":"Hong Kong","surveillanceType":"camera","operator":"深圳市公安局","description":"fixed"},"geometry":{"type":"Point","coordinates":[113.949072,22.5219753]}},{"type":"Feature","properties":{"id":"osm-6307398998","region":"Hong Kong","surveillanceType":"camera","operator":"深圳市公安局","description":"fixed"},"geometry":{"type":"Point","coordinates":[113.9626994,22.53916]}},{"type":"Feature","properties":{"id":"osm-6307399084","region":"Hong Kong","surveillanceType":"camera","operator":"深圳市公安局","description":"fixed"},"geometry":{"type":"Point","coordinates":[113.9624155,22.5375877]}},{"type":"Feature","properties":{"id":"osm-6307399185","region":"Hong Kong","surveillanceType":"camera","operator":"深圳市公安局","description":"fixed"},"geometry":{"type":"Point","coordinates":[113.9633875,22.5386826]}},{"type":"Feature","properties":{"id":"osm-6307399268","region":"Hong Kong","surveillanceType":"camera","operator":"深圳市公安局","description":"fixed"},"geometry":{"type":"Point","coordinates":[113.9627641,22.5393485]}},{"type":"Feature","properties":{"id":"osm-6307399269","region":"Hong Kong","surveillanceType":"camera","operator":"深圳市公安局","description":"fixed"},"geometry":{"type":"Point","coordinates":[113.9628099,22.5391229]}},{"type":"Feature","properties":{"id":"osm-6307399409","region":"Hong Kong","surveillanceType":"camera","operator":"深圳市公安局","description":"fixed"},"geometry":{"type":"Point","coordinates":[113.9621472,22.5392039]}},{"type":"Feature","properties":{"id":"osm-6567213360","region":"Hong Kong","surveillanceType":"camera","operator":"","description":"dome"},"geometry":{"type":"Point","coordinates":[114.1663305,22.282019]}},{"type":"Feature","properties":{"id":"osm-7248494380","region":"Hong Kong","surveillanceType":"camera","operator":"","description":"fixed"},"geometry":{"type":"Point","coordinates":[114.0653157,22.366731]}},{"type":"Feature","properties":{"id":"osm-7593150229","region":"Hong Kong","surveillanceType":"camera","operator":"","description":""},"geometry":{"type":"Point","coordinates":[114.1447791,22.3438396]}},{"type":"Feature","properties":{"id":"osm-7727968272","region":"Hong Kong","surveillanceType":"camera","operator":"","description":""},"geometry":{"type":"Point","coordinates":[114.1288479,22.4982518]}},{"type":"Feature","properties":{"id":"osm-7727968273","region":"Hong Kong","surveillanceType":"camera","operator":"","description":""},"geometry":{"type":"Point","coordinates":[114.1285703,22.4983447]}},{"type":"Feature","properties":{"id":"osm-7727968274","region":"Hong Kong","surveillanceType":"camera","operator":"","description":""},"geometry":{"type":"Point","coordinates":[114.1281666,22.4984835]}},{"type":"Feature","properties":{"id":"osm-7727968275","region":"Hong Kong","surveillanceType":"camera","operator":"","description":""},"geometry":{"type":"Point","coordinates":[114.1280278,22.498175]}},{"type":"Feature","properties":{"id":"osm-7727968276","region":"Hong Kong","surveillanceType":"camera","operator":"","description":""},"geometry":{"type":"Point","coordinates":[114.1283751,22.4977035]}},{"type":"Feature","properties":{"id":"osm-7727968277","region":"Hong Kong","surveillanceType":"camera","operator":"","description":""},"geometry":{"type":"Point","coordinates":[114.1280613,22.4977153]}},{"type":"Feature","properties":{"id":"osm-7727968278","region":"Hong Kong","surveillanceType":"camera","operator":"","description":""},"geometry":{"type":"Point","coordinates":[114.1281384,22.4976955]}},{"type":"Feature","properties":{"id":"osm-8465124943","region":"Hong Kong","surveillanceType":"camera","operator":"","description":"fixed"},"geometry":{"type":"Point","coordinates":[113.897915,22.4986004]}},{"type":"Feature","properties":{"id":"osm-10876089173","region":"Hong Kong","surveillanceType":"camera","operator":"","description":""},"geometry":{"type":"Point","coordinates":[114.1457771,22.3450065]}},{"type":"Feature","properties":{"id":"osm-11204496203","region":"Hong Kong","surveillanceType":"camera","operator":"","description":"fixed"},"geometry":{"type":"Point","coordinates":[114.2069659,22.4270993]}},{"type":"Feature","properties":{"id":"osm-11267676285","region":"Hong Kong","surveillanceType":"camera","operator":"","description":"fixed"},"geometry":{"type":"Point","coordinates":[114.1534035,22.2812417]}},{"type":"Feature","properties":{"id":"osm-11267676286","region":"Hong Kong","surveillanceType":"camera","operator":"","description":"fixed"},"geometry":{"type":"Point","coordinates":[114.15335,22.2811471]}},{"type":"Feature","properties":{"id":"osm-11575963642","region":"Hong Kong","surveillanceType":"ALPR","operator":"","description":"fixed"},"geometry":{"type":"Point","coordinates":[113.9345906,22.2697824]}},{"type":"Feature","properties":{"id":"osm-11939878513","region":"Hong Kong","surveillanceType":"camera","operator":"","description":""},"geometry":{"type":"Point","coordinates":[114.1643291,22.3784515]}},{"type":"Feature","properties":{"id":"osm-11943997582","region":"Hong Kong","surveillanceType":"camera","operator":"","description":"fixed"},"geometry":{"type":"Point","coordinates":[114.2048895,22.2175561]}},{"type":"Feature","properties":{"id":"osm-11943997583","region":"Hong Kong","surveillanceType":"camera","operator":"","description":"fixed"},"geometry":{"type":"Point","coordinates":[114.2054662,22.2170719]}},{"type":"Feature","properties":{"id":"osm-12539296343","region":"Hong Kong","surveillanceType":"camera","operator":"","description":"fixed"},"geometry":{"type":"Point","coordinates":[114.1786756,22.3055527]}},{"type":"Feature","properties":{"id":"osm-13068277261","region":"Hong Kong","surveillanceType":"camera","operator":"","description":""},"geometry":{"type":"Point","coordinates":[114.0636496,22.4210004]}},{"type":"Feature","properties":{"id":"osm-13566152802","region":"Hong Kong","surveillanceType":"camera","operator":"","description":""},"geometry":{"type":"Point","coordinates":[113.9812872,22.4161399]}},{"type":"Feature","properties":{"id":"osm-13865049552","region":"Hong Kong","surveillanceType":"camera","operator":"","description":""},"geometry":{"type":"Point","coordinates":[114.1328483,22.2867015]}},{"type":"Feature","properties":{"id":"osm-13888001029","region":"Hong Kong","surveillanceType":"camera","operator":"","description":"dome"},"geometry":{"type":"Point","coordinates":[114.1746251,22.3002089]}},{"type":"Feature","properties":{"id":"osm-13888009979","region":"Hong Kong","surveillanceType":"camera","operator":"","description":"dome"},"geometry":{"type":"Point","coordinates":[114.1744997,22.3001742]}},{"type":"Feature","properties":{"id":"osm-1570448804","region":"Tokyo","surveillanceType":"camera","operator":"","description":"dome"},"geometry":{"type":"Point","coordinates":[139.735903,35.7048328]}},{"type":"Feature","properties":{"id":"osm-1809988257","region":"Tokyo","surveillanceType":"camera","operator":"","description":"fixed"},"geometry":{"type":"Point","coordinates":[139.7073667,35.6903008]}},{"type":"Feature","properties":{"id":"osm-2539229669","region":"Tokyo","surveillanceType":"camera","operator":"Yahoo","description":""},"geometry":{"type":"Point","coordinates":[139.843233,35.713904]}},{"type":"Feature","properties":{"id":"osm-2800205503","region":"Tokyo","surveillanceType":"camera","operator":"","description":""},"geometry":{"type":"Point","coordinates":[139.660884,35.578517]}},{"type":"Feature","properties":{"id":"osm-2893822310","region":"Tokyo","surveillanceType":"camera","operator":"","description":""},"geometry":{"type":"Point","coordinates":[139.6449522,35.6053217]}},{"type":"Feature","properties":{"id":"osm-3614437486","region":"Tokyo","surveillanceType":"camera","operator":"","description":""},"geometry":{"type":"Point","coordinates":[139.7580014,35.7089458]}},{"type":"Feature","properties":{"id":"osm-4150880901","region":"Tokyo","surveillanceType":"camera","operator":"","description":""},"geometry":{"type":"Point","coordinates":[139.782677,35.5831461]}},{"type":"Feature","properties":{"id":"osm-4189284404","region":"Tokyo","surveillanceType":"camera","operator":"","description":"dome"},"geometry":{"type":"Point","coordinates":[139.6704729,35.585884]}},{"type":"Feature","properties":{"id":"osm-4191410974","region":"Tokyo","surveillanceType":"camera","operator":"","description":""},"geometry":{"type":"Point","coordinates":[139.7432252,35.5710866]}},{"type":"Feature","properties":{"id":"osm-4191410975","region":"Tokyo","surveillanceType":"camera","operator":"","description":"fixed"},"geometry":{"type":"Point","coordinates":[139.7439581,35.5715485]}},{"type":"Feature","properties":{"id":"osm-4191410976","region":"Tokyo","surveillanceType":"camera","operator":"","description":"fixed"},"geometry":{"type":"Point","coordinates":[139.7424752,35.5722835]}},{"type":"Feature","properties":{"id":"osm-4191410977","region":"Tokyo","surveillanceType":"camera","operator":"","description":"fixed"},"geometry":{"type":"Point","coordinates":[139.7423929,35.572349]}},{"type":"Feature","properties":{"id":"osm-4191410979","region":"Tokyo","surveillanceType":"camera","operator":"","description":"fixed"},"geometry":{"type":"Point","coordinates":[139.7416827,35.5740919]}},{"type":"Feature","properties":{"id":"osm-4191410980","region":"Tokyo","surveillanceType":"camera","operator":"","description":"fixed"},"geometry":{"type":"Point","coordinates":[139.7418482,35.5743222]}},{"type":"Feature","properties":{"id":"osm-4191410983","region":"Tokyo","surveillanceType":"camera","operator":"","description":"fixed"},"geometry":{"type":"Point","coordinates":[139.742117,35.5746359]}},{"type":"Feature","properties":{"id":"osm-4191410986","region":"Tokyo","surveillanceType":"camera","operator":"","description":"fixed"},"geometry":{"type":"Point","coordinates":[139.7426851,35.5758598]}},{"type":"Feature","properties":{"id":"osm-4193568480","region":"Tokyo","surveillanceType":"camera","operator":"","description":"fixed"},"geometry":{"type":"Point","coordinates":[139.7379359,35.5885501]}},{"type":"Feature","properties":{"id":"osm-4204247730","region":"Tokyo","surveillanceType":"camera","operator":"","description":"dome"},"geometry":{"type":"Point","coordinates":[139.7212604,35.6105623]}},{"type":"Feature","properties":{"id":"osm-4503886468","region":"Tokyo","surveillanceType":"camera","operator":"","description":"panning"},"geometry":{"type":"Point","coordinates":[139.7499374,35.6168615]}},{"type":"Feature","properties":{"id":"osm-4510444554","region":"Tokyo","surveillanceType":"camera","operator":"","description":"dome"},"geometry":{"type":"Point","coordinates":[139.7309894,35.5505842]}},{"type":"Feature","properties":{"id":"osm-4511688793","region":"Tokyo","surveillanceType":"camera","operator":"","description":"dome"},"geometry":{"type":"Point","coordinates":[139.7359553,35.5701539]}},{"type":"Feature","properties":{"id":"osm-4511688794","region":"Tokyo","surveillanceType":"camera","operator":"","description":""},"geometry":{"type":"Point","coordinates":[139.7402084,35.5739642]}},{"type":"Feature","properties":{"id":"osm-4513241604","region":"Tokyo","surveillanceType":"camera","operator":"","description":"dome"},"geometry":{"type":"Point","coordinates":[139.7468215,35.5471967]}},{"type":"Feature","properties":{"id":"osm-4513241605","region":"Tokyo","surveillanceType":"camera","operator":"","description":"dome"},"geometry":{"type":"Point","coordinates":[139.7455299,35.5473304]}},{"type":"Feature","properties":{"id":"osm-4515110402","region":"Tokyo","surveillanceType":"camera","operator":"","description":"fixed"},"geometry":{"type":"Point","coordinates":[139.7385578,35.5887986]}},{"type":"Feature","properties":{"id":"osm-4515110403","region":"Tokyo","surveillanceType":"camera","operator":"","description":"fixed"},"geometry":{"type":"Point","coordinates":[139.7386358,35.5889116]}},{"type":"Feature","properties":{"id":"osm-4515110404","region":"Tokyo","surveillanceType":"camera","operator":"","description":"fixed"},"geometry":{"type":"Point","coordinates":[139.7385775,35.5890986]}},{"type":"Feature","properties":{"id":"osm-4520748894","region":"Tokyo","surveillanceType":"camera","operator":"","description":"fixed"},"geometry":{"type":"Point","coordinates":[139.7433311,35.5829992]}},{"type":"Feature","properties":{"id":"osm-4520748907","region":"Tokyo","surveillanceType":"camera","operator":"","description":"fixed"},"geometry":{"type":"Point","coordinates":[139.7508592,35.5937021]}},{"type":"Feature","properties":{"id":"osm-4520748908","region":"Tokyo","surveillanceType":"camera","operator":"","description":"fixed"},"geometry":{"type":"Point","coordinates":[139.7509823,35.5947364]}},{"type":"Feature","properties":{"id":"osm-4523031776","region":"Tokyo","surveillanceType":"ALPR","operator":"","description":"fixed"},"geometry":{"type":"Point","coordinates":[139.7252748,35.5619421]}},{"type":"Feature","properties":{"id":"osm-4523031777","region":"Tokyo","surveillanceType":"ALPR","operator":"","description":"fixed"},"geometry":{"type":"Point","coordinates":[139.7251823,35.5619694]}},{"type":"Feature","properties":{"id":"osm-4523031778","region":"Tokyo","surveillanceType":"camera","operator":"","description":"dome"},"geometry":{"type":"Point","coordinates":[139.7222744,35.5634835]}},{"type":"Feature","properties":{"id":"osm-4523031782","region":"Tokyo","surveillanceType":"camera","operator":"","description":"dome"},"geometry":{"type":"Point","coordinates":[139.7135724,35.572939]}},{"type":"Feature","properties":{"id":"osm-4523031783","region":"Tokyo","surveillanceType":"camera","operator":"","description":"dome"},"geometry":{"type":"Point","coordinates":[139.7126616,35.5743198]}},{"type":"Feature","properties":{"id":"osm-4531630997","region":"Tokyo","surveillanceType":"ALPR","operator":"","description":"fixed"},"geometry":{"type":"Point","coordinates":[139.7312963,35.5483984]}},{"type":"Feature","properties":{"id":"osm-4531630999","region":"Tokyo","surveillanceType":"camera","operator":"","description":"dome"},"geometry":{"type":"Point","coordinates":[139.734823,35.5491369]}},{"type":"Feature","properties":{"id":"osm-4533514358","region":"Tokyo","surveillanceType":"camera","operator":"","description":"dome"},"geometry":{"type":"Point","coordinates":[139.7358386,35.571498]}},{"type":"Feature","properties":{"id":"osm-4533514359","region":"Tokyo","surveillanceType":"camera","operator":"","description":"dome"},"geometry":{"type":"Point","coordinates":[139.7344091,35.5800501]}},{"type":"Feature","properties":{"id":"osm-4533514362","region":"Tokyo","surveillanceType":"ALPR","operator":"","description":"fixed"},"geometry":{"type":"Point","coordinates":[139.7296168,35.5945004]}},{"type":"Feature","properties":{"id":"osm-4533514363","region":"Tokyo","surveillanceType":"camera","operator":"","description":"dome"},"geometry":{"type":"Point","coordinates":[139.7303496,35.6022619]}},{"type":"Feature","properties":{"id":"osm-4533514364","region":"Tokyo","surveillanceType":"camera","operator":"","description":"fixed"},"geometry":{"type":"Point","coordinates":[139.7221735,35.6105685]}},{"type":"Feature","properties":{"id":"osm-4535658517","region":"Tokyo","surveillanceType":"camera","operator":"","description":"dome"},"geometry":{"type":"Point","coordinates":[139.7237094,35.5628422]}},{"type":"Feature","properties":{"id":"osm-4535658518","region":"Tokyo","surveillanceType":"camera","operator":"","description":"dome"},"geometry":{"type":"Point","coordinates":[139.7197672,35.5636044]}},{"type":"Feature","properties":{"id":"osm-4535658519","region":"Tokyo","surveillanceType":"camera","operator":"","description":"dome"},"geometry":{"type":"Point","coordinates":[139.7285625,35.5642794]}},{"type":"Feature","properties":{"id":"osm-4621663438","region":"Tokyo","surveillanceType":"camera","operator":"","description":"dome"},"geometry":{"type":"Point","coordinates":[139.7613109,35.7207256]}},{"type":"Feature","properties":{"id":"osm-4621667337","region":"Tokyo","surveillanceType":"camera","operator":"","description":"fixed"},"geometry":{"type":"Point","coordinates":[139.7600248,35.7203254]}},{"type":"Feature","properties":{"id":"osm-4698372345","region":"Tokyo","surveillanceType":"camera","operator":"","description":"dome"},"geometry":{"type":"Point","coordinates":[139.735645,35.5530658]}},{"type":"Feature","properties":{"id":"osm-4698372346","region":"Tokyo","surveillanceType":"camera","operator":"","description":"dome"},"geometry":{"type":"Point","coordinates":[139.7356778,35.5545182]}},{"type":"Feature","properties":{"id":"osm-4803430794","region":"Tokyo","surveillanceType":"camera","operator":"大田区教育委員会","description":"dome"},"geometry":{"type":"Point","coordinates":[139.7362081,35.5484801]}},{"type":"Feature","properties":{"id":"osm-4859635626","region":"Tokyo","surveillanceType":"camera","operator":"","description":""},"geometry":{"type":"Point","coordinates":[139.7391262,35.5928697]}},{"type":"Feature","properties":{"id":"osm-5010779681","region":"Tokyo","surveillanceType":"camera","operator":"","description":""},"geometry":{"type":"Point","coordinates":[139.770068,35.7088135]}},{"type":"Feature","properties":{"id":"osm-5086161958","region":"Tokyo","surveillanceType":"camera","operator":"","description":"fixed"},"geometry":{"type":"Point","coordinates":[139.7484393,35.7326142]}},{"type":"Feature","properties":{"id":"osm-5115761575","region":"Tokyo","surveillanceType":"camera","operator":"","description":"fixed"},"geometry":{"type":"Point","coordinates":[139.7487987,35.6646659]}},{"type":"Feature","properties":{"id":"osm-5126019445","region":"Tokyo","surveillanceType":"camera","operator":"","description":""},"geometry":{"type":"Point","coordinates":[139.7693241,35.7025004]}},{"type":"Feature","properties":{"id":"osm-5149047457","region":"Tokyo","surveillanceType":"camera","operator":"","description":""},"geometry":{"type":"Point","coordinates":[139.772503,35.7036059]}},{"type":"Feature","properties":{"id":"osm-5149047459","region":"Tokyo","surveillanceType":"camera","operator":"","description":""},"geometry":{"type":"Point","coordinates":[139.7724714,35.7032486]}},{"type":"Feature","properties":{"id":"osm-5154431079","region":"Tokyo","surveillanceType":"camera","operator":"","description":""},"geometry":{"type":"Point","coordinates":[139.7715378,35.7068887]}},{"type":"Feature","properties":{"id":"osm-5156796733","region":"Tokyo","surveillanceType":"camera","operator":"","description":"fixed"},"geometry":{"type":"Point","coordinates":[139.7737621,35.7110687]}},{"type":"Feature","properties":{"id":"osm-5156796735","region":"Tokyo","surveillanceType":"camera","operator":"","description":""},"geometry":{"type":"Point","coordinates":[139.7732793,35.7135013]}},{"type":"Feature","properties":{"id":"osm-5184977462","region":"Tokyo","surveillanceType":"camera","operator":"","description":""},"geometry":{"type":"Point","coordinates":[139.765127,35.699307]}},{"type":"Feature","properties":{"id":"osm-5187444185","region":"Tokyo","surveillanceType":"camera","operator":"","description":""},"geometry":{"type":"Point","coordinates":[139.7842582,35.6995344]}},{"type":"Feature","properties":{"id":"osm-5190911736","region":"Tokyo","surveillanceType":"camera","operator":"","description":""},"geometry":{"type":"Point","coordinates":[139.7669123,35.7313512]}},{"type":"Feature","properties":{"id":"osm-5194071583","region":"Tokyo","surveillanceType":"camera","operator":"","description":""},"geometry":{"type":"Point","coordinates":[139.775417,35.7082472]}},{"type":"Feature","properties":{"id":"osm-5197158919","region":"Tokyo","surveillanceType":"camera","operator":"","description":""},"geometry":{"type":"Point","coordinates":[139.773751,35.7077367]}},{"type":"Feature","properties":{"id":"osm-5197222700","region":"Tokyo","surveillanceType":"camera","operator":"","description":""},"geometry":{"type":"Point","coordinates":[139.7755719,35.70893]}},{"type":"Feature","properties":{"id":"osm-5200094824","region":"Tokyo","surveillanceType":"camera","operator":"","description":""},"geometry":{"type":"Point","coordinates":[139.7680543,35.707553]}},{"type":"Feature","properties":{"id":"osm-5202054888","region":"Tokyo","surveillanceType":"camera","operator":"","description":""},"geometry":{"type":"Point","coordinates":[139.7669952,35.7067788]}},{"type":"Feature","properties":{"id":"osm-5202142888","region":"Tokyo","surveillanceType":"camera","operator":"","description":""},"geometry":{"type":"Point","coordinates":[139.7731673,35.7108373]}},{"type":"Feature","properties":{"id":"osm-5204328148","region":"Tokyo","surveillanceType":"camera","operator":"","description":""},"geometry":{"type":"Point","coordinates":[139.7700848,35.7016826]}},{"type":"Feature","properties":{"id":"osm-5209720361","region":"Tokyo","surveillanceType":"camera","operator":"","description":""},"geometry":{"type":"Point","coordinates":[139.803858,35.7471104]}},{"type":"Feature","properties":{"id":"osm-5214021945","region":"Tokyo","surveillanceType":"camera","operator":"","description":""},"geometry":{"type":"Point","coordinates":[139.7640317,35.6995913]}},{"type":"Feature","properties":{"id":"osm-5216312760","region":"Tokyo","surveillanceType":"camera","operator":"","description":""},"geometry":{"type":"Point","coordinates":[139.7720857,35.7083093]}},{"type":"Feature","properties":{"id":"osm-5229334906","region":"Tokyo","surveillanceType":"camera","operator":"","description":""},"geometry":{"type":"Point","coordinates":[139.7704791,35.7070177]}},{"type":"Feature","properties":{"id":"osm-5231915007","region":"Tokyo","surveillanceType":"camera","operator":"","description":"dome"},"geometry":{"type":"Point","coordinates":[139.7654754,35.7052149]}},{"type":"Feature","properties":{"id":"osm-5232000144","region":"Tokyo","surveillanceType":"camera","operator":"","description":""},"geometry":{"type":"Point","coordinates":[139.7713082,35.7037778]}},{"type":"Feature","properties":{"id":"osm-5239598480","region":"Tokyo","surveillanceType":"camera","operator":"","description":"fixed"},"geometry":{"type":"Point","coordinates":[139.7714894,35.7086233]}},{"type":"Feature","properties":{"id":"osm-5242754539","region":"Tokyo","surveillanceType":"camera","operator":"","description":""},"geometry":{"type":"Point","coordinates":[139.7756984,35.7088693]}},{"type":"Feature","properties":{"id":"osm-5242754552","region":"Tokyo","surveillanceType":"camera","operator":"","description":""},"geometry":{"type":"Point","coordinates":[139.7759307,35.7099322]}},{"type":"Feature","properties":{"id":"osm-5245846324","region":"Tokyo","surveillanceType":"camera","operator":"","description":""},"geometry":{"type":"Point","coordinates":[139.7752861,35.7113999]}},{"type":"Feature","properties":{"id":"osm-5246780469","region":"Tokyo","surveillanceType":"camera","operator":"","description":""},"geometry":{"type":"Point","coordinates":[139.7750308,35.7108988]}},{"type":"Feature","properties":{"id":"osm-5246789882","region":"Tokyo","surveillanceType":"camera","operator":"","description":""},"geometry":{"type":"Point","coordinates":[139.7758499,35.7095902]}},{"type":"Feature","properties":{"id":"osm-5246867459","region":"Tokyo","surveillanceType":"camera","operator":"","description":""},"geometry":{"type":"Point","coordinates":[139.7757737,35.7084851]}},{"type":"Feature","properties":{"id":"osm-5246867470","region":"Tokyo","surveillanceType":"camera","operator":"","description":""},"geometry":{"type":"Point","coordinates":[139.7758669,35.7088793]}},{"type":"Feature","properties":{"id":"osm-5252130414","region":"Tokyo","surveillanceType":"camera","operator":"","description":"fixed"},"geometry":{"type":"Point","coordinates":[139.769945,35.7086865]}},{"type":"Feature","properties":{"id":"osm-5261506251","region":"Tokyo","surveillanceType":"camera","operator":"","description":""},"geometry":{"type":"Point","coordinates":[139.7739999,35.7070608]}},{"type":"Feature","properties":{"id":"osm-5275454259","region":"Tokyo","surveillanceType":"camera","operator":"","description":""},"geometry":{"type":"Point","coordinates":[139.76253,35.7126054]}},{"type":"Feature","properties":{"id":"osm-5279067256","region":"Tokyo","surveillanceType":"camera","operator":"","description":""},"geometry":{"type":"Point","coordinates":[139.7751603,35.7078797]}},{"type":"Feature","properties":{"id":"osm-5286834528","region":"Tokyo","surveillanceType":"camera","operator":"","description":""},"geometry":{"type":"Point","coordinates":[139.7686985,35.7075163]}},{"type":"Feature","properties":{"id":"osm-5289609579","region":"Tokyo","surveillanceType":"camera","operator":"","description":""},"geometry":{"type":"Point","coordinates":[139.7621246,35.6579256]}},{"type":"Feature","properties":{"id":"osm-5295117120","region":"Tokyo","surveillanceType":"camera","operator":"","description":""},"geometry":{"type":"Point","coordinates":[139.7754236,35.7088298]}},{"type":"Feature","properties":{"id":"osm-5295118021","region":"Tokyo","surveillanceType":"camera","operator":"","description":""},"geometry":{"type":"Point","coordinates":[139.7754033,35.7088591]}},{"type":"Feature","properties":{"id":"osm-5295121187","region":"Tokyo","surveillanceType":"camera","operator":"","description":""},"geometry":{"type":"Point","coordinates":[139.7751645,35.7082371]}},{"type":"Feature","properties":{"id":"osm-5295473772","region":"Tokyo","surveillanceType":"camera","operator":"","description":""},"geometry":{"type":"Point","coordinates":[139.7700185,35.7083915]}},{"type":"Feature","properties":{"id":"osm-5296865268","region":"Tokyo","surveillanceType":"camera","operator":"","description":""},"geometry":{"type":"Point","coordinates":[139.7715745,35.7025303]}},{"type":"Feature","properties":{"id":"osm-5296865269","region":"Tokyo","surveillanceType":"camera","operator":"","description":""},"geometry":{"type":"Point","coordinates":[139.7715093,35.7027686]}},{"type":"Feature","properties":{"id":"osm-5296865270","region":"Tokyo","surveillanceType":"camera","operator":"","description":""},"geometry":{"type":"Point","coordinates":[139.7718913,35.7028307]}},{"type":"Feature","properties":{"id":"osm-5302094709","region":"Tokyo","surveillanceType":"camera","operator":"","description":""},"geometry":{"type":"Point","coordinates":[139.7771659,35.7247741]}},{"type":"Feature","properties":{"id":"osm-5303938399","region":"Tokyo","surveillanceType":"camera","operator":"","description":""},"geometry":{"type":"Point","coordinates":[139.7701491,35.7073335]}},{"type":"Feature","properties":{"id":"osm-5331212072","region":"Tokyo","surveillanceType":"camera","operator":"","description":""},"geometry":{"type":"Point","coordinates":[139.7752586,35.708856]}},{"type":"Feature","properties":{"id":"osm-5336854147","region":"Tokyo","surveillanceType":"camera","operator":"","description":""},"geometry":{"type":"Point","coordinates":[139.7748009,35.7089615]}},{"type":"Feature","properties":{"id":"osm-5365412507","region":"Tokyo","surveillanceType":"camera","operator":"","description":""},"geometry":{"type":"Point","coordinates":[139.7671739,35.7079891]}},{"type":"Feature","properties":{"id":"osm-5365488540","region":"Tokyo","surveillanceType":"camera","operator":"","description":"dome"},"geometry":{"type":"Point","coordinates":[139.7715152,35.7091082]}},{"type":"Feature","properties":{"id":"osm-5371627353","region":"Tokyo","surveillanceType":"camera","operator":"千代田区","description":""},"geometry":{"type":"Point","coordinates":[139.7706806,35.7014663]}},{"type":"Feature","properties":{"id":"osm-5372842697","region":"Tokyo","surveillanceType":"camera","operator":"","description":""},"geometry":{"type":"Point","coordinates":[139.7705368,35.702312]}},{"type":"Feature","properties":{"id":"osm-5372842698","region":"Tokyo","surveillanceType":"camera","operator":"","description":""},"geometry":{"type":"Point","coordinates":[139.7707147,35.7019948]}},{"type":"Feature","properties":{"id":"osm-5372842700","region":"Tokyo","surveillanceType":"camera","operator":"","description":""},"geometry":{"type":"Point","coordinates":[139.7704862,35.7016724]}},{"type":"Feature","properties":{"id":"osm-5377601001","region":"Tokyo","surveillanceType":"camera","operator":"","description":"fixed"},"geometry":{"type":"Point","coordinates":[139.7731799,35.7095059]}},{"type":"Feature","properties":{"id":"osm-5377601014","region":"Tokyo","surveillanceType":"camera","operator":"","description":""},"geometry":{"type":"Point","coordinates":[139.7728032,35.7094777]}},{"type":"Feature","properties":{"id":"osm-5377651438","region":"Tokyo","surveillanceType":"camera","operator":"","description":""},"geometry":{"type":"Point","coordinates":[139.7740744,35.7079517]}},{"type":"Feature","properties":{"id":"osm-5377651440","region":"Tokyo","surveillanceType":"camera","operator":"","description":""},"geometry":{"type":"Point","coordinates":[139.7739765,35.7079619]}},{"type":"Feature","properties":{"id":"osm-5377675566","region":"Tokyo","surveillanceType":"camera","operator":"","description":""},"geometry":{"type":"Point","coordinates":[139.7738717,35.7083763]}},{"type":"Feature","properties":{"id":"osm-5410087823","region":"Tokyo","surveillanceType":"camera","operator":"","description":""},"geometry":{"type":"Point","coordinates":[139.73466,35.6709957]}},{"type":"Feature","properties":{"id":"osm-5411224809","region":"Tokyo","surveillanceType":"camera","operator":"","description":""},"geometry":{"type":"Point","coordinates":[139.7349016,35.6708093]}},{"type":"Feature","properties":{"id":"osm-5412173188","region":"Tokyo","surveillanceType":"camera","operator":"","description":"fixed"},"geometry":{"type":"Point","coordinates":[139.734164,35.6704531]}},{"type":"Feature","properties":{"id":"osm-5436612850","region":"Tokyo","surveillanceType":"camera","operator":"","description":"fixed"},"geometry":{"type":"Point","coordinates":[139.7611691,35.7191449]}},{"type":"Feature","properties":{"id":"osm-5475527643","region":"Tokyo","surveillanceType":"camera","operator":"","description":""},"geometry":{"type":"Point","coordinates":[139.7631959,35.7052693]}},{"type":"Feature","properties":{"id":"osm-5482740062","region":"Tokyo","surveillanceType":"camera","operator":"","description":""},"geometry":{"type":"Point","coordinates":[139.770367,35.6999956]}},{"type":"Feature","properties":{"id":"osm-5487734252","region":"Tokyo","surveillanceType":"camera","operator":"","description":""},"geometry":{"type":"Point","coordinates":[139.7514658,35.7114476]}},{"type":"Feature","properties":{"id":"osm-5496614567","region":"Tokyo","surveillanceType":"camera","operator":"","description":"dome"},"geometry":{"type":"Point","coordinates":[139.7679963,35.7067405]}},{"type":"Feature","properties":{"id":"osm-5531110772","region":"Tokyo","surveillanceType":"camera","operator":"","description":""},"geometry":{"type":"Point","coordinates":[139.7820763,35.7036963]}},{"type":"Feature","properties":{"id":"osm-5531158656","region":"Tokyo","surveillanceType":"camera","operator":"","description":""},"geometry":{"type":"Point","coordinates":[139.7826168,35.7036222]}},{"type":"Feature","properties":{"id":"osm-5532686509","region":"Tokyo","surveillanceType":"camera","operator":"","description":"fixed"},"geometry":{"type":"Point","coordinates":[139.764187,35.7188432]}},{"type":"Feature","properties":{"id":"osm-5536088048","region":"Tokyo","surveillanceType":"camera","operator":"","description":""},"geometry":{"type":"Point","coordinates":[139.7838539,35.7016369]}},{"type":"Feature","properties":{"id":"osm-5539107363","region":"Tokyo","surveillanceType":"camera","operator":"","description":""},"geometry":{"type":"Point","coordinates":[139.7826126,35.7024847]}},{"type":"Feature","properties":{"id":"osm-5584464427","region":"Tokyo","surveillanceType":"camera","operator":"","description":""},"geometry":{"type":"Point","coordinates":[139.7817591,35.6963411]}},{"type":"Feature","properties":{"id":"osm-5645411580","region":"Tokyo","surveillanceType":"camera","operator":"","description":""},"geometry":{"type":"Point","coordinates":[139.7792284,35.7059631]}},{"type":"Feature","properties":{"id":"osm-5677096916","region":"Tokyo","surveillanceType":"camera","operator":"","description":"dome"},"geometry":{"type":"Point","coordinates":[139.7508103,35.6495461]}},{"type":"Feature","properties":{"id":"osm-5697470525","region":"Tokyo","surveillanceType":"camera","operator":"","description":""},"geometry":{"type":"Point","coordinates":[139.8159754,35.8047544]}},{"type":"Feature","properties":{"id":"osm-5701220634","region":"Tokyo","surveillanceType":"camera","operator":"","description":""},"geometry":{"type":"Point","coordinates":[139.8120563,35.8065725]}},{"type":"Feature","properties":{"id":"osm-5701266029","region":"Tokyo","surveillanceType":"camera","operator":"","description":""},"geometry":{"type":"Point","coordinates":[139.7765306,35.7014851]}},{"type":"Feature","properties":{"id":"osm-5736010108","region":"Tokyo","surveillanceType":"camera","operator":"","description":"fixed"},"geometry":{"type":"Point","coordinates":[139.7752912,35.7058847]}},{"type":"Feature","properties":{"id":"osm-5826372899","region":"Tokyo","surveillanceType":"camera","operator":"","description":""},"geometry":{"type":"Point","coordinates":[139.8003917,35.6718924]}},{"type":"Feature","properties":{"id":"osm-5826443488","region":"Tokyo","surveillanceType":"camera","operator":"","description":"fixed"},"geometry":{"type":"Point","coordinates":[139.7993309,35.6711077]}},{"type":"Feature","properties":{"id":"osm-5826449658","region":"Tokyo","surveillanceType":"camera","operator":"","description":"fixed"},"geometry":{"type":"Point","coordinates":[139.7993765,35.6712614]}},{"type":"Feature","properties":{"id":"osm-5915013861","region":"Tokyo","surveillanceType":"camera","operator":"","description":""},"geometry":{"type":"Point","coordinates":[139.7687292,35.7047651]}},{"type":"Feature","properties":{"id":"osm-5915013863","region":"Tokyo","surveillanceType":"camera","operator":"","description":""},"geometry":{"type":"Point","coordinates":[139.7674643,35.7053111]}},{"type":"Feature","properties":{"id":"osm-5919601887","region":"Tokyo","surveillanceType":"camera","operator":"","description":"dome"},"geometry":{"type":"Point","coordinates":[139.7680603,35.7071748]}},{"type":"Feature","properties":{"id":"osm-5919601888","region":"Tokyo","surveillanceType":"camera","operator":"","description":""},"geometry":{"type":"Point","coordinates":[139.7677963,35.7072754]}},{"type":"Feature","properties":{"id":"osm-5920105686","region":"Tokyo","surveillanceType":"camera","operator":"","description":""},"geometry":{"type":"Point","coordinates":[139.8153415,35.8014089]}},{"type":"Feature","properties":{"id":"osm-5920116286","region":"Tokyo","surveillanceType":"camera","operator":"","description":""},"geometry":{"type":"Point","coordinates":[139.8153433,35.8014441]}},{"type":"Feature","properties":{"id":"osm-5920122085","region":"Tokyo","surveillanceType":"camera","operator":"","description":""},"geometry":{"type":"Point","coordinates":[139.7801681,35.7843768]}},{"type":"Feature","properties":{"id":"osm-5922198228","region":"Tokyo","surveillanceType":"camera","operator":"","description":""},"geometry":{"type":"Point","coordinates":[139.7673963,35.7027634]}},{"type":"Feature","properties":{"id":"osm-5922198230","region":"Tokyo","surveillanceType":"camera","operator":"","description":""},"geometry":{"type":"Point","coordinates":[139.7680035,35.7032967]}},{"type":"Feature","properties":{"id":"osm-5922198232","region":"Tokyo","surveillanceType":"camera","operator":"","description":""},"geometry":{"type":"Point","coordinates":[139.7667164,35.702973]}},{"type":"Feature","properties":{"id":"osm-5950240604","region":"Tokyo","surveillanceType":"camera","operator":"","description":""},"geometry":{"type":"Point","coordinates":[139.7605126,35.7070658]}},{"type":"Feature","properties":{"id":"osm-5950240609","region":"Tokyo","surveillanceType":"camera","operator":"","description":""},"geometry":{"type":"Point","coordinates":[139.7669026,35.7066689]}},{"type":"Feature","properties":{"id":"osm-5950240610","region":"Tokyo","surveillanceType":"camera","operator":"","description":""},"geometry":{"type":"Point","coordinates":[139.7631113,35.7076321]}},{"type":"Feature","properties":{"id":"osm-5961643366","region":"Tokyo","surveillanceType":"camera","operator":"","description":"fixed"},"geometry":{"type":"Point","coordinates":[139.7289237,35.7083696]}},{"type":"Feature","properties":{"id":"osm-5961644108","region":"Tokyo","surveillanceType":"camera","operator":"","description":"fixed"},"geometry":{"type":"Point","coordinates":[139.7308547,35.7063727]}},{"type":"Feature","properties":{"id":"osm-3770114058","region":"Seoul","surveillanceType":"camera","operator":"","description":""},"geometry":{"type":"Point","coordinates":[127.144372,37.5060394]}},{"type":"Feature","properties":{"id":"osm-3851434688","region":"Seoul","surveillanceType":"camera","operator":"","description":"fixed"},"geometry":{"type":"Point","coordinates":[126.9766751,37.5651167]}},{"type":"Feature","properties":{"id":"osm-3852037829","region":"Seoul","surveillanceType":"camera","operator":"","description":"fixed"},"geometry":{"type":"Point","coordinates":[127.0521941,37.5088132]}},{"type":"Feature","properties":{"id":"osm-3852037842","region":"Seoul","surveillanceType":"camera","operator":"","description":"fixed"},"geometry":{"type":"Point","coordinates":[127.0456116,37.5088969]}},{"type":"Feature","properties":{"id":"osm-3857769276","region":"Seoul","surveillanceType":"camera","operator":"","description":"dome"},"geometry":{"type":"Point","coordinates":[126.9936545,37.5571241]}},{"type":"Feature","properties":{"id":"osm-3863007908","region":"Seoul","surveillanceType":"camera","operator":"","description":"dome"},"geometry":{"type":"Point","coordinates":[126.9847363,37.5554045]}},{"type":"Feature","properties":{"id":"osm-3868849969","region":"Seoul","surveillanceType":"camera","operator":"","description":"fixed"},"geometry":{"type":"Point","coordinates":[126.9929784,37.5580158]}},{"type":"Feature","properties":{"id":"osm-3868849971","region":"Seoul","surveillanceType":"camera","operator":"","description":"fixed"},"geometry":{"type":"Point","coordinates":[126.9946922,37.5581587]}},{"type":"Feature","properties":{"id":"osm-3868849972","region":"Seoul","surveillanceType":"camera","operator":"","description":"fixed"},"geometry":{"type":"Point","coordinates":[126.9938254,37.5583066]}},{"type":"Feature","properties":{"id":"osm-3868849973","region":"Seoul","surveillanceType":"camera","operator":"","description":"fixed"},"geometry":{"type":"Point","coordinates":[126.9938311,37.5583248]}},{"type":"Feature","properties":{"id":"osm-3868849974","region":"Seoul","surveillanceType":"camera","operator":"","description":"fixed"},"geometry":{"type":"Point","coordinates":[126.9947645,37.5586457]}},{"type":"Feature","properties":{"id":"osm-3868849975","region":"Seoul","surveillanceType":"camera","operator":"","description":"fixed"},"geometry":{"type":"Point","coordinates":[126.9947483,37.5586537]}},{"type":"Feature","properties":{"id":"osm-3868849976","region":"Seoul","surveillanceType":"camera","operator":"","description":"fixed"},"geometry":{"type":"Point","coordinates":[126.9943964,37.5588041]}},{"type":"Feature","properties":{"id":"osm-3868849978","region":"Seoul","surveillanceType":"camera","operator":"","description":"fixed"},"geometry":{"type":"Point","coordinates":[126.9945854,37.5588155]}},{"type":"Feature","properties":{"id":"osm-3868849980","region":"Seoul","surveillanceType":"camera","operator":"","description":"fixed"},"geometry":{"type":"Point","coordinates":[126.9946793,37.5588324]}},{"type":"Feature","properties":{"id":"osm-3868849993","region":"Seoul","surveillanceType":"camera","operator":"","description":"fixed"},"geometry":{"type":"Point","coordinates":[126.9950254,37.5589194]}},{"type":"Feature","properties":{"id":"osm-3868850021","region":"Seoul","surveillanceType":"camera","operator":"","description":"fixed"},"geometry":{"type":"Point","coordinates":[126.9943848,37.5590549]}},{"type":"Feature","properties":{"id":"osm-3868850037","region":"Seoul","surveillanceType":"camera","operator":"","description":"fixed"},"geometry":{"type":"Point","coordinates":[126.995028,37.559088]}},{"type":"Feature","properties":{"id":"osm-3868850170","region":"Seoul","surveillanceType":"camera","operator":"","description":"fixed"},"geometry":{"type":"Point","coordinates":[126.9950181,37.5593329]}},{"type":"Feature","properties":{"id":"osm-3868850180","region":"Seoul","surveillanceType":"camera","operator":"","description":"fixed"},"geometry":{"type":"Point","coordinates":[126.994701,37.5593623]}},{"type":"Feature","properties":{"id":"osm-3868850182","region":"Seoul","surveillanceType":"camera","operator":"","description":"fixed"},"geometry":{"type":"Point","coordinates":[126.9948588,37.5593671]}},{"type":"Feature","properties":{"id":"osm-3868850246","region":"Seoul","surveillanceType":"camera","operator":"","description":"fixed"},"geometry":{"type":"Point","coordinates":[126.9944983,37.5596912]}},{"type":"Feature","properties":{"id":"osm-3868850248","region":"Seoul","surveillanceType":"camera","operator":"","description":"fixed"},"geometry":{"type":"Point","coordinates":[126.9944933,37.559694]}},{"type":"Feature","properties":{"id":"osm-3868850255","region":"Seoul","surveillanceType":"camera","operator":"","description":"fixed"},"geometry":{"type":"Point","coordinates":[126.9947513,37.5597317]}},{"type":"Feature","properties":{"id":"osm-3868850256","region":"Seoul","surveillanceType":"camera","operator":"","description":"fixed"},"geometry":{"type":"Point","coordinates":[126.9941115,37.5597324]}},{"type":"Feature","properties":{"id":"osm-5001148163","region":"Seoul","surveillanceType":"camera","operator":"","description":"fixed"},"geometry":{"type":"Point","coordinates":[126.8207968,37.4524846]}},{"type":"Feature","properties":{"id":"osm-5001148166","region":"Seoul","surveillanceType":"camera","operator":"","description":"fixed"},"geometry":{"type":"Point","coordinates":[126.9082906,37.450935]}},{"type":"Feature","properties":{"id":"osm-5299374079","region":"Seoul","surveillanceType":"ALPR","operator":"","description":"fixed"},"geometry":{"type":"Point","coordinates":[127.152953,37.6721497]}},{"type":"Feature","properties":{"id":"osm-5299375520","region":"Seoul","surveillanceType":"ALPR","operator":"","description":"fixed"},"geometry":{"type":"Point","coordinates":[127.1528694,37.6724307]}},{"type":"Feature","properties":{"id":"osm-6418780351","region":"Seoul","surveillanceType":"camera","operator":"","description":""},"geometry":{"type":"Point","coordinates":[126.8798477,37.4875014]}},{"type":"Feature","properties":{"id":"osm-6601873220","region":"Seoul","surveillanceType":"camera","operator":"","description":""},"geometry":{"type":"Point","coordinates":[126.9775807,37.580045]}},{"type":"Feature","properties":{"id":"osm-6601873225","region":"Seoul","surveillanceType":"camera","operator":"","description":""},"geometry":{"type":"Point","coordinates":[126.9758118,37.5830984]}},{"type":"Feature","properties":{"id":"osm-6601873226","region":"Seoul","surveillanceType":"camera","operator":"","description":""},"geometry":{"type":"Point","coordinates":[126.9754427,37.5787397]}},{"type":"Feature","properties":{"id":"osm-6601879568","region":"Seoul","surveillanceType":"camera","operator":"","description":""},"geometry":{"type":"Point","coordinates":[126.9764095,37.5804916]}},{"type":"Feature","properties":{"id":"osm-6601897574","region":"Seoul","surveillanceType":"camera","operator":"","description":""},"geometry":{"type":"Point","coordinates":[126.9759241,37.5811741]}},{"type":"Feature","properties":{"id":"osm-6601906437","region":"Seoul","surveillanceType":"camera","operator":"","description":""},"geometry":{"type":"Point","coordinates":[126.9774505,37.5812622]}},{"type":"Feature","properties":{"id":"osm-6601914815","region":"Seoul","surveillanceType":"camera","operator":"","description":""},"geometry":{"type":"Point","coordinates":[126.9765034,37.5800177]}},{"type":"Feature","properties":{"id":"osm-6601917104","region":"Seoul","surveillanceType":"camera","operator":"","description":""},"geometry":{"type":"Point","coordinates":[126.9747677,37.579093]}},{"type":"Feature","properties":{"id":"osm-6601917311","region":"Seoul","surveillanceType":"camera","operator":"","description":""},"geometry":{"type":"Point","coordinates":[126.9762469,37.5828625]}},{"type":"Feature","properties":{"id":"osm-6601917517","region":"Seoul","surveillanceType":"camera","operator":"","description":""},"geometry":{"type":"Point","coordinates":[126.9776654,37.5824389]}},{"type":"Feature","properties":{"id":"osm-6646049915","region":"Seoul","surveillanceType":"camera","operator":"","description":""},"geometry":{"type":"Point","coordinates":[127.08205,37.4636927]}},{"type":"Feature","properties":{"id":"osm-7332121447","region":"Seoul","surveillanceType":"camera","operator":"","description":"fixed"},"geometry":{"type":"Point","coordinates":[127.0728909,37.5496046]}},{"type":"Feature","properties":{"id":"osm-7332121448","region":"Seoul","surveillanceType":"camera","operator":"","description":"fixed"},"geometry":{"type":"Point","coordinates":[127.072908,37.5495823]}},{"type":"Feature","properties":{"id":"osm-7332121449","region":"Seoul","surveillanceType":"camera","operator":"","description":"dome"},"geometry":{"type":"Point","coordinates":[127.0729785,37.5495148]}},{"type":"Feature","properties":{"id":"osm-7332121450","region":"Seoul","surveillanceType":"camera","operator":"","description":"fixed"},"geometry":{"type":"Point","coordinates":[127.0728465,37.5495639]}},{"type":"Feature","properties":{"id":"osm-7332121451","region":"Seoul","surveillanceType":"camera","operator":"","description":"fixed"},"geometry":{"type":"Point","coordinates":[127.0727908,37.5496057]}},{"type":"Feature","properties":{"id":"osm-7394304364","region":"Seoul","surveillanceType":"camera","operator":"","description":"fixed"},"geometry":{"type":"Point","coordinates":[126.9398491,37.4724712]}},{"type":"Feature","properties":{"id":"osm-8396912180","region":"Seoul","surveillanceType":"camera","operator":"","description":""},"geometry":{"type":"Point","coordinates":[127.018103,37.5677321]}},{"type":"Feature","properties":{"id":"osm-8396912183","region":"Seoul","surveillanceType":"camera","operator":"","description":""},"geometry":{"type":"Point","coordinates":[127.0183322,37.5673355]}},{"type":"Feature","properties":{"id":"osm-8431758173","region":"Seoul","surveillanceType":"camera","operator":"","description":""},"geometry":{"type":"Point","coordinates":[127.0221755,37.5664205]}},{"type":"Feature","properties":{"id":"osm-8519921400","region":"Seoul","surveillanceType":"camera","operator":"","description":""},"geometry":{"type":"Point","coordinates":[127.0286523,37.5652394]}},{"type":"Feature","properties":{"id":"osm-8519921410","region":"Seoul","surveillanceType":"camera","operator":"","description":""},"geometry":{"type":"Point","coordinates":[127.0304623,37.5640712]}},{"type":"Feature","properties":{"id":"osm-8552436267","region":"Seoul","surveillanceType":"camera","operator":"","description":"fixed"},"geometry":{"type":"Point","coordinates":[127.0216068,37.5676614]}},{"type":"Feature","properties":{"id":"osm-9144652192","region":"Seoul","surveillanceType":"camera","operator":"","description":"dome"},"geometry":{"type":"Point","coordinates":[126.7989153,37.4807102]}},{"type":"Feature","properties":{"id":"osm-9774314746","region":"Seoul","surveillanceType":"camera","operator":"","description":""},"geometry":{"type":"Point","coordinates":[126.9115144,37.5970704]}},{"type":"Feature","properties":{"id":"osm-9816658661","region":"Seoul","surveillanceType":"camera","operator":"","description":""},"geometry":{"type":"Point","coordinates":[127.1401725,37.6466843]}},{"type":"Feature","properties":{"id":"osm-9821576987","region":"Seoul","surveillanceType":"camera","operator":"","description":""},"geometry":{"type":"Point","coordinates":[126.9983328,37.4992948]}},{"type":"Feature","properties":{"id":"osm-9821577075","region":"Seoul","surveillanceType":"camera","operator":"","description":""},"geometry":{"type":"Point","coordinates":[127.0001198,37.4992395]}},{"type":"Feature","properties":{"id":"osm-9821577132","region":"Seoul","surveillanceType":"camera","operator":"","description":""},"geometry":{"type":"Point","coordinates":[127.0004565,37.4972865]}},{"type":"Feature","properties":{"id":"osm-9837869269","region":"Seoul","surveillanceType":"camera","operator":"","description":""},"geometry":{"type":"Point","coordinates":[126.9850953,37.5742832]}},{"type":"Feature","properties":{"id":"osm-10599126405","region":"Seoul","surveillanceType":"camera","operator":"","description":""},"geometry":{"type":"Point","coordinates":[126.8487171,37.5376609]}},{"type":"Feature","properties":{"id":"osm-10830992582","region":"Seoul","surveillanceType":"camera","operator":"","description":""},"geometry":{"type":"Point","coordinates":[127.1015354,37.5553234]}},{"type":"Feature","properties":{"id":"osm-11115867643","region":"Seoul","surveillanceType":"camera","operator":"","description":"fixed"},"geometry":{"type":"Point","coordinates":[127.0385409,37.5609358]}},{"type":"Feature","properties":{"id":"osm-11115867644","region":"Seoul","surveillanceType":"camera","operator":"","description":"fixed"},"geometry":{"type":"Point","coordinates":[127.0386327,37.5609438]}},{"type":"Feature","properties":{"id":"osm-11178710228","region":"Seoul","surveillanceType":"camera","operator":"","description":"dome"},"geometry":{"type":"Point","coordinates":[126.9721789,37.556032]}},{"type":"Feature","properties":{"id":"osm-11208391866","region":"Seoul","surveillanceType":"camera","operator":"","description":"fixed"},"geometry":{"type":"Point","coordinates":[127.1233323,37.5708632]}},{"type":"Feature","properties":{"id":"osm-11331301634","region":"Seoul","surveillanceType":"camera","operator":"","description":"dome"},"geometry":{"type":"Point","coordinates":[127.1721733,37.6126208]}},{"type":"Feature","properties":{"id":"osm-11716551501","region":"Seoul","surveillanceType":"camera","operator":"","description":""},"geometry":{"type":"Point","coordinates":[127.1790476,37.5790941]}},{"type":"Feature","properties":{"id":"osm-11748158585","region":"Seoul","surveillanceType":"camera","operator":"","description":""},"geometry":{"type":"Point","coordinates":[127.1755237,37.5425904]}},{"type":"Feature","properties":{"id":"osm-11748158586","region":"Seoul","surveillanceType":"camera","operator":"","description":""},"geometry":{"type":"Point","coordinates":[127.1757616,37.5425018]}},{"type":"Feature","properties":{"id":"osm-11748158590","region":"Seoul","surveillanceType":"camera","operator":"","description":""},"geometry":{"type":"Point","coordinates":[127.1754871,37.5423948]}},{"type":"Feature","properties":{"id":"osm-11792856799","region":"Seoul","surveillanceType":"camera","operator":"","description":""},"geometry":{"type":"Point","coordinates":[127.1791809,37.5511764]}},{"type":"Feature","properties":{"id":"osm-11812907640","region":"Seoul","surveillanceType":"camera","operator":"","description":""},"geometry":{"type":"Point","coordinates":[127.1174676,37.47812]}},{"type":"Feature","properties":{"id":"osm-11812907649","region":"Seoul","surveillanceType":"camera","operator":"","description":""},"geometry":{"type":"Point","coordinates":[127.1090139,37.488911]}},{"type":"Feature","properties":{"id":"osm-11812907650","region":"Seoul","surveillanceType":"camera","operator":"","description":""},"geometry":{"type":"Point","coordinates":[127.1175659,37.4779924]}},{"type":"Feature","properties":{"id":"osm-11813124908","region":"Seoul","surveillanceType":"camera","operator":"","description":""},"geometry":{"type":"Point","coordinates":[127.1141569,37.4821786]}},{"type":"Feature","properties":{"id":"osm-11813366142","region":"Seoul","surveillanceType":"camera","operator":"","description":""},"geometry":{"type":"Point","coordinates":[127.1524449,37.5283537]}},{"type":"Feature","properties":{"id":"osm-11815264230","region":"Seoul","surveillanceType":"camera","operator":"","description":""},"geometry":{"type":"Point","coordinates":[127.1349465,37.4842419]}},{"type":"Feature","properties":{"id":"osm-11815264241","region":"Seoul","surveillanceType":"camera","operator":"","description":""},"geometry":{"type":"Point","coordinates":[127.1347951,37.484683]}},{"type":"Feature","properties":{"id":"osm-12055129289","region":"Seoul","surveillanceType":"camera","operator":"","description":"fixed"},"geometry":{"type":"Point","coordinates":[126.9000623,37.511732]}},{"type":"Feature","properties":{"id":"osm-12324878098","region":"Seoul","surveillanceType":"camera","operator":"","description":"fixed"},"geometry":{"type":"Point","coordinates":[126.9443004,37.4700362]}},{"type":"Feature","properties":{"id":"osm-12324878099","region":"Seoul","surveillanceType":"camera","operator":"","description":"fixed"},"geometry":{"type":"Point","coordinates":[126.9424436,37.4708002]}},{"type":"Feature","properties":{"id":"osm-12625075952","region":"Seoul","surveillanceType":"camera","operator":"","description":"fixed"},"geometry":{"type":"Point","coordinates":[126.9540085,37.4617033]}},{"type":"Feature","properties":{"id":"osm-12764804669","region":"Seoul","surveillanceType":"camera","operator":"","description":""},"geometry":{"type":"Point","coordinates":[126.9768428,37.5037892]}},{"type":"Feature","properties":{"id":"osm-12839264476","region":"Seoul","surveillanceType":"camera","operator":"","description":""},"geometry":{"type":"Point","coordinates":[127.0571511,37.4958339]}},{"type":"Feature","properties":{"id":"osm-12916943609","region":"Seoul","surveillanceType":"camera","operator":"","description":""},"geometry":{"type":"Point","coordinates":[127.1762645,37.5762189]}},{"type":"Feature","properties":{"id":"osm-12961282012","region":"Seoul","surveillanceType":"camera","operator":"","description":""},"geometry":{"type":"Point","coordinates":[126.9290673,37.4703775]}},{"type":"Feature","properties":{"id":"osm-12961282013","region":"Seoul","surveillanceType":"camera","operator":"","description":""},"geometry":{"type":"Point","coordinates":[126.9289021,37.4696839]}},{"type":"Feature","properties":{"id":"osm-12961282014","region":"Seoul","surveillanceType":"camera","operator":"","description":""},"geometry":{"type":"Point","coordinates":[126.9295724,37.4694761]}},{"type":"Feature","properties":{"id":"osm-12961282020","region":"Seoul","surveillanceType":"camera","operator":"","description":""},"geometry":{"type":"Point","coordinates":[126.9348837,37.4705532]}},{"type":"Feature","properties":{"id":"osm-13093833690","region":"Seoul","surveillanceType":"camera","operator":"","description":""},"geometry":{"type":"Point","coordinates":[127.1775536,37.5508332]}},{"type":"Feature","properties":{"id":"osm-13093833701","region":"Seoul","surveillanceType":"camera","operator":"","description":""},"geometry":{"type":"Point","coordinates":[127.1772891,37.5518244]}},{"type":"Feature","properties":{"id":"osm-13093833791","region":"Seoul","surveillanceType":"camera","operator":"","description":""},"geometry":{"type":"Point","coordinates":[127.1763514,37.5570774]}},{"type":"Feature","properties":{"id":"osm-13159017949","region":"Seoul","surveillanceType":"camera","operator":"","description":""},"geometry":{"type":"Point","coordinates":[127.1670624,37.5119053]}},{"type":"Feature","properties":{"id":"osm-13159017950","region":"Seoul","surveillanceType":"camera","operator":"","description":""},"geometry":{"type":"Point","coordinates":[127.1661187,37.5135512]}},{"type":"Feature","properties":{"id":"osm-13208084497","region":"Seoul","surveillanceType":"camera","operator":"","description":""},"geometry":{"type":"Point","coordinates":[127.1514062,37.4809164]}},{"type":"Feature","properties":{"id":"osm-13208084498","region":"Seoul","surveillanceType":"camera","operator":"","description":""},"geometry":{"type":"Point","coordinates":[127.1517721,37.4808064]}},{"type":"Feature","properties":{"id":"osm-13208084499","region":"Seoul","surveillanceType":"camera","operator":"","description":""},"geometry":{"type":"Point","coordinates":[127.1519608,37.4801187]}},{"type":"Feature","properties":{"id":"osm-13227095853","region":"Seoul","surveillanceType":"camera","operator":"","description":""},"geometry":{"type":"Point","coordinates":[127.1623419,37.4862823]}},{"type":"Feature","properties":{"id":"osm-13227161255","region":"Seoul","surveillanceType":"camera","operator":"","description":""},"geometry":{"type":"Point","coordinates":[127.1629663,37.4873593]}},{"type":"Feature","properties":{"id":"osm-13227161272","region":"Seoul","surveillanceType":"camera","operator":"","description":""},"geometry":{"type":"Point","coordinates":[127.1625208,37.4923091]}},{"type":"Feature","properties":{"id":"osm-13227161274","region":"Seoul","surveillanceType":"camera","operator":"","description":""},"geometry":{"type":"Point","coordinates":[127.1631762,37.4923806]}},{"type":"Feature","properties":{"id":"osm-13227167115","region":"Seoul","surveillanceType":"camera","operator":"","description":""},"geometry":{"type":"Point","coordinates":[127.1619896,37.4930371]}},{"type":"Feature","properties":{"id":"osm-13255484972","region":"Seoul","surveillanceType":"camera","operator":"","description":""},"geometry":{"type":"Point","coordinates":[127.176693,37.5474545]}},{"type":"Feature","properties":{"id":"osm-13255484973","region":"Seoul","surveillanceType":"camera","operator":"","description":""},"geometry":{"type":"Point","coordinates":[127.1768336,37.5473583]}},{"type":"Feature","properties":{"id":"osm-13255484974","region":"Seoul","surveillanceType":"camera","operator":"","description":""},"geometry":{"type":"Point","coordinates":[127.1770216,37.5473333]}},{"type":"Feature","properties":{"id":"osm-13255484975","region":"Seoul","surveillanceType":"camera","operator":"","description":""},"geometry":{"type":"Point","coordinates":[127.1773489,37.5474058]}},{"type":"Feature","properties":{"id":"osm-13255549868","region":"Seoul","surveillanceType":"camera","operator":"","description":""},"geometry":{"type":"Point","coordinates":[127.1741404,37.5491973]}},{"type":"Feature","properties":{"id":"osm-13255549869","region":"Seoul","surveillanceType":"camera","operator":"","description":""},"geometry":{"type":"Point","coordinates":[127.1740758,37.5490991]}},{"type":"Feature","properties":{"id":"osm-13255549870","region":"Seoul","surveillanceType":"camera","operator":"","description":""},"geometry":{"type":"Point","coordinates":[127.1739652,37.5495053]}},{"type":"Feature","properties":{"id":"osm-13306361463","region":"Seoul","surveillanceType":"camera","operator":"","description":""},"geometry":{"type":"Point","coordinates":[126.9899059,37.5482844]}},{"type":"Feature","properties":{"id":"osm-13306361466","region":"Seoul","surveillanceType":"camera","operator":"","description":""},"geometry":{"type":"Point","coordinates":[126.9892643,37.5483352]}},{"type":"Feature","properties":{"id":"osm-13321490350","region":"Seoul","surveillanceType":"camera","operator":"","description":"fixed"},"geometry":{"type":"Point","coordinates":[126.9561209,37.4757623]}},{"type":"Feature","properties":{"id":"osm-13321490351","region":"Seoul","surveillanceType":"camera","operator":"","description":"dome"},"geometry":{"type":"Point","coordinates":[126.9561503,37.4763288]}},{"type":"Feature","properties":{"id":"osm-13321490352","region":"Seoul","surveillanceType":"camera","operator":"","description":"fixed"},"geometry":{"type":"Point","coordinates":[126.9561317,37.4762497]}},{"type":"Feature","properties":{"id":"osm-13321490364","region":"Seoul","surveillanceType":"camera","operator":"","description":"dome"},"geometry":{"type":"Point","coordinates":[126.9582855,37.47728]}},{"type":"Feature","properties":{"id":"osm-13522626935","region":"Seoul","surveillanceType":"camera","operator":"","description":""},"geometry":{"type":"Point","coordinates":[127.1545344,37.5854318]}},{"type":"Feature","properties":{"id":"osm-13522626963","region":"Seoul","surveillanceType":"camera","operator":"","description":""},"geometry":{"type":"Point","coordinates":[127.1515515,37.5785938]}},{"type":"Feature","properties":{"id":"osm-13522627106","region":"Seoul","surveillanceType":"camera","operator":"","description":""},"geometry":{"type":"Point","coordinates":[127.152626,37.5847394]}},{"type":"Feature","properties":{"id":"osm-13522627158","region":"Seoul","surveillanceType":"camera","operator":"","description":""},"geometry":{"type":"Point","coordinates":[127.1578723,37.5886186]}},{"type":"Feature","properties":{"id":"osm-13522627282","region":"Seoul","surveillanceType":"camera","operator":"","description":"dome"},"geometry":{"type":"Point","coordinates":[127.1534289,37.5789371]}},{"type":"Feature","properties":{"id":"osm-13536463956","region":"Seoul","surveillanceType":"camera","operator":"","description":""},"geometry":{"type":"Point","coordinates":[127.1547154,37.6417827]}},{"type":"Feature","properties":{"id":"osm-13536463964","region":"Seoul","surveillanceType":"camera","operator":"","description":""},"geometry":{"type":"Point","coordinates":[127.165164,37.64739]}},{"type":"Feature","properties":{"id":"osm-13536463966","region":"Seoul","surveillanceType":"camera","operator":"","description":""},"geometry":{"type":"Point","coordinates":[127.166709,37.584495]}},{"type":"Feature","properties":{"id":"osm-13536463967","region":"Seoul","surveillanceType":"camera","operator":"","description":""},"geometry":{"type":"Point","coordinates":[127.166504,37.584741]}},{"type":"Feature","properties":{"id":"osm-13536463968","region":"Seoul","surveillanceType":"camera","operator":"","description":""},"geometry":{"type":"Point","coordinates":[127.179506,37.693019]}},{"type":"Feature","properties":{"id":"osm-13536463969","region":"Seoul","surveillanceType":"camera","operator":"","description":""},"geometry":{"type":"Point","coordinates":[127.179423,37.692825]}},{"type":"Feature","properties":{"id":"osm-13536463970","region":"Seoul","surveillanceType":"camera","operator":"","description":""},"geometry":{"type":"Point","coordinates":[127.165959,37.697611]}},{"type":"Feature","properties":{"id":"osm-13536463971","region":"Seoul","surveillanceType":"camera","operator":"","description":""},"geometry":{"type":"Point","coordinates":[127.166225,37.697588]}},{"type":"Feature","properties":{"id":"osm-13536463974","region":"Seoul","surveillanceType":"camera","operator":"","description":""},"geometry":{"type":"Point","coordinates":[127.172421,37.655568]}},{"type":"Feature","properties":{"id":"osm-13536463975","region":"Seoul","surveillanceType":"camera","operator":"","description":""},"geometry":{"type":"Point","coordinates":[127.156194,37.650351]}},{"type":"Feature","properties":{"id":"osm-13536463977","region":"Seoul","surveillanceType":"camera","operator":"","description":""},"geometry":{"type":"Point","coordinates":[127.166894,37.626517]}},{"type":"Feature","properties":{"id":"osm-13536463980","region":"Seoul","surveillanceType":"camera","operator":"","description":""},"geometry":{"type":"Point","coordinates":[127.168058,37.593971]}},{"type":"Feature","properties":{"id":"osm-13536463982","region":"Seoul","surveillanceType":"camera","operator":"","description":""},"geometry":{"type":"Point","coordinates":[127.165087,37.647445]}},{"type":"Feature","properties":{"id":"osm-13536463987","region":"Seoul","surveillanceType":"camera","operator":"","description":""},"geometry":{"type":"Point","coordinates":[127.1052576,37.6814625]}},{"type":"Feature","properties":{"id":"osm-13536463988","region":"Seoul","surveillanceType":"camera","operator":"","description":""},"geometry":{"type":"Point","coordinates":[127.1723263,37.6554654]}},{"type":"Feature","properties":{"id":"osm-13536463993","region":"Seoul","surveillanceType":"camera","operator":"","description":""},"geometry":{"type":"Point","coordinates":[127.1476937,37.6175891]}},{"type":"Feature","properties":{"id":"osm-13536463994","region":"Seoul","surveillanceType":"camera","operator":"","description":""},"geometry":{"type":"Point","coordinates":[127.1570351,37.6057705]}},{"type":"Feature","properties":{"id":"osm-13536463995","region":"Seoul","surveillanceType":"camera","operator":"","description":""},"geometry":{"type":"Point","coordinates":[127.167959,37.593821]}},{"type":"Feature","properties":{"id":"osm-13536463997","region":"Seoul","surveillanceType":"camera","operator":"","description":""},"geometry":{"type":"Point","coordinates":[127.1663886,37.6500435]}},{"type":"Feature","properties":{"id":"osm-13536464000","region":"Seoul","surveillanceType":"camera","operator":"","description":""},"geometry":{"type":"Point","coordinates":[127.1548179,37.6768151]}},{"type":"Feature","properties":{"id":"osm-13536477307","region":"Seoul","surveillanceType":"camera","operator":"","description":""},"geometry":{"type":"Point","coordinates":[127.1629792,37.6204833]}},{"type":"Feature","properties":{"id":"osm-13536477308","region":"Seoul","surveillanceType":"camera","operator":"","description":""},"geometry":{"type":"Point","coordinates":[127.1721554,37.6000569]}},{"type":"Feature","properties":{"id":"osm-13536477309","region":"Seoul","surveillanceType":"camera","operator":"","description":""},"geometry":{"type":"Point","coordinates":[127.1688687,37.5955356]}},{"type":"Feature","properties":{"id":"osm-13536477310","region":"Seoul","surveillanceType":"camera","operator":"","description":""},"geometry":{"type":"Point","coordinates":[127.1773525,37.5963862]}},{"type":"Feature","properties":{"id":"osm-13536477311","region":"Seoul","surveillanceType":"camera","operator":"","description":""},"geometry":{"type":"Point","coordinates":[127.1713011,37.5965947]}},{"type":"Feature","properties":{"id":"osm-13536477312","region":"Seoul","surveillanceType":"camera","operator":"","description":""},"geometry":{"type":"Point","coordinates":[127.1716672,37.6023264]}},{"type":"Feature","properties":{"id":"osm-13536477313","region":"Seoul","surveillanceType":"camera","operator":"","description":""},"geometry":{"type":"Point","coordinates":[127.1732236,37.6025896]}},{"type":"Feature","properties":{"id":"osm-13536477315","region":"Seoul","surveillanceType":"camera","operator":"","description":""},"geometry":{"type":"Point","coordinates":[127.164952,37.609991]}},{"type":"Feature","properties":{"id":"osm-13536477316","region":"Seoul","surveillanceType":"camera","operator":"","description":""},"geometry":{"type":"Point","coordinates":[127.1644668,37.6197647]}},{"type":"Feature","properties":{"id":"osm-1110038413","region":"Singapore","surveillanceType":"camera","operator":"","description":"dome"},"geometry":{"type":"Point","coordinates":[103.8488071,1.2911812]}},{"type":"Feature","properties":{"id":"osm-2402427145","region":"Singapore","surveillanceType":"camera","operator":"","description":""},"geometry":{"type":"Point","coordinates":[103.8509778,1.282557]}},{"type":"Feature","properties":{"id":"osm-3986545419","region":"Singapore","surveillanceType":"camera","operator":"","description":"dome"},"geometry":{"type":"Point","coordinates":[103.8483297,1.2877075]}},{"type":"Feature","properties":{"id":"osm-5011911457","region":"Singapore","surveillanceType":"camera","operator":"Nanyang Polytechnic","description":"fixed"},"geometry":{"type":"Point","coordinates":[103.8500898,1.3791779]}},{"type":"Feature","properties":{"id":"osm-5012158626","region":"Singapore","surveillanceType":"camera","operator":"","description":"fixed"},"geometry":{"type":"Point","coordinates":[103.8489208,1.3797276]}},{"type":"Feature","properties":{"id":"osm-5013112350","region":"Singapore","surveillanceType":"camera","operator":"","description":"dome"},"geometry":{"type":"Point","coordinates":[103.8500052,1.3761376]}},{"type":"Feature","properties":{"id":"osm-5013112351","region":"Singapore","surveillanceType":"camera","operator":"","description":"dome"},"geometry":{"type":"Point","coordinates":[103.8497207,1.3765807]}},{"type":"Feature","properties":{"id":"osm-5013134075","region":"Singapore","surveillanceType":"camera","operator":"","description":"fixed"},"geometry":{"type":"Point","coordinates":[103.8501551,1.3786877]}},{"type":"Feature","properties":{"id":"osm-5013134076","region":"Singapore","surveillanceType":"camera","operator":"","description":"fixed"},"geometry":{"type":"Point","coordinates":[103.8501814,1.3785195]}},{"type":"Feature","properties":{"id":"osm-5013134077","region":"Singapore","surveillanceType":"camera","operator":"Nanyang Polytechnic","description":"dome"},"geometry":{"type":"Point","coordinates":[103.8494083,1.3779877]}},{"type":"Feature","properties":{"id":"osm-5013134078","region":"Singapore","surveillanceType":"camera","operator":"Nanyang Polytechnic","description":"dome"},"geometry":{"type":"Point","coordinates":[103.8493487,1.3779789]}},{"type":"Feature","properties":{"id":"osm-5013134079","region":"Singapore","surveillanceType":"camera","operator":"Nanyang Polytechnic","description":"dome"},"geometry":{"type":"Point","coordinates":[103.8496575,1.3780159]}},{"type":"Feature","properties":{"id":"osm-5013134080","region":"Singapore","surveillanceType":"camera","operator":"Nanyang Polytechnic","description":"dome"},"geometry":{"type":"Point","coordinates":[103.8490803,1.3779351]}},{"type":"Feature","properties":{"id":"osm-5013134081","region":"Singapore","surveillanceType":"camera","operator":"Nanyang Polytechnic","description":"dome"},"geometry":{"type":"Point","coordinates":[103.8491308,1.3779871]}},{"type":"Feature","properties":{"id":"osm-5013134082","region":"Singapore","surveillanceType":"camera","operator":"","description":"dome"},"geometry":{"type":"Point","coordinates":[103.8491947,1.3779969]}},{"type":"Feature","properties":{"id":"osm-5013134083","region":"Singapore","surveillanceType":"camera","operator":"","description":"dome"},"geometry":{"type":"Point","coordinates":[103.8492495,1.3780045]}},{"type":"Feature","properties":{"id":"osm-5013134084","region":"Singapore","surveillanceType":"camera","operator":"","description":"dome"},"geometry":{"type":"Point","coordinates":[103.8493005,1.3780133]}},{"type":"Feature","properties":{"id":"osm-5013134085","region":"Singapore","surveillanceType":"camera","operator":"","description":"dome"},"geometry":{"type":"Point","coordinates":[103.8493508,1.3780225]}},{"type":"Feature","properties":{"id":"osm-5013134086","region":"Singapore","surveillanceType":"camera","operator":"","description":"dome"},"geometry":{"type":"Point","coordinates":[103.8493964,1.3780292]}},{"type":"Feature","properties":{"id":"osm-5013134087","region":"Singapore","surveillanceType":"camera","operator":"","description":"dome"},"geometry":{"type":"Point","coordinates":[103.8494454,1.3780371]}},{"type":"Feature","properties":{"id":"osm-5013134088","region":"Singapore","surveillanceType":"camera","operator":"","description":"dome"},"geometry":{"type":"Point","coordinates":[103.8494876,1.3780426]}},{"type":"Feature","properties":{"id":"osm-5013134089","region":"Singapore","surveillanceType":"camera","operator":"","description":"dome"},"geometry":{"type":"Point","coordinates":[103.8495378,1.3780497]}},{"type":"Feature","properties":{"id":"osm-5013856660","region":"Singapore","surveillanceType":"camera","operator":"Nanyang Polytechnic","description":"fixed"},"geometry":{"type":"Point","coordinates":[103.8494148,1.3801241]}},{"type":"Feature","properties":{"id":"osm-5015688488","region":"Singapore","surveillanceType":"camera","operator":"Nanyang Polytechnic","description":"dome"},"geometry":{"type":"Point","coordinates":[103.849658,1.379959]}},{"type":"Feature","properties":{"id":"osm-5015688489","region":"Singapore","surveillanceType":"camera","operator":"Nanyang Polytechnic","description":"fixed"},"geometry":{"type":"Point","coordinates":[103.849534,1.3800206]}},{"type":"Feature","properties":{"id":"osm-5015688490","region":"Singapore","surveillanceType":"camera","operator":"Nanyang Polytechnic","description":"fixed"},"geometry":{"type":"Point","coordinates":[103.8495382,1.3801595]}},{"type":"Feature","properties":{"id":"osm-5015688491","region":"Singapore","surveillanceType":"camera","operator":"Nanyang Polytechnic","description":"dome"},"geometry":{"type":"Point","coordinates":[103.8495163,1.379842]}},{"type":"Feature","properties":{"id":"osm-5015688492","region":"Singapore","surveillanceType":"camera","operator":"Nanyang Polytechnic","description":"fixed"},"geometry":{"type":"Point","coordinates":[103.8494681,1.3799618]}},{"type":"Feature","properties":{"id":"osm-5015688493","region":"Singapore","surveillanceType":"camera","operator":"Nanyang Polytechnic","description":"fixed"},"geometry":{"type":"Point","coordinates":[103.84949,1.3799774]}},{"type":"Feature","properties":{"id":"osm-5015705308","region":"Singapore","surveillanceType":"camera","operator":"Nanyang Polytechnic","description":"dome"},"geometry":{"type":"Point","coordinates":[103.8495268,1.3800553]}},{"type":"Feature","properties":{"id":"osm-5015705309","region":"Singapore","surveillanceType":"camera","operator":"Nanyang Polytechnic","description":"dome"},"geometry":{"type":"Point","coordinates":[103.8494052,1.3801957]}},{"type":"Feature","properties":{"id":"osm-5015705310","region":"Singapore","surveillanceType":"camera","operator":"Nanyang Polytechnic","description":"dome"},"geometry":{"type":"Point","coordinates":[103.8494082,1.3800445]}},{"type":"Feature","properties":{"id":"osm-5017931800","region":"Singapore","surveillanceType":"camera","operator":"","description":"dome"},"geometry":{"type":"Point","coordinates":[103.8497498,1.3768045]}},{"type":"Feature","properties":{"id":"osm-5017931801","region":"Singapore","surveillanceType":"camera","operator":"","description":"dome"},"geometry":{"type":"Point","coordinates":[103.8497254,1.3766252]}},{"type":"Feature","properties":{"id":"osm-5017931802","region":"Singapore","surveillanceType":"camera","operator":"","description":"dome"},"geometry":{"type":"Point","coordinates":[103.8497228,1.3766008]}},{"type":"Feature","properties":{"id":"osm-5017931803","region":"Singapore","surveillanceType":"camera","operator":"","description":"dome"},"geometry":{"type":"Point","coordinates":[103.8496828,1.376222]}},{"type":"Feature","properties":{"id":"osm-5017964194","region":"Singapore","surveillanceType":"camera","operator":"","description":"fixed"},"geometry":{"type":"Point","coordinates":[103.8495008,1.3697158]}},{"type":"Feature","properties":{"id":"osm-5017964195","region":"Singapore","surveillanceType":"camera","operator":"","description":"fixed"},"geometry":{"type":"Point","coordinates":[103.8494999,1.3697184]}},{"type":"Feature","properties":{"id":"osm-5017964196","region":"Singapore","surveillanceType":"camera","operator":"","description":"fixed"},"geometry":{"type":"Point","coordinates":[103.8495017,1.3697169]}},{"type":"Feature","properties":{"id":"osm-5017964197","region":"Singapore","surveillanceType":"camera","operator":"","description":"fixed"},"geometry":{"type":"Point","coordinates":[103.8494993,1.369716]}},{"type":"Feature","properties":{"id":"osm-5017964198","region":"Singapore","surveillanceType":"camera","operator":"","description":"fixed"},"geometry":{"type":"Point","coordinates":[103.8494988,1.3697174]}},{"type":"Feature","properties":{"id":"osm-5017964199","region":"Singapore","surveillanceType":"camera","operator":"","description":"fixed"},"geometry":{"type":"Point","coordinates":[103.8495012,1.3697182]}},{"type":"Feature","properties":{"id":"osm-5017964203","region":"Singapore","surveillanceType":"camera","operator":"","description":"dome"},"geometry":{"type":"Point","coordinates":[103.8490965,1.3696539]}},{"type":"Feature","properties":{"id":"osm-5022033903","region":"Singapore","surveillanceType":"camera","operator":"","description":"fixed"},"geometry":{"type":"Point","coordinates":[103.8496108,1.3696046]}},{"type":"Feature","properties":{"id":"osm-5022033907","region":"Singapore","surveillanceType":"camera","operator":"","description":"fixed"},"geometry":{"type":"Point","coordinates":[103.8490063,1.370631]}},{"type":"Feature","properties":{"id":"osm-5023770459","region":"Singapore","surveillanceType":"camera","operator":"","description":"dome"},"geometry":{"type":"Point","coordinates":[103.8567341,1.3047335]}},{"type":"Feature","properties":{"id":"osm-5052849272","region":"Singapore","surveillanceType":"camera","operator":"","description":"dome"},"geometry":{"type":"Point","coordinates":[103.848205,1.3716811]}},{"type":"Feature","properties":{"id":"osm-5055132708","region":"Singapore","surveillanceType":"guard","operator":"","description":""},"geometry":{"type":"Point","coordinates":[103.8509683,1.376509]}},{"type":"Feature","properties":{"id":"osm-5059906919","region":"Singapore","surveillanceType":"camera","operator":"","description":"dome"},"geometry":{"type":"Point","coordinates":[103.8482299,1.3716012]}},{"type":"Feature","properties":{"id":"osm-5479254011","region":"Singapore","surveillanceType":"camera","operator":"","description":"panning"},"geometry":{"type":"Point","coordinates":[103.8139403,1.2863306]}},{"type":"Feature","properties":{"id":"osm-5479262810","region":"Singapore","surveillanceType":"camera","operator":"","description":""},"geometry":{"type":"Point","coordinates":[103.8142642,1.2862086]}},{"type":"Feature","properties":{"id":"osm-5479457476","region":"Singapore","surveillanceType":"indoor","operator":"","description":""},"geometry":{"type":"Point","coordinates":[103.8143517,1.2863199]}},{"type":"Feature","properties":{"id":"osm-6190806511","region":"Singapore","surveillanceType":"camera","operator":"","description":""},"geometry":{"type":"Point","coordinates":[103.8465849,1.3333244]}},{"type":"Feature","properties":{"id":"osm-6190806512","region":"Singapore","surveillanceType":"camera","operator":"","description":""},"geometry":{"type":"Point","coordinates":[103.8465218,1.3333445]}},{"type":"Feature","properties":{"id":"osm-6299147385","region":"Singapore","surveillanceType":"camera","operator":"","description":""},"geometry":{"type":"Point","coordinates":[103.8576782,1.3028683]}},{"type":"Feature","properties":{"id":"osm-7082572631","region":"Singapore","surveillanceType":"camera","operator":"","description":""},"geometry":{"type":"Point","coordinates":[103.8107579,1.3741156]}},{"type":"Feature","properties":{"id":"osm-7306116031","region":"Singapore","surveillanceType":"camera","operator":"PUB","description":""},"geometry":{"type":"Point","coordinates":[103.8258587,1.3704578]}},{"type":"Feature","properties":{"id":"osm-7804274831","region":"Singapore","surveillanceType":"camera","operator":"","description":"fixed"},"geometry":{"type":"Point","coordinates":[103.7764555,1.354589]}},{"type":"Feature","properties":{"id":"osm-7843651585","region":"Singapore","surveillanceType":"camera","operator":"","description":"dome"},"geometry":{"type":"Point","coordinates":[103.7753621,1.3418277]}},{"type":"Feature","properties":{"id":"osm-7843651985","region":"Singapore","surveillanceType":"camera","operator":"","description":"dome"},"geometry":{"type":"Point","coordinates":[103.8560193,1.3149985]}},{"type":"Feature","properties":{"id":"osm-7869044703","region":"Singapore","surveillanceType":"camera","operator":"","description":""},"geometry":{"type":"Point","coordinates":[103.8352609,1.344025]}},{"type":"Feature","properties":{"id":"osm-8108565925","region":"Singapore","surveillanceType":"camera","operator":"","description":""},"geometry":{"type":"Point","coordinates":[103.815356,1.3197922]}},{"type":"Feature","properties":{"id":"osm-8108577831","region":"Singapore","surveillanceType":"camera","operator":"","description":""},"geometry":{"type":"Point","coordinates":[103.8152621,1.3196972]}},{"type":"Feature","properties":{"id":"osm-8176574417","region":"Singapore","surveillanceType":"camera","operator":"","description":"dome"},"geometry":{"type":"Point","coordinates":[103.7635067,1.3494583]}},{"type":"Feature","properties":{"id":"osm-8274109821","region":"Singapore","surveillanceType":"camera","operator":"","description":"dome"},"geometry":{"type":"Point","coordinates":[103.8675299,1.3043034]}},{"type":"Feature","properties":{"id":"osm-8305848145","region":"Singapore","surveillanceType":"camera","operator":"","description":""},"geometry":{"type":"Point","coordinates":[103.8496022,1.2980762]}},{"type":"Feature","properties":{"id":"osm-8305848146","region":"Singapore","surveillanceType":"camera","operator":"","description":""},"geometry":{"type":"Point","coordinates":[103.8496975,1.2981931]}},{"type":"Feature","properties":{"id":"osm-8414287972","region":"Singapore","surveillanceType":"camera","operator":"","description":""},"geometry":{"type":"Point","coordinates":[103.8441957,1.3298834]}},{"type":"Feature","properties":{"id":"osm-8482643717","region":"Singapore","surveillanceType":"camera","operator":"","description":"fixed"},"geometry":{"type":"Point","coordinates":[103.802792,1.2645513]}},{"type":"Feature","properties":{"id":"osm-9050983860","region":"Singapore","surveillanceType":"camera","operator":"","description":""},"geometry":{"type":"Point","coordinates":[103.8565313,1.3243475]}},{"type":"Feature","properties":{"id":"osm-9130852218","region":"Singapore","surveillanceType":"camera","operator":"","description":""},"geometry":{"type":"Point","coordinates":[103.8348323,1.3033061]}},{"type":"Feature","properties":{"id":"osm-9131116581","region":"Singapore","surveillanceType":"camera","operator":"","description":""},"geometry":{"type":"Point","coordinates":[103.8431358,1.3299411]}},{"type":"Feature","properties":{"id":"osm-9272089617","region":"Singapore","surveillanceType":"camera","operator":"","description":""},"geometry":{"type":"Point","coordinates":[103.830589,1.3427196]}},{"type":"Feature","properties":{"id":"osm-9560544290","region":"Singapore","surveillanceType":"camera","operator":"","description":""},"geometry":{"type":"Point","coordinates":[103.8209177,1.3849405]}},{"type":"Feature","properties":{"id":"osm-9707089847","region":"Singapore","surveillanceType":"camera","operator":"Land Transport Authority","description":"fixed"},"geometry":{"type":"Point","coordinates":[103.6365985,1.3480981]}},{"type":"Feature","properties":{"id":"osm-9707089850","region":"Singapore","surveillanceType":"camera","operator":"Land Transport Authority","description":"fixed"},"geometry":{"type":"Point","coordinates":[103.6350819,1.3486598]}},{"type":"Feature","properties":{"id":"osm-9707089851","region":"Singapore","surveillanceType":"camera","operator":"Land Transport Authority","description":"fixed"},"geometry":{"type":"Point","coordinates":[103.7682818,1.444041]}},{"type":"Feature","properties":{"id":"osm-9707089855","region":"Singapore","surveillanceType":"camera","operator":"Land Transport Authority","description":"fixed"},"geometry":{"type":"Point","coordinates":[103.7716536,1.4470311]}},{"type":"Feature","properties":{"id":"osm-9708309707","region":"Singapore","surveillanceType":"camera","operator":"Land Transport Authority","description":"fixed"},"geometry":{"type":"Point","coordinates":[103.6754747,1.3223028]}},{"type":"Feature","properties":{"id":"osm-9708309708","region":"Singapore","surveillanceType":"camera","operator":"Land Transport Authority","description":"fixed"},"geometry":{"type":"Point","coordinates":[103.7629744,1.3119556]}},{"type":"Feature","properties":{"id":"osm-9708316318","region":"Singapore","surveillanceType":"camera","operator":"Land Transport Authority","description":"fixed"},"geometry":{"type":"Point","coordinates":[103.6443845,1.3408902]}},{"type":"Feature","properties":{"id":"osm-9708473411","region":"Singapore","surveillanceType":"camera","operator":"Land Transport Authority","description":"fixed"},"geometry":{"type":"Point","coordinates":[103.836871,1.2845039]}},{"type":"Feature","properties":{"id":"osm-9708473412","region":"Singapore","surveillanceType":"camera","operator":"Land Transport Authority","description":"fixed"},"geometry":{"type":"Point","coordinates":[103.8803142,1.2958622]}},{"type":"Feature","properties":{"id":"osm-9708473413","region":"Singapore","surveillanceType":"camera","operator":"Land Transport Authority","description":"fixed"},"geometry":{"type":"Point","coordinates":[103.7953961,1.422102]}},{"type":"Feature","properties":{"id":"osm-9708473414","region":"Singapore","surveillanceType":"camera","operator":"Land Transport Authority","description":"fixed"},"geometry":{"type":"Point","coordinates":[103.7871659,1.4262843]}},{"type":"Feature","properties":{"id":"osm-9708473415","region":"Singapore","surveillanceType":"camera","operator":"Land Transport Authority","description":"fixed"},"geometry":{"type":"Point","coordinates":[103.7711676,1.4141492]}},{"type":"Feature","properties":{"id":"osm-9708473416","region":"Singapore","surveillanceType":"camera","operator":"Land Transport Authority","description":"fixed"},"geometry":{"type":"Point","coordinates":[103.8347456,1.3946705]}},{"type":"Feature","properties":{"id":"osm-9708507317","region":"Singapore","surveillanceType":"camera","operator":"Land Transport Authority","description":"fixed"},"geometry":{"type":"Point","coordinates":[103.7702776,1.3326982]}},{"type":"Feature","properties":{"id":"osm-9708507318","region":"Singapore","surveillanceType":"camera","operator":"Land Transport Authority","description":"fixed"},"geometry":{"type":"Point","coordinates":[103.7721877,1.3904577]}},{"type":"Feature","properties":{"id":"osm-9708507319","region":"Singapore","surveillanceType":"camera","operator":"Land Transport Authority","description":"fixed"},"geometry":{"type":"Point","coordinates":[103.8685187,1.3281788]}},{"type":"Feature","properties":{"id":"osm-9708507320","region":"Singapore","surveillanceType":"camera","operator":"Land Transport Authority","description":"fixed"},"geometry":{"type":"Point","coordinates":[103.7820496,1.2979272]}},{"type":"Feature","properties":{"id":"osm-9708507321","region":"Singapore","surveillanceType":"camera","operator":"Land Transport Authority","description":"fixed"},"geometry":{"type":"Point","coordinates":[103.9053936,1.3635271]}},{"type":"Feature","properties":{"id":"osm-9708507322","region":"Singapore","surveillanceType":"camera","operator":"Land Transport Authority","description":"fixed"},"geometry":{"type":"Point","coordinates":[103.853702,1.3193382]}},{"type":"Feature","properties":{"id":"osm-9708507323","region":"Singapore","surveillanceType":"camera","operator":"Land Transport Authority","description":"fixed"},"geometry":{"type":"Point","coordinates":[103.977859,1.3377574]}},{"type":"Feature","properties":{"id":"osm-9708507324","region":"Singapore","surveillanceType":"camera","operator":"Land Transport Authority","description":"fixed"},"geometry":{"type":"Point","coordinates":[103.8455349,1.3138709]}},{"type":"Feature","properties":{"id":"osm-9708507325","region":"Singapore","surveillanceType":"camera","operator":"Land Transport Authority","description":"fixed"},"geometry":{"type":"Point","coordinates":[103.9168612,1.3309765]}},{"type":"Feature","properties":{"id":"osm-9708507326","region":"Singapore","surveillanceType":"camera","operator":"Land Transport Authority","description":"fixed"},"geometry":{"type":"Point","coordinates":[103.8236107,1.2600072]}},{"type":"Feature","properties":{"id":"osm-9708507327","region":"Singapore","surveillanceType":"camera","operator":"Land Transport Authority","description":"fixed"},"geometry":{"type":"Point","coordinates":[103.8582216,1.3293412]}},{"type":"Feature","properties":{"id":"osm-9708507328","region":"Singapore","surveillanceType":"camera","operator":"Land Transport Authority","description":"fixed"},"geometry":{"type":"Point","coordinates":[103.7952795,1.3494361]}},{"type":"Feature","properties":{"id":"osm-9708507329","region":"Singapore","surveillanceType":"camera","operator":"Land Transport Authority","description":"fixed"},"geometry":{"type":"Point","coordinates":[103.8536138,1.3197118]}},{"type":"Feature","properties":{"id":"osm-9708507330","region":"Singapore","surveillanceType":"camera","operator":"Land Transport Authority","description":"fixed"},"geometry":{"type":"Point","coordinates":[103.762974,1.3119628]}},{"type":"Feature","properties":{"id":"osm-9708507331","region":"Singapore","surveillanceType":"camera","operator":"Land Transport Authority","description":"fixed"},"geometry":{"type":"Point","coordinates":[103.8580623,1.3890757]}},{"type":"Feature","properties":{"id":"osm-9708507332","region":"Singapore","surveillanceType":"camera","operator":"Land Transport Authority","description":"fixed"},"geometry":{"type":"Point","coordinates":[103.7643796,1.3102372]}},{"type":"Feature","properties":{"id":"osm-9708507333","region":"Singapore","surveillanceType":"camera","operator":"Land Transport Authority","description":"fixed"},"geometry":{"type":"Point","coordinates":[103.8304507,1.280373]}},{"type":"Feature","properties":{"id":"osm-9708507334","region":"Singapore","surveillanceType":"camera","operator":"Land Transport Authority","description":"fixed"},"geometry":{"type":"Point","coordinates":[103.7734728,1.4009001]}},{"type":"Feature","properties":{"id":"osm-9708507335","region":"Singapore","surveillanceType":"camera","operator":"Land Transport Authority","description":"fixed"},"geometry":{"type":"Point","coordinates":[103.8750664,1.3195429]}},{"type":"Feature","properties":{"id":"osm-9708507336","region":"Singapore","surveillanceType":"camera","operator":"Land Transport Authority","description":"fixed"},"geometry":{"type":"Point","coordinates":[103.945667,1.3402857]}},{"type":"Feature","properties":{"id":"osm-9708507337","region":"Singapore","surveillanceType":"camera","operator":"Land Transport Authority","description":"fixed"},"geometry":{"type":"Point","coordinates":[103.9051567,1.3956001]}},{"type":"Feature","properties":{"id":"osm-9708507338","region":"Singapore","surveillanceType":"camera","operator":"Land Transport Authority","description":"fixed"},"geometry":{"type":"Point","coordinates":[103.8541464,1.3975988]}},{"type":"Feature","properties":{"id":"osm-9708507339","region":"Singapore","surveillanceType":"camera","operator":"Land Transport Authority","description":"fixed"},"geometry":{"type":"Point","coordinates":[103.8513164,1.2741511]}},{"type":"Feature","properties":{"id":"osm-9708507340","region":"Singapore","surveillanceType":"camera","operator":"Land Transport Authority","description":"fixed"},"geometry":{"type":"Point","coordinates":[103.8910963,1.3227819]}},{"type":"Feature","properties":{"id":"osm-9708507341","region":"Singapore","surveillanceType":"camera","operator":"Land Transport Authority","description":"fixed"},"geometry":{"type":"Point","coordinates":[103.859856,1.3731238]}},{"type":"Feature","properties":{"id":"osm-9708507342","region":"Singapore","surveillanceType":"camera","operator":"Land Transport Authority","description":"fixed"},"geometry":{"type":"Point","coordinates":[103.7857696,1.3442122]}},{"type":"Feature","properties":{"id":"osm-9708507343","region":"Singapore","surveillanceType":"camera","operator":"Land Transport Authority","description":"fixed"},"geometry":{"type":"Point","coordinates":[103.8239186,1.2787356]}},{"type":"Feature","properties":{"id":"osm-9708507344","region":"Singapore","surveillanceType":"camera","operator":"Land Transport Authority","description":"fixed"},"geometry":{"type":"Point","coordinates":[103.7089896,1.3664072]}},{"type":"Feature","properties":{"id":"osm-9708507345","region":"Singapore","surveillanceType":"camera","operator":"Land Transport Authority","description":"fixed"},"geometry":{"type":"Point","coordinates":[103.8238885,1.2602849]}},{"type":"Feature","properties":{"id":"osm-9708507346","region":"Singapore","surveillanceType":"camera","operator":"Land Transport Authority","description":"fixed"},"geometry":{"type":"Point","coordinates":[103.8771737,1.3203679]}},{"type":"Feature","properties":{"id":"osm-9708507347","region":"Singapore","surveillanceType":"camera","operator":"Land Transport Authority","description":"fixed"},"geometry":{"type":"Point","coordinates":[103.8570249,1.4000329]}},{"type":"Feature","properties":{"id":"osm-9708507348","region":"Singapore","surveillanceType":"camera","operator":"Land Transport Authority","description":"fixed"},"geometry":{"type":"Point","coordinates":[103.7478516,1.3899125]}},{"type":"Feature","properties":{"id":"osm-9708507349","region":"Singapore","surveillanceType":"camera","operator":"Land Transport Authority","description":"fixed"},"geometry":{"type":"Point","coordinates":[103.7527296,1.3215372]}},{"type":"Feature","properties":{"id":"osm-9708507350","region":"Singapore","surveillanceType":"camera","operator":"Land Transport Authority","description":"fixed"},"geometry":{"type":"Point","coordinates":[103.972331,1.3266836]}},{"type":"Feature","properties":{"id":"osm-9708507351","region":"Singapore","surveillanceType":"camera","operator":"Land Transport Authority","description":"fixed"},"geometry":{"type":"Point","coordinates":[103.860198,1.3435573]}},{"type":"Feature","properties":{"id":"osm-9708507352","region":"Singapore","surveillanceType":"camera","operator":"Land Transport Authority","description":"fixed"},"geometry":{"type":"Point","coordinates":[103.8268569,1.3265812]}},{"type":"Feature","properties":{"id":"osm-9708507353","region":"Singapore","surveillanceType":"camera","operator":"Land Transport Authority","description":"fixed"},"geometry":{"type":"Point","coordinates":[103.8537084,1.3193322]}},{"type":"Feature","properties":{"id":"osm-9708507354","region":"Singapore","surveillanceType":"camera","operator":"Land Transport Authority","description":"fixed"},"geometry":{"type":"Point","coordinates":[103.9638674,1.3543071]}},{"type":"Feature","properties":{"id":"osm-9708507355","region":"Singapore","surveillanceType":"camera","operator":"Land Transport Authority","description":"fixed"},"geometry":{"type":"Point","coordinates":[103.8615983,1.291592]}},{"type":"Feature","properties":{"id":"osm-9708507356","region":"Singapore","surveillanceType":"camera","operator":"Land Transport Authority","description":"fixed"},"geometry":{"type":"Point","coordinates":[103.8179704,1.394748]}},{"type":"Feature","properties":{"id":"osm-9708507357","region":"Singapore","surveillanceType":"camera","operator":"Land Transport Authority","description":"fixed"},"geometry":{"type":"Point","coordinates":[103.8760558,1.2941061]}},{"type":"Feature","properties":{"id":"osm-9708507358","region":"Singapore","surveillanceType":"camera","operator":"Land Transport Authority","description":"fixed"},"geometry":{"type":"Point","coordinates":[103.8622337,1.328153]}},{"type":"Feature","properties":{"id":"osm-9708507359","region":"Singapore","surveillanceType":"camera","operator":"Land Transport Authority","description":"fixed"},"geometry":{"type":"Point","coordinates":[103.8557884,1.3213246]}},{"type":"Feature","properties":{"id":"osm-9708507360","region":"Singapore","surveillanceType":"camera","operator":"Land Transport Authority","description":"fixed"},"geometry":{"type":"Point","coordinates":[103.8180149,1.3317692]}},{"type":"Feature","properties":{"id":"osm-9708507361","region":"Singapore","surveillanceType":"camera","operator":"Land Transport Authority","description":"fixed"},"geometry":{"type":"Point","coordinates":[103.86639,1.2753049]}},{"type":"Feature","properties":{"id":"osm-9708507362","region":"Singapore","surveillanceType":"camera","operator":"Land Transport Authority","description":"fixed"},"geometry":{"type":"Point","coordinates":[103.7794694,1.3672929]}},{"type":"Feature","properties":{"id":"osm-9708507363","region":"Singapore","surveillanceType":"camera","operator":"Land Transport Authority","description":"fixed"},"geometry":{"type":"Point","coordinates":[103.8728572,1.3239646]}},{"type":"Feature","properties":{"id":"osm-9708507364","region":"Singapore","surveillanceType":"camera","operator":"Land Transport Authority","description":"fixed"},"geometry":{"type":"Point","coordinates":[103.6526314,1.3334195]}},{"type":"Feature","properties":{"id":"osm-9708507365","region":"Singapore","surveillanceType":"camera","operator":"Land Transport Authority","description":"fixed"},"geometry":{"type":"Point","coordinates":[103.7033406,1.3617492]}},{"type":"Feature","properties":{"id":"osm-9708507366","region":"Singapore","surveillanceType":"camera","operator":"Land Transport Authority","description":"fixed"},"geometry":{"type":"Point","coordinates":[103.9294801,1.3769872]}},{"type":"Feature","properties":{"id":"osm-9708507367","region":"Singapore","surveillanceType":"camera","operator":"Land Transport Authority","description":"fixed"},"geometry":{"type":"Point","coordinates":[103.7302796,1.3261872]}},{"type":"Feature","properties":{"id":"osm-9708507368","region":"Singapore","surveillanceType":"camera","operator":"","description":""},"geometry":{"type":"Point","coordinates":[103.8565309,1.3243547]}},{"type":"Feature","properties":{"id":"osm-9708507369","region":"Singapore","surveillanceType":"camera","operator":"Land Transport Authority","description":"fixed"},"geometry":{"type":"Point","coordinates":[103.861828,1.2713581]}},{"type":"Feature","properties":{"id":"osm-9708507370","region":"Singapore","surveillanceType":"camera","operator":"Land Transport Authority","description":"fixed"},"geometry":{"type":"Point","coordinates":[103.8412337,1.3288512]}},{"type":"Feature","properties":{"id":"osm-9708507371","region":"Singapore","surveillanceType":"camera","operator":"Land Transport Authority","description":"fixed"},"geometry":{"type":"Point","coordinates":[103.9105959,1.3014586]}},{"type":"Feature","properties":{"id":"osm-9708507372","region":"Singapore","surveillanceType":"camera","operator":"Land Transport Authority","description":"fixed"},"geometry":{"type":"Point","coordinates":[103.7746996,1.3865072]}},{"type":"Feature","properties":{"id":"osm-9708507373","region":"Singapore","surveillanceType":"camera","operator":"Land Transport Authority","description":"fixed"},"geometry":{"type":"Point","coordinates":[103.9803196,1.3383172]}},{"type":"Feature","properties":{"id":"osm-9708507374","region":"Singapore","surveillanceType":"camera","operator":"Land Transport Authority","description":"fixed"},"geometry":{"type":"Point","coordinates":[103.7693106,1.4295957]}},{"type":"Feature","properties":{"id":"osm-9708507375","region":"Singapore","surveillanceType":"camera","operator":"Land Transport Authority","description":"fixed"},"geometry":{"type":"Point","coordinates":[103.8983015,1.2975197]}},{"type":"Feature","properties":{"id":"osm-9708507376","region":"Singapore","surveillanceType":"camera","operator":"Land Transport Authority","description":"fixed"},"geometry":{"type":"Point","coordinates":[103.6635047,1.3229002]}},{"type":"Feature","properties":{"id":"osm-9708507377","region":"Singapore","surveillanceType":"camera","operator":"Land Transport Authority","description":"fixed"},"geometry":{"type":"Point","coordinates":[103.7160706,1.3563062]}},{"type":"Feature","properties":{"id":"osm-9708507378","region":"Singapore","surveillanceType":"camera","operator":"Land Transport Authority","description":"fixed"},"geometry":{"type":"Point","coordinates":[103.9056179,1.3259542]}},{"type":"Feature","properties":{"id":"osm-9708507379","region":"Singapore","surveillanceType":"camera","operator":"Land Transport Authority","description":"fixed"},"geometry":{"type":"Point","coordinates":[103.8569775,1.2706713]}},{"type":"Feature","properties":{"id":"osm-2403914289","region":"Bangkok","surveillanceType":"camera","operator":"BMTA","description":""},"geometry":{"type":"Point","coordinates":[100.627401,13.737245]}},{"type":"Feature","properties":{"id":"osm-2403914652","region":"Bangkok","surveillanceType":"camera","operator":"","description":""},"geometry":{"type":"Point","coordinates":[100.627777,13.737245]}},{"type":"Feature","properties":{"id":"osm-2403914752","region":"Bangkok","surveillanceType":"camera","operator":"","description":""},"geometry":{"type":"Point","coordinates":[100.627965,13.737205]}},{"type":"Feature","properties":{"id":"osm-2403919204","region":"Bangkok","surveillanceType":"camera","operator":"","description":""},"geometry":{"type":"Point","coordinates":[100.641083,13.735185]}},{"type":"Feature","properties":{"id":"osm-2403926249","region":"Bangkok","surveillanceType":"camera","operator":"","description":""},"geometry":{"type":"Point","coordinates":[100.645994,13.703718]}},{"type":"Feature","properties":{"id":"osm-2403935115","region":"Bangkok","surveillanceType":"camera","operator":"","description":""},"geometry":{"type":"Point","coordinates":[100.647036,13.688392]}},{"type":"Feature","properties":{"id":"osm-2403940201","region":"Bangkok","surveillanceType":"camera","operator":"","description":""},"geometry":{"type":"Point","coordinates":[100.646776,13.686269]}},{"type":"Feature","properties":{"id":"osm-2403958985","region":"Bangkok","surveillanceType":"camera","operator":"","description":""},"geometry":{"type":"Point","coordinates":[100.634228,13.658262]}},{"type":"Feature","properties":{"id":"osm-2403960798","region":"Bangkok","surveillanceType":"camera","operator":"","description":""},"geometry":{"type":"Point","coordinates":[100.632725,13.658652]}},{"type":"Feature","properties":{"id":"osm-2403961520","region":"Bangkok","surveillanceType":"camera","operator":"","description":""},"geometry":{"type":"Point","coordinates":[100.6321725,13.6587917]}},{"type":"Feature","properties":{"id":"osm-2403962181","region":"Bangkok","surveillanceType":"camera","operator":"","description":""},"geometry":{"type":"Point","coordinates":[100.6316951,13.6589142]}},{"type":"Feature","properties":{"id":"osm-2403963005","region":"Bangkok","surveillanceType":"camera","operator":"","description":""},"geometry":{"type":"Point","coordinates":[100.631462,13.659002]}},{"type":"Feature","properties":{"id":"osm-2403965692","region":"Bangkok","surveillanceType":"camera","operator":"","description":""},"geometry":{"type":"Point","coordinates":[100.626251,13.660366]}},{"type":"Feature","properties":{"id":"osm-2403967556","region":"Bangkok","surveillanceType":"camera","operator":"","description":""},"geometry":{"type":"Point","coordinates":[100.626752,13.660366]}},{"type":"Feature","properties":{"id":"osm-2403967819","region":"Bangkok","surveillanceType":"camera","operator":"","description":""},"geometry":{"type":"Point","coordinates":[100.627093,13.660288]}},{"type":"Feature","properties":{"id":"osm-2404835419","region":"Bangkok","surveillanceType":"camera","operator":"","description":""},"geometry":{"type":"Point","coordinates":[100.5845197,13.7199246]}},{"type":"Feature","properties":{"id":"osm-2404838352","region":"Bangkok","surveillanceType":"camera","operator":"","description":""},"geometry":{"type":"Point","coordinates":[100.584404,13.720041]}},{"type":"Feature","properties":{"id":"osm-2404841120","region":"Bangkok","surveillanceType":"camera","operator":"","description":""},"geometry":{"type":"Point","coordinates":[100.579598,13.723397]}},{"type":"Feature","properties":{"id":"osm-2404843940","region":"Bangkok","surveillanceType":"camera","operator":"","description":""},"geometry":{"type":"Point","coordinates":[100.579019,13.723793]}},{"type":"Feature","properties":{"id":"osm-2408046067","region":"Bangkok","surveillanceType":"camera","operator":"","description":""},"geometry":{"type":"Point","coordinates":[100.6365539,13.6445404]}},{"type":"Feature","properties":{"id":"osm-2408047913","region":"Bangkok","surveillanceType":"camera","operator":"","description":""},"geometry":{"type":"Point","coordinates":[100.629113,13.647748]}},{"type":"Feature","properties":{"id":"osm-2408048053","region":"Bangkok","surveillanceType":"camera","operator":"","description":""},"geometry":{"type":"Point","coordinates":[100.629079,13.647738]}},{"type":"Feature","properties":{"id":"osm-2408049014","region":"Bangkok","surveillanceType":"camera","operator":"","description":""},"geometry":{"type":"Point","coordinates":[100.628479,13.647989]}},{"type":"Feature","properties":{"id":"osm-2410559920","region":"Bangkok","surveillanceType":"camera","operator":"","description":""},"geometry":{"type":"Point","coordinates":[100.630131,13.661313]}},{"type":"Feature","properties":{"id":"osm-2422709208","region":"Bangkok","surveillanceType":"camera","operator":"","description":""},"geometry":{"type":"Point","coordinates":[100.621483,13.66175]}},{"type":"Feature","properties":{"id":"osm-2667045972","region":"Bangkok","surveillanceType":"camera","operator":"","description":""},"geometry":{"type":"Point","coordinates":[100.585434,13.726462]}},{"type":"Feature","properties":{"id":"osm-4744462321","region":"Bangkok","surveillanceType":"camera","operator":"","description":""},"geometry":{"type":"Point","coordinates":[100.6268683,13.776149]}},{"type":"Feature","properties":{"id":"osm-5318116021","region":"Bangkok","surveillanceType":"camera","operator":"","description":""},"geometry":{"type":"Point","coordinates":[100.661636,13.684213]}},{"type":"Feature","properties":{"id":"osm-5532523521","region":"Bangkok","surveillanceType":"camera","operator":"","description":""},"geometry":{"type":"Point","coordinates":[100.5588781,13.7394823]}},{"type":"Feature","properties":{"id":"osm-6157743936","region":"Bangkok","surveillanceType":"camera","operator":"","description":"fixed"},"geometry":{"type":"Point","coordinates":[100.4684548,13.8324863]}},{"type":"Feature","properties":{"id":"osm-6157743977","region":"Bangkok","surveillanceType":"camera","operator":"","description":"fixed"},"geometry":{"type":"Point","coordinates":[100.4685803,13.8323522]}},{"type":"Feature","properties":{"id":"osm-6158072392","region":"Bangkok","surveillanceType":"camera","operator":"","description":"fixed"},"geometry":{"type":"Point","coordinates":[100.4703712,13.8299119]}},{"type":"Feature","properties":{"id":"osm-6160217969","region":"Bangkok","surveillanceType":"camera","operator":"","description":"fixed"},"geometry":{"type":"Point","coordinates":[100.4695054,13.8312892]}},{"type":"Feature","properties":{"id":"osm-6160232458","region":"Bangkok","surveillanceType":"camera","operator":"","description":"fixed"},"geometry":{"type":"Point","coordinates":[100.4722799,13.8276232]}},{"type":"Feature","properties":{"id":"osm-6167299758","region":"Bangkok","surveillanceType":"camera","operator":"","description":"fixed"},"geometry":{"type":"Point","coordinates":[100.4879966,13.8419506]}},{"type":"Feature","properties":{"id":"osm-6263384585","region":"Bangkok","surveillanceType":"camera","operator":"","description":""},"geometry":{"type":"Point","coordinates":[100.605784,13.6261779]}},{"type":"Feature","properties":{"id":"osm-7049177385","region":"Bangkok","surveillanceType":"camera","operator":"","description":""},"geometry":{"type":"Point","coordinates":[100.4067036,13.889843]}},{"type":"Feature","properties":{"id":"osm-7202245885","region":"Bangkok","surveillanceType":"camera","operator":"","description":""},"geometry":{"type":"Point","coordinates":[100.4226082,13.850149]}},{"type":"Feature","properties":{"id":"osm-7265849163","region":"Bangkok","surveillanceType":"camera","operator":"","description":"fixed"},"geometry":{"type":"Point","coordinates":[100.484343,13.842566]}},{"type":"Feature","properties":{"id":"osm-7599151807","region":"Bangkok","surveillanceType":"camera","operator":"","description":"fixed"},"geometry":{"type":"Point","coordinates":[100.4709965,13.836084]}},{"type":"Feature","properties":{"id":"osm-7631530016","region":"Bangkok","surveillanceType":"camera","operator":"","description":"fixed"},"geometry":{"type":"Point","coordinates":[100.4693644,13.8311613]}},{"type":"Feature","properties":{"id":"osm-7631530017","region":"Bangkok","surveillanceType":"camera","operator":"","description":"fixed"},"geometry":{"type":"Point","coordinates":[100.469421,13.8310904]}},{"type":"Feature","properties":{"id":"osm-8490530122","region":"Bangkok","surveillanceType":"camera","operator":"","description":"fixed"},"geometry":{"type":"Point","coordinates":[100.4682884,13.8328956]}},{"type":"Feature","properties":{"id":"osm-8505812136","region":"Bangkok","surveillanceType":"camera","operator":"","description":"fixed"},"geometry":{"type":"Point","coordinates":[100.4685765,13.8326254]}},{"type":"Feature","properties":{"id":"osm-8505834149","region":"Bangkok","surveillanceType":"camera","operator":"","description":"fixed"},"geometry":{"type":"Point","coordinates":[100.4674668,13.8334509]}},{"type":"Feature","properties":{"id":"osm-8508634303","region":"Bangkok","surveillanceType":"camera","operator":"","description":"fixed"},"geometry":{"type":"Point","coordinates":[100.4682263,13.8326639]}},{"type":"Feature","properties":{"id":"osm-8508634304","region":"Bangkok","surveillanceType":"camera","operator":"","description":"fixed"},"geometry":{"type":"Point","coordinates":[100.4682055,13.8326446]}},{"type":"Feature","properties":{"id":"osm-8508661936","region":"Bangkok","surveillanceType":"camera","operator":"","description":"fixed"},"geometry":{"type":"Point","coordinates":[100.4683122,13.8328774]}},{"type":"Feature","properties":{"id":"osm-8508666554","region":"Bangkok","surveillanceType":"camera","operator":"","description":"fixed"},"geometry":{"type":"Point","coordinates":[100.4681561,13.8330754]}},{"type":"Feature","properties":{"id":"osm-8515354304","region":"Bangkok","surveillanceType":"camera","operator":"","description":"fixed"},"geometry":{"type":"Point","coordinates":[100.4685209,13.8327925]}},{"type":"Feature","properties":{"id":"osm-8515393398","region":"Bangkok","surveillanceType":"camera","operator":"","description":"fixed"},"geometry":{"type":"Point","coordinates":[100.4882405,13.8419081]}},{"type":"Feature","properties":{"id":"osm-8515393399","region":"Bangkok","surveillanceType":"camera","operator":"","description":"fixed"},"geometry":{"type":"Point","coordinates":[100.4882426,13.8417759]}},{"type":"Feature","properties":{"id":"osm-8515393400","region":"Bangkok","surveillanceType":"camera","operator":"","description":"fixed"},"geometry":{"type":"Point","coordinates":[100.4884133,13.8419052]}},{"type":"Feature","properties":{"id":"osm-8515393401","region":"Bangkok","surveillanceType":"camera","operator":"","description":"fixed"},"geometry":{"type":"Point","coordinates":[100.4886583,13.8419032]}},{"type":"Feature","properties":{"id":"osm-8515393402","region":"Bangkok","surveillanceType":"camera","operator":"","description":"fixed"},"geometry":{"type":"Point","coordinates":[100.4886623,13.84177]}},{"type":"Feature","properties":{"id":"osm-8515502394","region":"Bangkok","surveillanceType":"camera","operator":"","description":"fixed"},"geometry":{"type":"Point","coordinates":[100.4880729,13.8419102]}},{"type":"Feature","properties":{"id":"osm-8515513122","region":"Bangkok","surveillanceType":"camera","operator":"","description":"dome"},"geometry":{"type":"Point","coordinates":[100.4890806,13.84189]}},{"type":"Feature","properties":{"id":"osm-8515959094","region":"Bangkok","surveillanceType":"camera","operator":"","description":"fixed"},"geometry":{"type":"Point","coordinates":[100.4723178,13.8275745]}},{"type":"Feature","properties":{"id":"osm-8515980031","region":"Bangkok","surveillanceType":"camera","operator":"","description":"fixed"},"geometry":{"type":"Point","coordinates":[100.470094,13.8304894]}},{"type":"Feature","properties":{"id":"osm-8515980032","region":"Bangkok","surveillanceType":"camera","operator":"","description":"fixed"},"geometry":{"type":"Point","coordinates":[100.4701634,13.830402]}},{"type":"Feature","properties":{"id":"osm-9206582650","region":"Bangkok","surveillanceType":"camera","operator":"","description":"fixed"},"geometry":{"type":"Point","coordinates":[100.4684235,13.8323919]}},{"type":"Feature","properties":{"id":"osm-9206582651","region":"Bangkok","surveillanceType":"camera","operator":"","description":"fixed"},"geometry":{"type":"Point","coordinates":[100.4684298,13.8323445]}},{"type":"Feature","properties":{"id":"osm-9208878676","region":"Bangkok","surveillanceType":"camera","operator":"","description":"fixed"},"geometry":{"type":"Point","coordinates":[100.4684472,13.8323594]}},{"type":"Feature","properties":{"id":"osm-9213039487","region":"Bangkok","surveillanceType":"camera","operator":"","description":"fixed"},"geometry":{"type":"Point","coordinates":[100.4684449,13.8324099]}},{"type":"Feature","properties":{"id":"osm-10285340040","region":"Bangkok","surveillanceType":"camera","operator":"","description":"fixed"},"geometry":{"type":"Point","coordinates":[100.4681224,13.8330482]}},{"type":"Feature","properties":{"id":"osm-10792809764","region":"Bangkok","surveillanceType":"camera","operator":"","description":"fixed"},"geometry":{"type":"Point","coordinates":[100.5232341,13.7358622]}},{"type":"Feature","properties":{"id":"osm-11160986596","region":"Bangkok","surveillanceType":"camera","operator":"","description":"fixed"},"geometry":{"type":"Point","coordinates":[100.5259148,13.7296396]}},{"type":"Feature","properties":{"id":"osm-11278983418","region":"Bangkok","surveillanceType":"camera","operator":"","description":"fixed"},"geometry":{"type":"Point","coordinates":[100.5329574,13.7159275]}},{"type":"Feature","properties":{"id":"osm-11934696933","region":"Bangkok","surveillanceType":"camera","operator":"","description":"fixed"},"geometry":{"type":"Point","coordinates":[100.5468432,13.7115561]}},{"type":"Feature","properties":{"id":"osm-11944005555","region":"Bangkok","surveillanceType":"camera","operator":"","description":"fixed"},"geometry":{"type":"Point","coordinates":[100.5483406,13.7144953]}},{"type":"Feature","properties":{"id":"osm-12052491929","region":"Bangkok","surveillanceType":"camera","operator":"","description":"panning"},"geometry":{"type":"Point","coordinates":[100.6882141,13.7548701]}},{"type":"Feature","properties":{"id":"osm-12672244916","region":"Bangkok","surveillanceType":"camera","operator":"","description":"fixed"},"geometry":{"type":"Point","coordinates":[100.6538048,13.7164467]}},{"type":"Feature","properties":{"id":"osm-12715559993","region":"Bangkok","surveillanceType":"camera","operator":"","description":""},"geometry":{"type":"Point","coordinates":[100.5583267,13.7330208]}},{"type":"Feature","properties":{"id":"osm-13179442588","region":"Bangkok","surveillanceType":"camera","operator":"","description":"fixed"},"geometry":{"type":"Point","coordinates":[100.5230978,13.762767]}},{"type":"Feature","properties":{"id":"osm-13183407731","region":"Bangkok","surveillanceType":"camera","operator":"","description":"fixed"},"geometry":{"type":"Point","coordinates":[100.5123219,13.7424282]}},{"type":"Feature","properties":{"id":"osm-13185306996","region":"Bangkok","surveillanceType":"camera","operator":"","description":"fixed"},"geometry":{"type":"Point","coordinates":[100.5254282,13.7620303]}},{"type":"Feature","properties":{"id":"osm-13360934768","region":"Bangkok","surveillanceType":"camera","operator":"","description":""},"geometry":{"type":"Point","coordinates":[100.5144953,13.7320402]}},{"type":"Feature","properties":{"id":"osm-13448182203","region":"Bangkok","surveillanceType":"camera","operator":"","description":""},"geometry":{"type":"Point","coordinates":[100.5281337,13.7329012]}},{"type":"Feature","properties":{"id":"osm-13448182204","region":"Bangkok","surveillanceType":"camera","operator":"","description":""},"geometry":{"type":"Point","coordinates":[100.5257523,13.7337575]}},{"type":"Feature","properties":{"id":"osm-13448182205","region":"Bangkok","surveillanceType":"camera","operator":"","description":""},"geometry":{"type":"Point","coordinates":[100.5257804,13.7338242]}},{"type":"Feature","properties":{"id":"osm-13448182206","region":"Bangkok","surveillanceType":"camera","operator":"","description":""},"geometry":{"type":"Point","coordinates":[100.5252324,13.7334532]}},{"type":"Feature","properties":{"id":"osm-13448182207","region":"Bangkok","surveillanceType":"camera","operator":"","description":""},"geometry":{"type":"Point","coordinates":[100.5248072,13.732532]}},{"type":"Feature","properties":{"id":"osm-13448182208","region":"Bangkok","surveillanceType":"camera","operator":"","description":""},"geometry":{"type":"Point","coordinates":[100.5252275,13.7319086]}},{"type":"Feature","properties":{"id":"osm-13448182209","region":"Bangkok","surveillanceType":"camera","operator":"","description":""},"geometry":{"type":"Point","coordinates":[100.5267569,13.7321643]}},{"type":"Feature","properties":{"id":"osm-13448182210","region":"Bangkok","surveillanceType":"camera","operator":"","description":""},"geometry":{"type":"Point","coordinates":[100.5270836,13.7315635]}},{"type":"Feature","properties":{"id":"osm-13448182211","region":"Bangkok","surveillanceType":"camera","operator":"","description":""},"geometry":{"type":"Point","coordinates":[100.5286152,13.7323013]}},{"type":"Feature","properties":{"id":"osm-13448182212","region":"Bangkok","surveillanceType":"camera","operator":"","description":""},"geometry":{"type":"Point","coordinates":[100.5288376,13.7323322]}},{"type":"Feature","properties":{"id":"osm-13448182213","region":"Bangkok","surveillanceType":"camera","operator":"","description":""},"geometry":{"type":"Point","coordinates":[100.5260347,13.7322605]}},{"type":"Feature","properties":{"id":"osm-13448182214","region":"Bangkok","surveillanceType":"camera","operator":"","description":""},"geometry":{"type":"Point","coordinates":[100.5258711,13.7321697]}},{"type":"Feature","properties":{"id":"osm-13448182215","region":"Bangkok","surveillanceType":"camera","operator":"","description":""},"geometry":{"type":"Point","coordinates":[100.524852,13.7317403]}},{"type":"Feature","properties":{"id":"osm-13448182216","region":"Bangkok","surveillanceType":"camera","operator":"","description":""},"geometry":{"type":"Point","coordinates":[100.5229139,13.7314019]}},{"type":"Feature","properties":{"id":"osm-13448182217","region":"Bangkok","surveillanceType":"camera","operator":"","description":""},"geometry":{"type":"Point","coordinates":[100.5228776,13.731519]}},{"type":"Feature","properties":{"id":"osm-13448182218","region":"Bangkok","surveillanceType":"camera","operator":"","description":""},"geometry":{"type":"Point","coordinates":[100.5226397,13.7314489]}},{"type":"Feature","properties":{"id":"osm-13448182219","region":"Bangkok","surveillanceType":"camera","operator":"","description":""},"geometry":{"type":"Point","coordinates":[100.5231794,13.7315621]}},{"type":"Feature","properties":{"id":"osm-13448182220","region":"Bangkok","surveillanceType":"camera","operator":"","description":""},"geometry":{"type":"Point","coordinates":[100.5217559,13.7313187]}},{"type":"Feature","properties":{"id":"osm-13448182221","region":"Bangkok","surveillanceType":"camera","operator":"","description":""},"geometry":{"type":"Point","coordinates":[100.5201323,13.7310515]}},{"type":"Feature","properties":{"id":"osm-13448182222","region":"Bangkok","surveillanceType":"camera","operator":"","description":""},"geometry":{"type":"Point","coordinates":[100.5201087,13.730911]}},{"type":"Feature","properties":{"id":"osm-13448182223","region":"Bangkok","surveillanceType":"camera","operator":"","description":""},"geometry":{"type":"Point","coordinates":[100.5189011,13.7308538]}},{"type":"Feature","properties":{"id":"osm-13448182224","region":"Bangkok","surveillanceType":"camera","operator":"","description":""},"geometry":{"type":"Point","coordinates":[100.5194245,13.7309665]}},{"type":"Feature","properties":{"id":"osm-13448182225","region":"Bangkok","surveillanceType":"camera","operator":"","description":""},"geometry":{"type":"Point","coordinates":[100.5182883,13.7304624]}},{"type":"Feature","properties":{"id":"osm-13448182226","region":"Bangkok","surveillanceType":"camera","operator":"","description":""},"geometry":{"type":"Point","coordinates":[100.5180979,13.7306875]}},{"type":"Feature","properties":{"id":"osm-13448182227","region":"Bangkok","surveillanceType":"camera","operator":"","description":""},"geometry":{"type":"Point","coordinates":[100.5175463,13.7305583]}},{"type":"Feature","properties":{"id":"osm-13448182228","region":"Bangkok","surveillanceType":"camera","operator":"","description":""},"geometry":{"type":"Point","coordinates":[100.5171746,13.7305005]}},{"type":"Feature","properties":{"id":"osm-13448182229","region":"Bangkok","surveillanceType":"camera","operator":"","description":""},"geometry":{"type":"Point","coordinates":[100.5163368,13.7303857]}},{"type":"Feature","properties":{"id":"osm-13448182230","region":"Bangkok","surveillanceType":"camera","operator":"","description":""},"geometry":{"type":"Point","coordinates":[100.5161916,13.7303649]}},{"type":"Feature","properties":{"id":"osm-13448182231","region":"Bangkok","surveillanceType":"camera","operator":"","description":""},"geometry":{"type":"Point","coordinates":[100.515741,13.7301221]}},{"type":"Feature","properties":{"id":"osm-13448182233","region":"Bangkok","surveillanceType":"camera","operator":"","description":""},"geometry":{"type":"Point","coordinates":[100.5155799,13.7301139]}},{"type":"Feature","properties":{"id":"osm-13448182234","region":"Bangkok","surveillanceType":"camera","operator":"","description":""},"geometry":{"type":"Point","coordinates":[100.5155503,13.7302275]}},{"type":"Feature","properties":{"id":"osm-13448182237","region":"Bangkok","surveillanceType":"camera","operator":"","description":""},"geometry":{"type":"Point","coordinates":[100.513972,13.7299442]}},{"type":"Feature","properties":{"id":"osm-13448182238","region":"Bangkok","surveillanceType":"camera","operator":"","description":""},"geometry":{"type":"Point","coordinates":[100.5138289,13.7296883]}},{"type":"Feature","properties":{"id":"osm-13448182239","region":"Bangkok","surveillanceType":"camera","operator":"","description":""},"geometry":{"type":"Point","coordinates":[100.514026,13.7287354]}},{"type":"Feature","properties":{"id":"osm-13448182240","region":"Bangkok","surveillanceType":"camera","operator":"","description":""},"geometry":{"type":"Point","coordinates":[100.5139941,13.7287395]}},{"type":"Feature","properties":{"id":"osm-13448182241","region":"Bangkok","surveillanceType":"camera","operator":"","description":""},"geometry":{"type":"Point","coordinates":[100.5144418,13.728419]}},{"type":"Feature","properties":{"id":"osm-13448182243","region":"Bangkok","surveillanceType":"camera","operator":"","description":""},"geometry":{"type":"Point","coordinates":[100.5155683,13.7290441]}},{"type":"Feature","properties":{"id":"osm-13448182244","region":"Bangkok","surveillanceType":"camera","operator":"","description":""},"geometry":{"type":"Point","coordinates":[100.513853,13.7307783]}},{"type":"Feature","properties":{"id":"osm-13448182245","region":"Bangkok","surveillanceType":"camera","operator":"","description":""},"geometry":{"type":"Point","coordinates":[100.5137382,13.7311317]}},{"type":"Feature","properties":{"id":"osm-13448182246","region":"Bangkok","surveillanceType":"camera","operator":"","description":""},"geometry":{"type":"Point","coordinates":[100.5142741,13.7311711]}},{"type":"Feature","properties":{"id":"osm-13448182247","region":"Bangkok","surveillanceType":"camera","operator":"","description":""},"geometry":{"type":"Point","coordinates":[100.5147956,13.732043]}},{"type":"Feature","properties":{"id":"osm-13448182248","region":"Bangkok","surveillanceType":"camera","operator":"","description":""},"geometry":{"type":"Point","coordinates":[100.5148496,13.7322102]}},{"type":"Feature","properties":{"id":"osm-13448182250","region":"Bangkok","surveillanceType":"camera","operator":"","description":""},"geometry":{"type":"Point","coordinates":[100.514397,13.7320348]}},{"type":"Feature","properties":{"id":"osm-13448182251","region":"Bangkok","surveillanceType":"camera","operator":"","description":""},"geometry":{"type":"Point","coordinates":[100.5137754,13.7319183]}},{"type":"Feature","properties":{"id":"osm-13448182252","region":"Bangkok","surveillanceType":"camera","operator":"","description":""},"geometry":{"type":"Point","coordinates":[100.5155424,13.731825]}},{"type":"Feature","properties":{"id":"osm-13448182253","region":"Bangkok","surveillanceType":"camera","operator":"","description":""},"geometry":{"type":"Point","coordinates":[100.5156695,13.7322419]}},{"type":"Feature","properties":{"id":"osm-13448182255","region":"Bangkok","surveillanceType":"camera","operator":"","description":""},"geometry":{"type":"Point","coordinates":[100.5157972,13.7326877]}},{"type":"Feature","properties":{"id":"osm-13448182256","region":"Bangkok","surveillanceType":"camera","operator":"","description":""},"geometry":{"type":"Point","coordinates":[100.5158344,13.7330754]}},{"type":"Feature","properties":{"id":"osm-13448182257","region":"Bangkok","surveillanceType":"camera","operator":"","description":""},"geometry":{"type":"Point","coordinates":[100.5159491,13.7341899]}},{"type":"Feature","properties":{"id":"osm-13448182258","region":"Bangkok","surveillanceType":"camera","operator":"","description":""},"geometry":{"type":"Point","coordinates":[100.5160073,13.7351979]}},{"type":"Feature","properties":{"id":"osm-13448182259","region":"Bangkok","surveillanceType":"camera","operator":"","description":""},"geometry":{"type":"Point","coordinates":[100.5162054,13.7346007]}},{"type":"Feature","properties":{"id":"osm-13448182260","region":"Bangkok","surveillanceType":"camera","operator":"","description":""},"geometry":{"type":"Point","coordinates":[100.5161482,13.7352802]}},{"type":"Feature","properties":{"id":"osm-13448182261","region":"Bangkok","surveillanceType":"camera","operator":"","description":""},"geometry":{"type":"Point","coordinates":[100.5162825,13.7376769]}},{"type":"Feature","properties":{"id":"osm-13448182262","region":"Bangkok","surveillanceType":"camera","operator":"","description":""},"geometry":{"type":"Point","coordinates":[100.515993,13.7377331]}},{"type":"Feature","properties":{"id":"osm-13448182263","region":"Bangkok","surveillanceType":"camera","operator":"","description":""},"geometry":{"type":"Point","coordinates":[100.5163175,13.7375962]}},{"type":"Feature","properties":{"id":"osm-13448182264","region":"Bangkok","surveillanceType":"camera","operator":"","description":""},"geometry":{"type":"Point","coordinates":[100.5164254,13.7377879]}},{"type":"Feature","properties":{"id":"osm-13448182265","region":"Bangkok","surveillanceType":"camera","operator":"","description":""},"geometry":{"type":"Point","coordinates":[100.5168798,13.7379855]}},{"type":"Feature","properties":{"id":"osm-13453068572","region":"Bangkok","surveillanceType":"camera","operator":"","description":""},"geometry":{"type":"Point","coordinates":[100.5024318,13.7544497]}},{"type":"Feature","properties":{"id":"osm-13691965721","region":"Bangkok","surveillanceType":"camera","operator":"","description":""},"geometry":{"type":"Point","coordinates":[100.4400562,13.9046722]}},{"type":"Feature","properties":{"id":"osm-13691965722","region":"Bangkok","surveillanceType":"camera","operator":"","description":""},"geometry":{"type":"Point","coordinates":[100.4303115,13.9064075]}},{"type":"Feature","properties":{"id":"osm-13691965728","region":"Bangkok","surveillanceType":"camera","operator":"","description":""},"geometry":{"type":"Point","coordinates":[100.3819234,13.9275312]}},{"type":"Feature","properties":{"id":"osm-13691965729","region":"Bangkok","surveillanceType":"camera","operator":"","description":""},"geometry":{"type":"Point","coordinates":[100.376032,13.9301999]}},{"type":"Feature","properties":{"id":"osm-13691965730","region":"Bangkok","surveillanceType":"camera","operator":"","description":""},"geometry":{"type":"Point","coordinates":[100.3629744,13.9335605]}},{"type":"Feature","properties":{"id":"osm-13691965731","region":"Bangkok","surveillanceType":"camera","operator":"","description":""},"geometry":{"type":"Point","coordinates":[100.3620849,13.9402151]}},{"type":"Feature","properties":{"id":"osm-13691965733","region":"Bangkok","surveillanceType":"camera","operator":"","description":""},"geometry":{"type":"Point","coordinates":[100.3578999,13.9373711]}},{"type":"Feature","properties":{"id":"osm-13691965734","region":"Bangkok","surveillanceType":"camera","operator":"","description":""},"geometry":{"type":"Point","coordinates":[100.3508464,13.9298226]}},{"type":"Feature","properties":{"id":"osm-13894775434","region":"Bangkok","surveillanceType":"camera","operator":"","description":""},"geometry":{"type":"Point","coordinates":[100.5012073,13.7540471]}},{"type":"Feature","properties":{"id":"osm-13901336882","region":"Bangkok","surveillanceType":"camera","operator":"","description":""},"geometry":{"type":"Point","coordinates":[100.5046368,13.7529288]}},{"type":"Feature","properties":{"id":"osm-13960323660","region":"Bangkok","surveillanceType":"camera","operator":"","description":""},"geometry":{"type":"Point","coordinates":[100.4972481,13.7532514]}},{"type":"Feature","properties":{"id":"osm-14003938650","region":"Bangkok","surveillanceType":"camera","operator":"","description":""},"geometry":{"type":"Point","coordinates":[100.4979773,13.7546552]}},{"type":"Feature","properties":{"id":"osm-14003938651","region":"Bangkok","surveillanceType":"camera","operator":"","description":""},"geometry":{"type":"Point","coordinates":[100.4978599,13.7546786]}},{"type":"Feature","properties":{"id":"osm-866143912","region":"Sydney","surveillanceType":"camera","operator":"Roads and Traffic Authority","description":""},"geometry":{"type":"Point","coordinates":[151.2146548,-33.9244688]}},{"type":"Feature","properties":{"id":"osm-875370199","region":"Sydney","surveillanceType":"camera","operator":"","description":""},"geometry":{"type":"Point","coordinates":[151.1551474,-33.9394549]}},{"type":"Feature","properties":{"id":"osm-875372320","region":"Sydney","surveillanceType":"camera","operator":"","description":""},"geometry":{"type":"Point","coordinates":[151.1417964,-33.9446431]}},{"type":"Feature","properties":{"id":"osm-1009670665","region":"Sydney","surveillanceType":"camera","operator":"","description":""},"geometry":{"type":"Point","coordinates":[151.2062057,-33.8590164]}},{"type":"Feature","properties":{"id":"osm-2471675882","region":"Sydney","surveillanceType":"ALPR","operator":"","description":""},"geometry":{"type":"Point","coordinates":[151.199506,-33.8242975]}},{"type":"Feature","properties":{"id":"osm-4242649422","region":"Sydney","surveillanceType":"camera","operator":"","description":""},"geometry":{"type":"Point","coordinates":[151.2150163,-33.8698268]}},{"type":"Feature","properties":{"id":"osm-4529564559","region":"Sydney","surveillanceType":"outdoor","operator":"","description":""},"geometry":{"type":"Point","coordinates":[151.1449194,-33.8926994]}},{"type":"Feature","properties":{"id":"osm-5031310088","region":"Sydney","surveillanceType":"camera","operator":"Transport for NSW","description":""},"geometry":{"type":"Point","coordinates":[151.1682393,-33.8117642]}},{"type":"Feature","properties":{"id":"osm-5218827383","region":"Sydney","surveillanceType":"camera","operator":"","description":"dome"},"geometry":{"type":"Point","coordinates":[151.2006201,-33.8743286]}},{"type":"Feature","properties":{"id":"osm-5218828729","region":"Sydney","surveillanceType":"camera","operator":"","description":"dome"},"geometry":{"type":"Point","coordinates":[151.2014243,-33.8733368]}},{"type":"Feature","properties":{"id":"osm-5261329262","region":"Sydney","surveillanceType":"camera","operator":"Transport for NSW","description":""},"geometry":{"type":"Point","coordinates":[151.2798762,-33.7638092]}},{"type":"Feature","properties":{"id":"osm-5568089630","region":"Sydney","surveillanceType":"public","operator":"","description":""},"geometry":{"type":"Point","coordinates":[151.1819132,-33.7991217]}},{"type":"Feature","properties":{"id":"osm-5568089631","region":"Sydney","surveillanceType":"public","operator":"","description":""},"geometry":{"type":"Point","coordinates":[151.1820151,-33.7990442]}},{"type":"Feature","properties":{"id":"osm-5591123717","region":"Sydney","surveillanceType":"camera","operator":"","description":"dome"},"geometry":{"type":"Point","coordinates":[151.2570391,-33.9205372]}},{"type":"Feature","properties":{"id":"osm-5591123718","region":"Sydney","surveillanceType":"camera","operator":"","description":"dome"},"geometry":{"type":"Point","coordinates":[151.257194,-33.9201057]}},{"type":"Feature","properties":{"id":"osm-5647511830","region":"Sydney","surveillanceType":"camera","operator":"","description":"fixed"},"geometry":{"type":"Point","coordinates":[151.112873,-33.914972]}},{"type":"Feature","properties":{"id":"osm-5735609001","region":"Sydney","surveillanceType":"camera","operator":"","description":""},"geometry":{"type":"Point","coordinates":[151.2108944,-33.8389027]}},{"type":"Feature","properties":{"id":"osm-6939097612","region":"Sydney","surveillanceType":"camera","operator":"Transport for NSW","description":""},"geometry":{"type":"Point","coordinates":[151.280884,-33.7585986]}},{"type":"Feature","properties":{"id":"osm-6959923417","region":"Sydney","surveillanceType":"camera","operator":"","description":""},"geometry":{"type":"Point","coordinates":[151.1405931,-33.9450593]}},{"type":"Feature","properties":{"id":"osm-6959923505","region":"Sydney","surveillanceType":"camera","operator":"","description":""},"geometry":{"type":"Point","coordinates":[151.1407452,-33.9451096]}},{"type":"Feature","properties":{"id":"osm-7506551789","region":"Sydney","surveillanceType":"camera","operator":"","description":"fixed"},"geometry":{"type":"Point","coordinates":[151.2220091,-33.8982992]}},{"type":"Feature","properties":{"id":"osm-9518343049","region":"Sydney","surveillanceType":"camera","operator":"","description":"fixed"},"geometry":{"type":"Point","coordinates":[151.1721301,-33.8876615]}},{"type":"Feature","properties":{"id":"osm-9954481563","region":"Sydney","surveillanceType":"camera","operator":"","description":"fixed"},"geometry":{"type":"Point","coordinates":[151.2741727,-33.7818613]}},{"type":"Feature","properties":{"id":"osm-10101221822","region":"Sydney","surveillanceType":"camera","operator":"Waverley Council","description":"dome"},"geometry":{"type":"Point","coordinates":[151.2806065,-33.8899455]}},{"type":"Feature","properties":{"id":"osm-10101221823","region":"Sydney","surveillanceType":"camera","operator":"Waverley Council","description":"dome"},"geometry":{"type":"Point","coordinates":[151.280603,-33.8899489]}},{"type":"Feature","properties":{"id":"osm-10101225324","region":"Sydney","surveillanceType":"camera","operator":"Waverley Council","description":"dome"},"geometry":{"type":"Point","coordinates":[151.2807588,-33.8899727]}},{"type":"Feature","properties":{"id":"osm-10669010556","region":"Sydney","surveillanceType":"camera","operator":"","description":""},"geometry":{"type":"Point","coordinates":[151.2397113,-33.8666419]}},{"type":"Feature","properties":{"id":"osm-11004960905","region":"Sydney","surveillanceType":"camera","operator":"","description":"dome"},"geometry":{"type":"Point","coordinates":[151.21704,-33.8649438]}},{"type":"Feature","properties":{"id":"osm-11088628613","region":"Sydney","surveillanceType":"camera","operator":"","description":"dome"},"geometry":{"type":"Point","coordinates":[151.2086774,-33.8768633]}},{"type":"Feature","properties":{"id":"osm-11223493323","region":"Sydney","surveillanceType":"camera","operator":"","description":""},"geometry":{"type":"Point","coordinates":[151.2193691,-33.8667228]}},{"type":"Feature","properties":{"id":"osm-11345605104","region":"Sydney","surveillanceType":"camera","operator":"","description":"dome"},"geometry":{"type":"Point","coordinates":[151.1191784,-33.9054637]}},{"type":"Feature","properties":{"id":"osm-11359860824","region":"Sydney","surveillanceType":"camera","operator":"","description":""},"geometry":{"type":"Point","coordinates":[151.2095049,-33.846309]}},{"type":"Feature","properties":{"id":"osm-11365213262","region":"Sydney","surveillanceType":"camera","operator":"","description":"fixed"},"geometry":{"type":"Point","coordinates":[151.1128738,-33.9149734]}},{"type":"Feature","properties":{"id":"osm-11365213263","region":"Sydney","surveillanceType":"camera","operator":"","description":"fixed"},"geometry":{"type":"Point","coordinates":[151.1128711,-33.9149728]}},{"type":"Feature","properties":{"id":"osm-11422576672","region":"Sydney","surveillanceType":"camera","operator":"","description":"fixed"},"geometry":{"type":"Point","coordinates":[151.1269359,-33.9062542]}},{"type":"Feature","properties":{"id":"osm-11425468905","region":"Sydney","surveillanceType":"traffic","operator":"","description":""},"geometry":{"type":"Point","coordinates":[151.1124273,-33.936687]}},{"type":"Feature","properties":{"id":"osm-11575263117","region":"Sydney","surveillanceType":"camera","operator":"","description":"dome"},"geometry":{"type":"Point","coordinates":[151.206904,-33.8686075]}},{"type":"Feature","properties":{"id":"osm-11738345555","region":"Sydney","surveillanceType":"camera","operator":"","description":""},"geometry":{"type":"Point","coordinates":[151.2522724,-33.8855055]}},{"type":"Feature","properties":{"id":"osm-11822992962","region":"Sydney","surveillanceType":"camera","operator":"","description":""},"geometry":{"type":"Point","coordinates":[151.2351008,-33.8723986]}},{"type":"Feature","properties":{"id":"osm-11845558929","region":"Sydney","surveillanceType":"camera","operator":"","description":""},"geometry":{"type":"Point","coordinates":[151.2332557,-33.8764297]}},{"type":"Feature","properties":{"id":"osm-11863198612","region":"Sydney","surveillanceType":"camera","operator":"","description":""},"geometry":{"type":"Point","coordinates":[151.242278,-33.8737052]}},{"type":"Feature","properties":{"id":"osm-11863198614","region":"Sydney","surveillanceType":"camera","operator":"","description":""},"geometry":{"type":"Point","coordinates":[151.2425222,-33.8731918]}},{"type":"Feature","properties":{"id":"osm-11863198615","region":"Sydney","surveillanceType":"camera","operator":"","description":""},"geometry":{"type":"Point","coordinates":[151.2424338,-33.8734765]}},{"type":"Feature","properties":{"id":"osm-11872761045","region":"Sydney","surveillanceType":"camera","operator":"","description":""},"geometry":{"type":"Point","coordinates":[151.2442591,-33.8739247]}},{"type":"Feature","properties":{"id":"osm-11872761046","region":"Sydney","surveillanceType":"camera","operator":"","description":""},"geometry":{"type":"Point","coordinates":[151.2440786,-33.8739409]}},{"type":"Feature","properties":{"id":"osm-11872796151","region":"Sydney","surveillanceType":"camera","operator":"","description":""},"geometry":{"type":"Point","coordinates":[151.24402,-33.8741458]}},{"type":"Feature","properties":{"id":"osm-11877800932","region":"Sydney","surveillanceType":"camera","operator":"","description":"panning"},"geometry":{"type":"Point","coordinates":[151.2136637,-33.8679788]}},{"type":"Feature","properties":{"id":"osm-11878671690","region":"Sydney","surveillanceType":"camera","operator":"","description":""},"geometry":{"type":"Point","coordinates":[151.1898426,-33.8701282]}},{"type":"Feature","properties":{"id":"osm-11878684408","region":"Sydney","surveillanceType":"camera","operator":"","description":""},"geometry":{"type":"Point","coordinates":[151.1895057,-33.869989]}},{"type":"Feature","properties":{"id":"osm-11878697758","region":"Sydney","surveillanceType":"camera","operator":"","description":""},"geometry":{"type":"Point","coordinates":[151.1907071,-33.8705733]}},{"type":"Feature","properties":{"id":"osm-11878709424","region":"Sydney","surveillanceType":"camera","operator":"","description":""},"geometry":{"type":"Point","coordinates":[151.1903576,-33.8704216]}},{"type":"Feature","properties":{"id":"osm-11880505997","region":"Sydney","surveillanceType":"camera","operator":"","description":""},"geometry":{"type":"Point","coordinates":[151.1896472,-33.9462478]}},{"type":"Feature","properties":{"id":"osm-11890769235","region":"Sydney","surveillanceType":"camera","operator":"","description":""},"geometry":{"type":"Point","coordinates":[151.2009232,-33.8890199]}},{"type":"Feature","properties":{"id":"osm-11920690591","region":"Sydney","surveillanceType":"camera","operator":"","description":""},"geometry":{"type":"Point","coordinates":[151.2420635,-33.8758496]}},{"type":"Feature","properties":{"id":"osm-11934285966","region":"Sydney","surveillanceType":"camera","operator":"","description":""},"geometry":{"type":"Point","coordinates":[151.1897982,-33.869509]}},{"type":"Feature","properties":{"id":"osm-11955318835","region":"Sydney","surveillanceType":"camera","operator":"","description":""},"geometry":{"type":"Point","coordinates":[151.1928606,-33.8700296]}},{"type":"Feature","properties":{"id":"osm-11955329867","region":"Sydney","surveillanceType":"camera","operator":"","description":""},"geometry":{"type":"Point","coordinates":[151.1901839,-33.8702946]}},{"type":"Feature","properties":{"id":"osm-11955344609","region":"Sydney","surveillanceType":"camera","operator":"","description":""},"geometry":{"type":"Point","coordinates":[151.1904894,-33.8704742]}},{"type":"Feature","properties":{"id":"osm-11955351474","region":"Sydney","surveillanceType":"camera","operator":"","description":""},"geometry":{"type":"Point","coordinates":[151.1908329,-33.8705123]}},{"type":"Feature","properties":{"id":"osm-11955355090","region":"Sydney","surveillanceType":"camera","operator":"","description":""},"geometry":{"type":"Point","coordinates":[151.1899423,-33.8701655]}},{"type":"Feature","properties":{"id":"osm-11955358154","region":"Sydney","surveillanceType":"camera","operator":"","description":""},"geometry":{"type":"Point","coordinates":[151.1952519,-33.8693878]}},{"type":"Feature","properties":{"id":"osm-11955360750","region":"Sydney","surveillanceType":"camera","operator":"","description":""},"geometry":{"type":"Point","coordinates":[151.1895108,-33.8699506]}},{"type":"Feature","properties":{"id":"osm-11955365821","region":"Sydney","surveillanceType":"camera","operator":"","description":""},"geometry":{"type":"Point","coordinates":[151.1951629,-33.869541]}},{"type":"Feature","properties":{"id":"osm-11959681460","region":"Sydney","surveillanceType":"camera","operator":"","description":""},"geometry":{"type":"Point","coordinates":[151.1999541,-33.879088]}},{"type":"Feature","properties":{"id":"osm-11959684042","region":"Sydney","surveillanceType":"camera","operator":"","description":""},"geometry":{"type":"Point","coordinates":[151.2000897,-33.8789938]}},{"type":"Feature","properties":{"id":"osm-11959715904","region":"Sydney","surveillanceType":"camera","operator":"","description":""},"geometry":{"type":"Point","coordinates":[151.2004356,-33.8790645]}},{"type":"Feature","properties":{"id":"osm-11959725028","region":"Sydney","surveillanceType":"camera","operator":"","description":""},"geometry":{"type":"Point","coordinates":[151.199357,-33.8788275]}},{"type":"Feature","properties":{"id":"osm-11962105555","region":"Sydney","surveillanceType":"camera","operator":"","description":""},"geometry":{"type":"Point","coordinates":[151.1912055,-33.8703772]}},{"type":"Feature","properties":{"id":"osm-11962119476","region":"Sydney","surveillanceType":"camera","operator":"","description":""},"geometry":{"type":"Point","coordinates":[151.1910423,-33.8701941]}},{"type":"Feature","properties":{"id":"osm-11968101935","region":"Sydney","surveillanceType":"camera","operator":"","description":""},"geometry":{"type":"Point","coordinates":[151.2389334,-33.8669952]}},{"type":"Feature","properties":{"id":"osm-11982329418","region":"Sydney","surveillanceType":"camera","operator":"","description":""},"geometry":{"type":"Point","coordinates":[151.2186984,-33.8670049]}},{"type":"Feature","properties":{"id":"osm-11982506704","region":"Sydney","surveillanceType":"camera","operator":"","description":""},"geometry":{"type":"Point","coordinates":[151.1945477,-33.8847643]}},{"type":"Feature","properties":{"id":"osm-11982522667","region":"Sydney","surveillanceType":"camera","operator":"","description":""},"geometry":{"type":"Point","coordinates":[151.1833337,-33.8934996]}},{"type":"Feature","properties":{"id":"osm-11989149947","region":"Sydney","surveillanceType":"camera","operator":"","description":""},"geometry":{"type":"Point","coordinates":[151.1888626,-33.8666735]}},{"type":"Feature","properties":{"id":"osm-11991179201","region":"Sydney","surveillanceType":"camera","operator":"","description":""},"geometry":{"type":"Point","coordinates":[151.2339243,-33.8735753]}},{"type":"Feature","properties":{"id":"osm-11993537056","region":"Sydney","surveillanceType":"camera","operator":"","description":""},"geometry":{"type":"Point","coordinates":[151.1944077,-33.87071]}},{"type":"Feature","properties":{"id":"osm-12007820337","region":"Sydney","surveillanceType":"camera","operator":"","description":""},"geometry":{"type":"Point","coordinates":[151.2335425,-33.8742307]}},{"type":"Feature","properties":{"id":"osm-12013321586","region":"Sydney","surveillanceType":"camera","operator":"","description":""},"geometry":{"type":"Point","coordinates":[151.2336342,-33.873759]}},{"type":"Feature","properties":{"id":"osm-12027262419","region":"Sydney","surveillanceType":"camera","operator":"","description":""},"geometry":{"type":"Point","coordinates":[151.2291625,-33.8698927]}},{"type":"Feature","properties":{"id":"osm-12027822400","region":"Sydney","surveillanceType":"camera","operator":"","description":""},"geometry":{"type":"Point","coordinates":[151.1872804,-33.8696009]}},{"type":"Feature","properties":{"id":"osm-12027822922","region":"Sydney","surveillanceType":"camera","operator":"Transport for NSW","description":""},"geometry":{"type":"Point","coordinates":[151.1304806,-33.7913519]}},{"type":"Feature","properties":{"id":"osm-12027841344","region":"Sydney","surveillanceType":"camera","operator":"","description":""},"geometry":{"type":"Point","coordinates":[151.1342803,-33.7939368]}},{"type":"Feature","properties":{"id":"osm-12027841345","region":"Sydney","surveillanceType":"camera","operator":"Transport for NSW","description":""},"geometry":{"type":"Point","coordinates":[151.1453647,-33.8016677]}},{"type":"Feature","properties":{"id":"osm-12027841734","region":"Sydney","surveillanceType":"camera","operator":"","description":""},"geometry":{"type":"Point","coordinates":[151.1119496,-33.7812109]}},{"type":"Feature","properties":{"id":"osm-12027859991","region":"Sydney","surveillanceType":"camera","operator":"","description":""},"geometry":{"type":"Point","coordinates":[151.1595043,-33.8560916]}},{"type":"Feature","properties":{"id":"osm-12027860493","region":"Sydney","surveillanceType":"camera","operator":"","description":""},"geometry":{"type":"Point","coordinates":[151.1116502,-33.7812768]}},{"type":"Feature","properties":{"id":"osm-12027860494","region":"Sydney","surveillanceType":"camera","operator":"","description":""},"geometry":{"type":"Point","coordinates":[151.1543986,-33.851117]}},{"type":"Feature","properties":{"id":"osm-12027860495","region":"Sydney","surveillanceType":"camera","operator":"","description":""},"geometry":{"type":"Point","coordinates":[151.1575931,-33.8543821]}},{"type":"Feature","properties":{"id":"osm-12027861668","region":"Sydney","surveillanceType":"camera","operator":"Transport for NSW","description":""},"geometry":{"type":"Point","coordinates":[151.1515176,-33.8168689]}},{"type":"Feature","properties":{"id":"osm-12027869989","region":"Sydney","surveillanceType":"camera","operator":"","description":""},"geometry":{"type":"Point","coordinates":[151.1123346,-33.7815575]}},{"type":"Feature","properties":{"id":"osm-12027870864","region":"Sydney","surveillanceType":"camera","operator":"","description":""},"geometry":{"type":"Point","coordinates":[151.1635144,-33.8601415]}},{"type":"Feature","properties":{"id":"osm-12027871170","region":"Sydney","surveillanceType":"camera","operator":"","description":""},"geometry":{"type":"Point","coordinates":[151.1125985,-33.7817782]}},{"type":"Feature","properties":{"id":"osm-12027871171","region":"Sydney","surveillanceType":"camera","operator":"","description":""},"geometry":{"type":"Point","coordinates":[151.1134791,-33.7814742]}},{"type":"Feature","properties":{"id":"osm-12027871384","region":"Sydney","surveillanceType":"camera","operator":"","description":""},"geometry":{"type":"Point","coordinates":[151.1122579,-33.7813387]}},{"type":"Feature","properties":{"id":"osm-12027871385","region":"Sydney","surveillanceType":"camera","operator":"Transport for NSW","description":""},"geometry":{"type":"Point","coordinates":[151.1501902,-33.8250736]}},{"type":"Feature","properties":{"id":"osm-12027871657","region":"Sydney","surveillanceType":"camera","operator":"","description":""},"geometry":{"type":"Point","coordinates":[151.1121838,-33.7809868]}},{"type":"Feature","properties":{"id":"osm-12027875085","region":"Sydney","surveillanceType":"camera","operator":"","description":""},"geometry":{"type":"Point","coordinates":[151.1122588,-33.7813622]}},{"type":"Feature","properties":{"id":"osm-12027875086","region":"Sydney","surveillanceType":"camera","operator":"Transport for NSW","description":""},"geometry":{"type":"Point","coordinates":[151.1520993,-33.8472787]}},{"type":"Feature","properties":{"id":"osm-12027876981","region":"Sydney","surveillanceType":"camera","operator":"","description":""},"geometry":{"type":"Point","coordinates":[151.1544301,-33.8510158]}},{"type":"Feature","properties":{"id":"osm-12027879369","region":"Sydney","surveillanceType":"camera","operator":"","description":""},"geometry":{"type":"Point","coordinates":[151.1933402,-33.8718819]}},{"type":"Feature","properties":{"id":"osm-12027879370","region":"Sydney","surveillanceType":"camera","operator":"","description":""},"geometry":{"type":"Point","coordinates":[151.1545964,-33.8512309]}},{"type":"Feature","properties":{"id":"osm-12034857080","region":"Sydney","surveillanceType":"camera","operator":"","description":""},"geometry":{"type":"Point","coordinates":[151.2400813,-33.8733626]}},{"type":"Feature","properties":{"id":"osm-12035761408","region":"Sydney","surveillanceType":"camera","operator":"","description":""},"geometry":{"type":"Point","coordinates":[151.202969,-33.8792931]}},{"type":"Feature","properties":{"id":"osm-12035761674","region":"Sydney","surveillanceType":"camera","operator":"","description":""},"geometry":{"type":"Point","coordinates":[151.2025171,-33.8793394]}},{"type":"Feature","properties":{"id":"osm-12036982118","region":"Sydney","surveillanceType":"camera","operator":"","description":""},"geometry":{"type":"Point","coordinates":[151.1942943,-33.864779]}},{"type":"Feature","properties":{"id":"osm-12036983632","region":"Sydney","surveillanceType":"camera","operator":"","description":""},"geometry":{"type":"Point","coordinates":[151.1954372,-33.86349]}},{"type":"Feature","properties":{"id":"osm-12036985365","region":"Sydney","surveillanceType":"camera","operator":"","description":""},"geometry":{"type":"Point","coordinates":[151.1954186,-33.8633503]}},{"type":"Feature","properties":{"id":"osm-12037020915","region":"Sydney","surveillanceType":"camera","operator":"","description":""},"geometry":{"type":"Point","coordinates":[151.1958884,-33.8627492]}},{"type":"Feature","properties":{"id":"osm-12037021926","region":"Sydney","surveillanceType":"camera","operator":"","description":""},"geometry":{"type":"Point","coordinates":[151.1947205,-33.8642293]}},{"type":"Feature","properties":{"id":"osm-12039245189","region":"Sydney","surveillanceType":"camera","operator":"","description":""},"geometry":{"type":"Point","coordinates":[151.1901845,-33.8703033]}},{"type":"Feature","properties":{"id":"osm-12042599882","region":"Sydney","surveillanceType":"camera","operator":"","description":""},"geometry":{"type":"Point","coordinates":[151.2382019,-33.8736683]}},{"type":"Feature","properties":{"id":"osm-12042599884","region":"Sydney","surveillanceType":"camera","operator":"","description":""},"geometry":{"type":"Point","coordinates":[151.2381972,-33.8736974]}},{"type":"Feature","properties":{"id":"osm-12043237953","region":"Sydney","surveillanceType":"camera","operator":"","description":""},"geometry":{"type":"Point","coordinates":[151.1938067,-33.8692855]}},{"type":"Feature","properties":{"id":"osm-12043251788","region":"Sydney","surveillanceType":"camera","operator":"","description":""},"geometry":{"type":"Point","coordinates":[151.1932287,-33.8682732]}},{"type":"Feature","properties":{"id":"osm-12046781953","region":"Sydney","surveillanceType":"camera","operator":"","description":""},"geometry":{"type":"Point","coordinates":[151.2382806,-33.873775]}},{"type":"Feature","properties":{"id":"osm-12048042142","region":"Sydney","surveillanceType":"camera","operator":"","description":""},"geometry":{"type":"Point","coordinates":[151.2446595,-33.8769346]}},{"type":"Feature","properties":{"id":"osm-12049228217","region":"Sydney","surveillanceType":"camera","operator":"","description":"dome"},"geometry":{"type":"Point","coordinates":[151.2242759,-33.873304]}},{"type":"Feature","properties":{"id":"osm-12063936654","region":"Sydney","surveillanceType":"camera","operator":"","description":""},"geometry":{"type":"Point","coordinates":[151.2389274,-33.8668406]}},{"type":"Feature","properties":{"id":"osm-12070548950","region":"Sydney","surveillanceType":"camera","operator":"","description":""},"geometry":{"type":"Point","coordinates":[151.2385784,-33.86812]}},{"type":"Feature","properties":{"id":"osm-12089792760","region":"Sydney","surveillanceType":"camera","operator":"","description":""},"geometry":{"type":"Point","coordinates":[151.1949056,-33.8639942]}},{"type":"Feature","properties":{"id":"osm-12089812123","region":"Sydney","surveillanceType":"camera","operator":"","description":""},"geometry":{"type":"Point","coordinates":[151.1942376,-33.8648447]}},{"type":"Feature","properties":{"id":"osm-12089843185","region":"Sydney","surveillanceType":"camera","operator":"","description":""},"geometry":{"type":"Point","coordinates":[151.1938214,-33.8648043]}},{"type":"Feature","properties":{"id":"osm-12089873954","region":"Sydney","surveillanceType":"camera","operator":"","description":""},"geometry":{"type":"Point","coordinates":[151.1948012,-33.8642845]}},{"type":"Feature","properties":{"id":"osm-12090225090","region":"Sydney","surveillanceType":"guard","operator":"","description":""},"geometry":{"type":"Point","coordinates":[151.2120634,-33.8467212]}},{"type":"Feature","properties":{"id":"osm-12097820515","region":"Sydney","surveillanceType":"camera","operator":"","description":"panning"},"geometry":{"type":"Point","coordinates":[151.2176731,-33.8672207]}},{"type":"Feature","properties":{"id":"osm-12117711211","region":"Sydney","surveillanceType":"camera","operator":"","description":""},"geometry":{"type":"Point","coordinates":[151.1547919,-33.8511811]}},{"type":"Feature","properties":{"id":"osm-12119150094","region":"Sydney","surveillanceType":"camera","operator":"","description":""},"geometry":{"type":"Point","coordinates":[151.2237722,-33.867704]}},{"type":"Feature","properties":{"id":"osm-12133433233","region":"Sydney","surveillanceType":"camera","operator":"","description":""},"geometry":{"type":"Point","coordinates":[151.193414,-33.8690673]}},{"type":"Feature","properties":{"id":"osm-12150773664","region":"Sydney","surveillanceType":"camera","operator":"","description":""},"geometry":{"type":"Point","coordinates":[151.1987297,-33.8872036]}},{"type":"Feature","properties":{"id":"osm-12161236611","region":"Sydney","surveillanceType":"camera","operator":"","description":""},"geometry":{"type":"Point","coordinates":[151.2010651,-33.8740834]}},{"type":"Feature","properties":{"id":"osm-12161243047","region":"Sydney","surveillanceType":"camera","operator":"","description":""},"geometry":{"type":"Point","coordinates":[151.198896,-33.8700578]}},{"type":"Feature","properties":{"id":"osm-12161245340","region":"Sydney","surveillanceType":"camera","operator":"","description":""},"geometry":{"type":"Point","coordinates":[151.199741,-33.8727994]}},{"type":"Feature","properties":{"id":"osm-12161246112","region":"Sydney","surveillanceType":"camera","operator":"","description":""},"geometry":{"type":"Point","coordinates":[151.1978867,-33.8700047]}},{"type":"Feature","properties":{"id":"osm-12161249038","region":"Sydney","surveillanceType":"camera","operator":"","description":""},"geometry":{"type":"Point","coordinates":[151.2000716,-33.8733051]}},{"type":"Feature","properties":{"id":"osm-12162751082","region":"Sydney","surveillanceType":"camera","operator":"","description":""},"geometry":{"type":"Point","coordinates":[151.2022143,-33.8586235]}},{"type":"Feature","properties":{"id":"osm-12162751083","region":"Sydney","surveillanceType":"camera","operator":"","description":""},"geometry":{"type":"Point","coordinates":[151.2001117,-33.8705319]}},{"type":"Feature","properties":{"id":"osm-12162762077","region":"Sydney","surveillanceType":"camera","operator":"","description":""},"geometry":{"type":"Point","coordinates":[151.197409,-33.8698274]}},{"type":"Feature","properties":{"id":"osm-12162762321","region":"Sydney","surveillanceType":"camera","operator":"","description":""},"geometry":{"type":"Point","coordinates":[151.2005911,-33.8617461]}},{"type":"Feature","properties":{"id":"osm-12162762324","region":"Sydney","surveillanceType":"camera","operator":"","description":""},"geometry":{"type":"Point","coordinates":[151.2025759,-33.8708239]}},{"type":"Feature","properties":{"id":"osm-12162769844","region":"Sydney","surveillanceType":"camera","operator":"","description":""},"geometry":{"type":"Point","coordinates":[151.1979163,-33.8700066]}},{"type":"Feature","properties":{"id":"osm-12162773476","region":"Sydney","surveillanceType":"camera","operator":"","description":""},"geometry":{"type":"Point","coordinates":[151.1949401,-33.8698026]}},{"type":"Feature","properties":{"id":"osm-12162777036","region":"Sydney","surveillanceType":"camera","operator":"","description":""},"geometry":{"type":"Point","coordinates":[151.2005642,-33.8608814]}},{"type":"Feature","properties":{"id":"osm-12162783454","region":"Sydney","surveillanceType":"camera","operator":"","description":""},"geometry":{"type":"Point","coordinates":[151.1960192,-33.8696562]}},{"type":"Feature","properties":{"id":"osm-12162796928","region":"Sydney","surveillanceType":"camera","operator":"","description":""},"geometry":{"type":"Point","coordinates":[151.2019689,-33.8595276]}},{"type":"Feature","properties":{"id":"osm-12162798988","region":"Sydney","surveillanceType":"camera","operator":"","description":""},"geometry":{"type":"Point","coordinates":[151.1963751,-33.8697142]}},{"type":"Feature","properties":{"id":"osm-12162798989","region":"Sydney","surveillanceType":"camera","operator":"","description":""},"geometry":{"type":"Point","coordinates":[151.1956794,-33.8696129]}},{"type":"Feature","properties":{"id":"osm-12162803083","region":"Sydney","surveillanceType":"camera","operator":"","description":""},"geometry":{"type":"Point","coordinates":[151.2007076,-33.8628785]}},{"type":"Feature","properties":{"id":"osm-12162803086","region":"Sydney","surveillanceType":"camera","operator":"","description":""},"geometry":{"type":"Point","coordinates":[151.1946716,-33.8694761]}},{"type":"Feature","properties":{"id":"osm-12162803284","region":"Sydney","surveillanceType":"camera","operator":"","description":""},"geometry":{"type":"Point","coordinates":[151.2010928,-33.8632469]}},{"type":"Feature","properties":{"id":"osm-12162803286","region":"Sydney","surveillanceType":"camera","operator":"","description":""},"geometry":{"type":"Point","coordinates":[151.2024719,-33.8586154]}}]}