{"type":"FeatureCollection","generatedAt":"2026-08-05T08:07:09.199Z","attribution":"Data from USAspending.gov — a work of the U.S. federal government, public domain.","license":"Public domain (U.S. government work)","sourceName":"USAspending.gov (search/spending_by_award)","sourceUrl":"https://api.usaspending.gov/","note":"Federal PRIME contract awards from DHS and DOJ to documented surveillance-technology vendors, aggregated to the state of the award's place of performance. An award documents a purchase, not a deployment: place of performance is often a vendor facility or contracting office, not a surveillance site. State-level aggregation is deliberate — finer geocoding would imply precision the data does not carry. Awards are matched by VENDOR, so a vendor's non-surveillance business with these agencies is included too.","window":{"start":"2015-01-01","end":"2026-08-05"},"awardingAgencies":["Department of Homeland Security","Department of Justice"],"awardTypeCodes":["A","B","C","D"],"caps":{"maxPagesPerVendor":5,"pageLimit":100,"maxAwardsPerStateDetail":25,"note":"At most 500 awards per vendor are read, highest amount first."},"counts":{"states":41,"awards":1695,"totalObligatedUsd":2443828402,"perVendor":{"Axon Enterprise":213,"Palantir":51,"Motorola Solutions":496,"Cellebrite":493,"Magnet Forensics":288,"Clearview AI":13,"SoundThinking (ShotSpotter)":5,"Grayshift":94,"Flock Safety":0,"Verkada":0,"Genetec":10,"BriefCam":0,"Babel Street":32,"PenLink":0}},"features":[{"type":"Feature","properties":{"id":"usas-DC","state":"DC","totalAmount":565217523,"awardCount":251,"vendorCount":10,"topVendor":"Motorola Solutions","vendors":[{"name":"Motorola Solutions","amount":272094001,"count":74},{"name":"Palantir","amount":235678993,"count":26},{"name":"Magnet Forensics","amount":19486179,"count":54},{"name":"Axon Enterprise","amount":13475965,"count":16},{"name":"Grayshift","amount":10553382,"count":13},{"name":"Cellebrite","amount":6605213,"count":56},{"name":"Babel Street","amount":3872468,"count":8},{"name":"SoundThinking (ShotSpotter)","amount":2318893,"count":2},{"name":"Clearview AI","amount":1102500,"count":1},{"name":"Genetec","amount":29930,"count":1}],"awards":[{"vendor":"Palantir","awardId":"DJJ25080001","recipient":"PALANTIR TECHNOLOGIES INC.","amount":57998387,"agency":"Department of Justice","subAgency":"Offices, Boards and Divisions","startDate":"2014-09-30","endDate":"2020-03-31","description":"IGF::OT::IGF","awardType":"BPA CALL","url":"https://www.usaspending.gov/award/CONT_AWD_DJJ25080001_1501_DJJ14F2508_1501"},{"vendor":"Palantir","awardId":"70CTD019FR0000268","recipient":"PALANTIR TECHNOLOGIES INC.","amount":43565619,"agency":"Department of Homeland Security","subAgency":"U.S. Immigration and Customs Enforcement","startDate":"2019-09-25","endDate":"2022-09-25","description":"AMB # 15547 APFS P2019045458- NEW ICM LICENSES, HOSTING, HELPDESK, AND O&M SUPPORT; OVERALL POP: 9/26/2019 - 3/25/2023-COR/POC:  MAURICE LEE,(202) 732-7603, MAURICE.LEE@ICE.DHS.GOV","awardType":"DELIVERY ORDER","url":"https://www.usaspending.gov/award/CONT_AWD_70CTD019FR0000268_7012_GS35F0086U_4730"},{"vendor":"Motorola Solutions","awardId":"70US0920F1DHS0136","recipient":"MOTOROLA SOLUTIONS, INC.","amount":41058877,"agency":"Department of Homeland Security","subAgency":"U.S. Secret Service","startDate":"2020-09-02","endDate":"2022-03-01","description":"20-DV-RCB-APX RADIOS&SUPPLIES","awardType":"DELIVERY ORDER","url":"https://www.usaspending.gov/award/CONT_AWD_70US0920F1DHS0136_7009_70B04C19D00000010_7014"},{"vendor":"Motorola Solutions","awardId":"70US0924F1DHS2128","recipient":"MOTOROLA SOLUTIONS, INC.","amount":40771626,"agency":"Department of Homeland Security","subAgency":"U.S. Secret Service","startDate":"2024-09-30","endDate":"2026-09-29","description":"ENTERPRISE RADIO CORE ASTRO 25 RADIO SYSTEMS UPGRADE AGREEMENT INFRASTRUCTURE REFRESH, SECURITY, AND SUPPORT SERVICES","awardType":"DELIVERY ORDER","url":"https://www.usaspending.gov/award/CONT_AWD_70US0924F1DHS2128_7009_70B04C19D00000035_7014"},{"vendor":"Motorola Solutions","awardId":"70US0922F1DHS2302","recipient":"MOTOROLA SOLUTIONS, INC.","amount":38206146,"agency":"Department of Homeland Security","subAgency":"U.S. Secret Service","startDate":"2022-09-22","endDate":"2023-09-21","description":"MOTOROLA INFRASTRUCTURE","awardType":"DELIVERY ORDER","url":"https://www.usaspending.gov/award/CONT_AWD_70US0922F1DHS2302_7009_70B04C19D00000035_7014"},{"vendor":"Palantir","awardId":"DJF171200D0003021","recipient":"PALANTIR TECHNOLOGIES INC.","amount":30292091,"agency":"Department of Justice","subAgency":"Federal Bureau of Investigation","startDate":"2017-09-29","endDate":"2023-10-28","description":"FEPP BPA, TO # 2, EKAP MAINTENANCE SERVICE IGF::OT::IGF","awardType":"BPA CALL","url":"https://www.usaspending.gov/award/CONT_AWD_DJF171200D0003021_1549_DJF171200S0008254_1549"},{"vendor":"Motorola Solutions","awardId":"70CTD023FR0000148","recipient":"MOTOROLA SOLUTIONS, INC.","amount":20916061,"agency":"Department of Homeland Security","subAgency":"U.S. Immigration and Customs Enforcement","startDate":"2023-09-25","endDate":"2027-05-02","description":"ICE REQUIRES ASTRO 25 SECURITY UPDATE SERVICE (SUS) AND (40) HOURS PER MONTH OF CYBERSECURITY ENGINEERING SUPPORT TO MITIGATE CYBERSECURITY RISK.","awardType":"DELIVERY ORDER","url":"https://www.usaspending.gov/award/CONT_AWD_70CTD023FR0000148_7012_70B04C19D00000035_7014"},{"vendor":"Palantir","awardId":"70US0926F2GSA2328","recipient":"PALANTIR TECHNOLOGIES INC.","amount":18653252,"agency":"Department of Homeland Security","subAgency":"U.S. Secret Service","startDate":"2026-03-18","endDate":"2027-03-17","description":"DATA MODELING","awardType":"BPA CALL","url":"https://www.usaspending.gov/award/CONT_AWD_70US0926F2GSA2328_7009_70RTAC26A00000001_7001"},{"vendor":"Motorola Solutions","awardId":"HSSS0116J0220","recipient":"MOTOROLA SOLUTIONS, INC.","amount":17861757,"agency":"Department of Homeland Security","subAgency":"U.S. Secret Service","startDate":"2016-09-02","endDate":"2016-12-23","description":"APX6500 VHF HIGH POWER MOBILE RADIOS","awardType":"DELIVERY ORDER","url":"https://www.usaspending.gov/award/CONT_AWD_HSSS0116J0220_7009_HSSS0112D0002_7009"},{"vendor":"Motorola Solutions","awardId":"70US0920F1DHS0164","recipient":"MOTOROLA SOLUTIONS, INC.","amount":17444344,"agency":"Department of Homeland Security","subAgency":"U.S. Secret Service","startDate":"2020-09-30","endDate":"2023-09-30","description":"ENTERPRISE RADIO CORE SUA","awardType":"DELIVERY ORDER","url":"https://www.usaspending.gov/award/CONT_AWD_70US0920F1DHS0164_7009_70B04C19D00000010_7014"},{"vendor":"Palantir","awardId":"DJJ25080003","recipient":"PALANTIR TECHNOLOGIES INC.","amount":12985992,"agency":"Department of Justice","subAgency":"Offices, Boards and Divisions","startDate":"2014-11-06","endDate":"2019-11-10","description":"IGF::OT::IGF","awardType":"BPA CALL","url":"https://www.usaspending.gov/award/CONT_AWD_DJJ25080003_1501_DJJ14F2508_1501"},{"vendor":"Palantir","awardId":"HSCETC13F00030","recipient":"PALANTIR TECHNOLOGIES INC.","amount":12080066,"agency":"Department of Homeland Security","subAgency":"U.S. Immigration and Customs Enforcement","startDate":"2013-06-14","endDate":"2015-05-27","description":"IGF::OT::IGF FALCON OPERATIONS AND MAINTENANCE (O&M) SUPPORT SERVICES FOR PALANTIR GOVERNMENT, A PROPRIETARY SOFTWARE PRODUCT OF PALANTIR TECHNOLOGIES, INC.","awardType":"DELIVERY ORDER","url":"https://www.usaspending.gov/award/CONT_AWD_HSCETC13F00030_7012_GS35F0086U_4730"},{"vendor":"Motorola Solutions","awardId":"HSCEMD08F00215","recipient":"MOTOROLA SOLUTIONS, INC.","amount":11178968,"agency":"Department of Homeland Security","subAgency":"U.S. Immigration and Customs Enforcement","startDate":"2008-09-13","endDate":"2017-03-07","description":"THE REQUIREMENT IS TO PROCURE DIGITAL, ENCRYPTED, NARROWBAND, INTEROPERABLE EQUIPMENT (E.G. SUBSCRIBER) TO ADDRESS MISSION-CRITICAL REQUIRMENTS OF ICE","awardType":"DELIVERY ORDER","url":"https://www.usaspending.gov/award/CONT_AWD_HSCEMD08F00215_7012_GS35F0004L_4730"},{"vendor":"Palantir","awardId":"DJJ25080004","recipient":"PALANTIR TECHNOLOGIES INC.","amount":10602860,"agency":"Department of Justice","subAgency":"Offices, Boards and Divisions","startDate":"2015-06-01","endDate":"2018-05-31","description":"IGF::OT::IGF","awardType":"BPA CALL","url":"https://www.usaspending.gov/award/CONT_AWD_DJJ25080004_1501_DJJ14F2508_1501"},{"vendor":"Motorola Solutions","awardId":"70US0919F1DHS0164","recipient":"MOTOROLA SOLUTIONS, INC.","amount":9004541,"agency":"Department of Homeland Security","subAgency":"U.S. Secret Service","startDate":"2019-09-04","endDate":"2021-03-31","description":"MOTOROLA CORE UPGRADES","awardType":"DELIVERY ORDER","url":"https://www.usaspending.gov/award/CONT_AWD_70US0919F1DHS0164_7009_70B04C19D00000035_7014"},{"vendor":"Motorola Solutions","awardId":"70US0925F1DHS2258","recipient":"MOTOROLA SOLUTIONS, INC.","amount":8561220,"agency":"Department of Homeland Security","subAgency":"U.S. Secret Service","startDate":"2025-04-15","endDate":"2026-04-14","description":"4(A) THIS IS A DELIVERY ORDER AGAINST THE VENDOR'S TACCOM II TC1 CONTRACT FOR TACTICAL INFRASTRUCTURE UPGRADE","awardType":"DELIVERY ORDER","url":"https://www.usaspending.gov/award/CONT_AWD_70US0925F1DHS2258_7009_70B04C19D00000010_7014"},{"vendor":"Magnet Forensics","awardId":"15F06721P0004050","recipient":"MAGNET FORENSICS, LLC","amount":8437670,"agency":"Department of Justice","subAgency":"Federal Bureau of Investigation","startDate":"2021-09-27","endDate":"2024-09-26","description":"GRAYKEY LICENSES","awardType":"PURCHASE ORDER","url":"https://www.usaspending.gov/award/CONT_AWD_15F06721P0004050_1549_-NONE-_-NONE-"},{"vendor":"Grayshift","awardId":"15F06721P0004050","recipient":"MAGNET FORENSICS, LLC","amount":8437670,"agency":"Department of Justice","subAgency":"Federal Bureau of Investigation","startDate":"2021-09-27","endDate":"2024-09-26","description":"GRAYKEY LICENSES","awardType":"PURCHASE ORDER","url":"https://www.usaspending.gov/award/CONT_AWD_15F06721P0004050_1549_-NONE-_-NONE-"},{"vendor":"Palantir","awardId":"DJF1412000006540","recipient":"PALANTIR TECHNOLOGIES INC.","amount":8179818,"agency":"Department of Justice","subAgency":"Federal Bureau of Investigation","startDate":"2014-04-25","endDate":"2017-09-28","description":"IGF::OT::IGF FBI REQUIRES  PALANTIR SOFTWARE LICENSES WHICH WILL ENABLE CONTINUED USE OF PALANTIR BY FBI OPERATIONAL USERS. ADDITIONALLY, FBI WILL HAVE HAVE FULL ACCESS TO ALL ASSOCIATED PALANTIR SYSTEM UPDATES, IMPROVEMENTS AND SUPPORT.","awardType":"DELIVERY ORDER","url":"https://www.usaspending.gov/award/CONT_AWD_DJF1412000006540_1549_GS35F0086U_4730"},{"vendor":"Palantir","awardId":"70Z02320FPLM02200","recipient":"PALANTIR TECHNOLOGIES INC.","amount":8157956,"agency":"Department of Homeland Security","subAgency":"U.S. Coast Guard","startDate":"2020-04-06","endDate":"2020-10-05","description":"BPA CALL FOR THE USCG READINESS SYSTEM IN RESPONSE TO COVID-19 PANDEMIC","awardType":"BPA CALL","url":"https://www.usaspending.gov/award/CONT_AWD_70Z02320FPLM02200_7008_N6600119A0044_9700"},{"vendor":"Palantir","awardId":"DJF171200D0003027","recipient":"PALANTIR TECHNOLOGIES INC.","amount":6919156,"agency":"Department of Justice","subAgency":"Federal Bureau of Investigation","startDate":"2017-09-29","endDate":"2023-01-28","description":"FEPP BPA, TO # 1, ESOC PALANTIR MAINTENANCE SERVICE","awardType":"BPA CALL","url":"https://www.usaspending.gov/award/CONT_AWD_DJF171200D0003027_1549_DJF171200S0008254_1549"},{"vendor":"Motorola Solutions","awardId":"HSBP1006F13171","recipient":"MOTOROLA SOLUTIONS, INC.","amount":6408852,"agency":"Department of Homeland Security","subAgency":"U.S. Customs and Border Protection","startDate":"2006-09-18","endDate":"2007-01-15","description":"RADIO EQUIPMENT","awardType":"PO","url":"https://www.usaspending.gov/award/CONT_AWD_HSBP1006F13171_7014_-NONE-_-NONE-"},{"vendor":"Axon Enterprise","awardId":"70B02C26F00000450","recipient":"AXON ENTERPRISE, INC.","amount":6256800,"agency":"Department of Homeland Security","subAgency":"U.S. Customs and Border Protection","startDate":"2026-06-17","endDate":"2027-06-12","description":"ORDER TO PURCHASE SOFTWARE LICENSES","awardType":"DELIVERY ORDER","url":"https://www.usaspending.gov/award/CONT_AWD_70B02C26F00000450_7014_70B03C23D00000006_7014"},{"vendor":"Palantir","awardId":"DJJ25080005","recipient":"PALANTIR TECHNOLOGIES INC.","amount":5527804,"agency":"Department of Justice","subAgency":"Offices, Boards and Divisions","startDate":"2015-09-22","endDate":"2019-09-30","description":"IGF::OT::IGF,EOUSA PALANTIR","awardType":"BPA CALL","url":"https://www.usaspending.gov/award/CONT_AWD_DJJ25080005_1501_DJJ14F2508_1501"},{"vendor":"Motorola Solutions","awardId":"HSCEPX05CF00011","recipient":"MOTOROLA SOLUTIONS, INC.","amount":5253210,"agency":"Department of Homeland Security","subAgency":"U.S. Immigration and Customs Enforcement","startDate":"2005-09-01","endDate":"2007-02-28","description":"NATIONAL MAINTEANCE OF RADIO EQUIPMENT","awardType":"DEFINITIVE CONTRACT","url":"https://www.usaspending.gov/award/CONT_AWD_HSCEPX05CF00011_7012_-NONE-_-NONE-"}]},"geometry":{"type":"Point","coordinates":[-77.026,38.897]}},{"type":"Feature","properties":{"id":"usas-VA","state":"VA","totalAmount":494977984,"awardCount":251,"vendorCount":9,"topVendor":"Palantir","vendors":[{"name":"Palantir","amount":282827541,"count":5},{"name":"Motorola Solutions","amount":123567873,"count":37},{"name":"Cellebrite","amount":44690650,"count":64},{"name":"Magnet Forensics","amount":25062484,"count":104},{"name":"Axon Enterprise","amount":10482282,"count":3},{"name":"Babel Street","amount":5067157,"count":16},{"name":"Grayshift","amount":2662442,"count":15},{"name":"Clearview AI","amount":592750,"count":6},{"name":"Genetec","amount":24804,"count":1}],"awards":[{"vendor":"Palantir","awardId":"70CTD022FR0000170","recipient":"PALANTIR TECHNOLOGIES INC.","amount":150703825,"agency":"Department of Homeland Security","subAgency":"U.S. Immigration and Customs Enforcement","startDate":"2022-09-26","endDate":"2026-05-04","description":"INVESTIGATIVE CASE MANAGEMENT (ICM) OPERATIONS AND MAINTENANCE (O&M) SUPPORT SERVICES AND CUSTOM ENHANCEMENTS","awardType":"DELIVERY ORDER","url":"https://www.usaspending.gov/award/CONT_AWD_70CTD022FR0000170_7012_GS35F0086U_4730"},{"vendor":"Palantir","awardId":"70CTD026FC0000012","recipient":"PALANTIR TECHNOLOGIES INC.","amount":86271599,"agency":"Department of Homeland Security","subAgency":"U.S. Immigration and Customs Enforcement","startDate":"2026-05-05","endDate":"2027-05-04","description":"THIS ORDER PROVIDES ENFORCEMENT REMOVAL OPERATIONS MODERNIZATION AND OPERATIONAL CAPABILITY FOR THE ENFORCEMENT CASE MANAGEMENT SYSTEM ON THE CASE MANAGEMENT AND ANALYTICS PLATFORM IN SUPPORT OF THE U.S. IMMIGRATIONS CUSTOMS ENFORCEMENT MIS","awardType":"BPA CALL","url":"https://www.usaspending.gov/award/CONT_AWD_70CTD026FC0000012_7012_70RTAC26A00000001_7001"},{"vendor":"Motorola Solutions","awardId":"DJD13HQE0174","recipient":"MOTOROLA SOLUTIONS, INC.","amount":64239505,"agency":"Department of Justice","subAgency":"Drug Enforcement Administration","startDate":"2013-09-28","endDate":"2019-10-31","description":"IGF::CT::IGF - LAND MOBILE RADIO MAINTENANCE","awardType":"DELIVERY ORDER","url":"https://www.usaspending.gov/award/CONT_AWD_DJD13HQE0174_1524_HSSS0112D0002_7009"},{"vendor":"Palantir","awardId":"70CTD026FC0000018","recipient":"PALANTIR TECHNOLOGIES INC.","amount":45848617,"agency":"Department of Homeland Security","subAgency":"U.S. Immigration and Customs Enforcement","startDate":"2026-06-26","endDate":"2027-06-25","description":"THIS ORDER PROVIDES HOMELAND SECURITY INVESTIGATIONS SYSTEM MODERNIZATION FOR THE INVESTIGATIVE CASE MANAGEMENT AND INVESTIGATIVE ANALYTICS ON THE CASE MANAGEMENT AND ANALYTICS PLATFORM IN SUPPORT OF THE U.S. IMMIGRATIONS CUSTOMS ENFORCEMEN","awardType":"BPA CALL","url":"https://www.usaspending.gov/award/CONT_AWD_70CTD026FC0000018_7012_70RTAC26A00000001_7001"},{"vendor":"Motorola Solutions","awardId":"HSCEMS17J00177","recipient":"MOTOROLA SOLUTIONS, INC.","amount":13461505,"agency":"Department of Homeland Security","subAgency":"U.S. Immigration and Customs Enforcement","startDate":"2017-09-21","endDate":"2020-09-20","description":"IGF::OT::IGF TACTICAL COMMUNICATIONS (TACCOM) PROGRAM SAN FRANCISCO IMPLEMENTATION PROJECT","awardType":"DELIVERY ORDER","url":"https://www.usaspending.gov/award/CONT_AWD_HSCEMS17J00177_7012_HSSS0112D0002_7009"},{"vendor":"Cellebrite","awardId":"70CMSD25P00000141","recipient":"CELLEBRITE INC","amount":11112194,"agency":"Department of Homeland Security","subAgency":"U.S. Immigration and Customs Enforcement","startDate":"2025-09-30","endDate":"2026-09-29","description":"THIS CONTRACT PROVIDES CELLEBRITE PRODUCTS AND SERVICES FOR HOMELAND SECURITY INVESTIGATIONS TO CONDUCT MOBILE FORENSICS INVESTIGATIONS. THESE TOOLS SUPPORT INVESTIGATIONS AND OPERATIONS REQUIRING ADVANCED DIGITAL FORENSIC CAPABILITIES","awardType":"PURCHASE ORDER","url":"https://www.usaspending.gov/award/CONT_AWD_70CMSD25P00000141_7012_-NONE-_-NONE-"},{"vendor":"Cellebrite","awardId":"70CMSD24FR0000139","recipient":"CELLEBRITE INC","amount":9598699,"agency":"Department of Homeland Security","subAgency":"U.S. Immigration and Customs Enforcement","startDate":"2024-09-30","endDate":"2025-09-29","description":"FORENSIC EQUIPMENT AND SERVICES","awardType":"DELIVERY ORDER","url":"https://www.usaspending.gov/award/CONT_AWD_70CMSD24FR0000139_7012_70CMSD19D00000002_7012"},{"vendor":"Motorola Solutions","awardId":"70B02C20F00001001","recipient":"MOTOROLA SOLUTIONS, INC.","amount":8321391,"agency":"Department of Homeland Security","subAgency":"U.S. Customs and Border Protection","startDate":"2020-09-14","endDate":"2025-09-13","description":"TASK ORDER AWARD","awardType":"DELIVERY ORDER","url":"https://www.usaspending.gov/award/CONT_AWD_70B02C20F00001001_7014_70B04C19D00000010_7014"},{"vendor":"Axon Enterprise","awardId":"70RFP323FREH00019","recipient":"AXON ENTERPRISE, INC.","amount":8286580,"agency":"Department of Homeland Security","subAgency":"Office of Procurement Operations","startDate":"2023-10-01","endDate":"2028-09-30","description":"IDVRS / BODY WORN CAMERAS (BWS)","awardType":"DELIVERY ORDER","url":"https://www.usaspending.gov/award/CONT_AWD_70RFP323FREH00019_7001_70B03C23D00000006_7014"},{"vendor":"Magnet Forensics","awardId":"70CMSD19P00000127","recipient":"MAGNET FORENSICS USA INC","amount":6444332,"agency":"Department of Homeland Security","subAgency":"U.S. Immigration and Customs Enforcement","startDate":"2019-09-20","endDate":"2024-09-28","description":"SOFTWARE LICENSE","awardType":"PURCHASE ORDER","url":"https://www.usaspending.gov/award/CONT_AWD_70CMSD19P00000127_7012_-NONE-_-NONE-"},{"vendor":"Cellebrite","awardId":"70CMSD23FR0000076","recipient":"CELLEBRITE INC","amount":6171600,"agency":"Department of Homeland Security","subAgency":"U.S. Immigration and Customs Enforcement","startDate":"2023-09-30","endDate":"2024-09-29","description":"CELLEBRITE UFED & PREMIUM LICENSE","awardType":"DELIVERY ORDER","url":"https://www.usaspending.gov/award/CONT_AWD_70CMSD23FR0000076_7012_70CMSD19D00000002_7012"},{"vendor":"Motorola Solutions","awardId":"15DDHQ18P00000779","recipient":"MOTOROLA SOLUTIONS, INC.","amount":6126942,"agency":"Department of Justice","subAgency":"Drug Enforcement Administration","startDate":"2018-09-28","endDate":"2019-09-27","description":"MAINT/REPAIR/REBUILD OF EQUIPMENT- MISCELLANEOUS","awardType":"PURCHASE ORDER","url":"https://www.usaspending.gov/award/CONT_AWD_15DDHQ18P00000779_1524_-NONE-_-NONE-"},{"vendor":"Cellebrite","awardId":"70CMSD22FR0000084","recipient":"CELLEBRITE INC","amount":5122096,"agency":"Department of Homeland Security","subAgency":"U.S. Immigration and Customs Enforcement","startDate":"2022-09-30","endDate":"2023-09-29","description":"FORENSIC EQUIPMENT AND SERVICES","awardType":"DELIVERY ORDER","url":"https://www.usaspending.gov/award/CONT_AWD_70CMSD22FR0000084_7012_70CMSD19D00000002_7012"},{"vendor":"Motorola Solutions","awardId":"DJMS11F0539","recipient":"MOTOROLA SOLUTIONS, INC.","amount":4687767,"agency":"Department of Justice","subAgency":"U.S. Marshals Service","startDate":"2011-09-27","endDate":"2012-09-26","description":"1510324A - REQUISITION NO.: TOST-11-0823 - LAND MOBILE RADIO PROGRAM","awardType":"DELIVERY ORDER","url":"https://www.usaspending.gov/award/CONT_AWD_DJMS11F0539_1544_DJDEA09C0007_1524"},{"vendor":"Motorola Solutions","awardId":"DJM15A41E0026","recipient":"MOTOROLA SOLUTIONS, INC.","amount":4593540,"agency":"Department of Justice","subAgency":"U.S. Marshals Service","startDate":"2014-09-24","endDate":"2015-09-23","description":"LAND MOBILE RADIO PROGRAM","awardType":"DELIVERY ORDER","url":"https://www.usaspending.gov/award/CONT_AWD_DJM15A41E0026_1544_HSSS0112D0002_7009"},{"vendor":"Magnet Forensics","awardId":"70CMSD20P00000128","recipient":"MAGNET FORENSICS, LLC","amount":3910162,"agency":"Department of Homeland Security","subAgency":"U.S. Immigration and Customs Enforcement","startDate":"2020-09-04","endDate":"2023-09-29","description":"COMPUTER LICENSE RENEWALS","awardType":"PURCHASE ORDER","url":"https://www.usaspending.gov/award/CONT_AWD_70CMSD20P00000128_7012_-NONE-_-NONE-"},{"vendor":"Magnet Forensics","awardId":"70CMSD21P00000165","recipient":"MAGNET FORENSICS, LLC","amount":3807589,"agency":"Department of Homeland Security","subAgency":"U.S. Immigration and Customs Enforcement","startDate":"2021-09-17","endDate":"2023-09-29","description":"SOFTWARE LICENSE","awardType":"PURCHASE ORDER","url":"https://www.usaspending.gov/award/CONT_AWD_70CMSD21P00000165_7012_-NONE-_-NONE-"},{"vendor":"Babel Street","awardId":"70CMSD19FC0000052","recipient":"BABEL STREET, INC.","amount":3681061,"agency":"Department of Homeland Security","subAgency":"U.S. Immigration and Customs Enforcement","startDate":"2019-09-12","endDate":"2024-09-29","description":"DATA SUBSCRIPTION SERVICES","awardType":"BPA CALL","url":"https://www.usaspending.gov/award/CONT_AWD_70CMSD19FC0000052_7012_70CMSD19A00000007_7012"},{"vendor":"Motorola Solutions","awardId":"HSBP1016J00594","recipient":"MOTOROLA SOLUTIONS, INC.","amount":3333547,"agency":"Department of Homeland Security","subAgency":"U.S. Customs and Border Protection","startDate":"2016-09-01","endDate":"2019-06-29","description":"EQUIPMENT AND SERVICES FOR WIRELESS SYSTEMS PROGRAM DIVISION(WSPD) LAND MOBILE RADIO (LMR) LAB.  IGF::OT::IGF","awardType":"DELIVERY ORDER","url":"https://www.usaspending.gov/award/CONT_AWD_HSBP1016J00594_7014_HSSS0112D0002_7009"},{"vendor":"Magnet Forensics","awardId":"70CMSD24P00000110","recipient":"MAGNET FORENSICS, LLC","amount":2950718,"agency":"Department of Homeland Security","subAgency":"U.S. Immigration and Customs Enforcement","startDate":"2024-09-30","endDate":"2025-09-29","description":"MAGNET FORENSICS SOFTWARE.","awardType":"PURCHASE ORDER","url":"https://www.usaspending.gov/award/CONT_AWD_70CMSD24P00000110_7012_-NONE-_-NONE-"},{"vendor":"Motorola Solutions","awardId":"DJMS11F0385","recipient":"MOTOROLA SOLUTIONS, INC.","amount":2677072,"agency":"Department of Justice","subAgency":"U.S. Marshals Service","startDate":"2011-08-25","endDate":"2011-11-25","description":"IGF::OT::IGF - MOTOROLA RADIOS - TACTICAL COMMUNICATIONS","awardType":"DO","url":"https://www.usaspending.gov/award/CONT_AWD_DJMS11F0385_1544_DJFJFBI08276_1549"},{"vendor":"Axon Enterprise","awardId":"70RFP320CEH000001","recipient":"AXON ENTERPRISE, INC.","amount":2161475,"agency":"Department of Homeland Security","subAgency":"Office of Procurement Operations","startDate":"2020-08-07","endDate":"2025-08-09","description":"CONDUCTED ELECTRICAL WEAPONS (CEWS)/ TASERS","awardType":"DEFINITIVE CONTRACT","url":"https://www.usaspending.gov/award/CONT_AWD_70RFP320CEH000001_7001_-NONE-_-NONE-"},{"vendor":"Cellebrite","awardId":"HSCEMD17P00012","recipient":"CELLEBRITE INC","amount":2023500,"agency":"Department of Homeland Security","subAgency":"U.S. Immigration and Customs Enforcement","startDate":"2017-03-09","endDate":"2019-03-09","description":"IGF::OT::IGF UFED","awardType":"PURCHASE ORDER","url":"https://www.usaspending.gov/award/CONT_AWD_HSCEMD17P00012_7012_-NONE-_-NONE-"},{"vendor":"Cellebrite","awardId":"70US0924P70092655","recipient":"CELLEBRITE INC","amount":1942050,"agency":"Department of Homeland Security","subAgency":"U.S. Secret Service","startDate":"2024-06-16","endDate":"2025-06-15","description":"PROCURE PREMIUM STAND ALONE LICENSES","awardType":"PURCHASE ORDER","url":"https://www.usaspending.gov/award/CONT_AWD_70US0924P70092655_7009_-NONE-_-NONE-"},{"vendor":"Motorola Solutions","awardId":"HSFE5017J0056","recipient":"MOTOROLA SOLUTIONS, INC.","amount":1624191,"agency":"Department of Homeland Security","subAgency":"Federal Emergency Management Agency","startDate":"2017-07-24","endDate":"2022-05-19","description":"IGF::CT::IGF","awardType":"DELIVERY ORDER","url":"https://www.usaspending.gov/award/CONT_AWD_HSFE5017J0056_7022_HSSS0112D0002_7009"}]},"geometry":{"type":"Point","coordinates":[-78.17,37.769]}},{"type":"Feature","properties":{"id":"usas-MD","state":"MD","totalAmount":380796603,"awardCount":224,"vendorCount":5,"topVendor":"Motorola Solutions","vendors":[{"name":"Motorola Solutions","amount":380304104,"count":217},{"name":"Palantir","amount":299000,"count":3},{"name":"Magnet Forensics","amount":147650,"count":2},{"name":"Babel Street","amount":33181,"count":1},{"name":"Cellebrite","amount":12668,"count":1}],"awards":[{"vendor":"Motorola Solutions","awardId":"70T03020F2BCIO104","recipient":"MOTOROLA SOLUTIONS, INC.","amount":37474581,"agency":"Department of Homeland Security","subAgency":"Transportation Security Administration","startDate":"2020-03-06","endDate":"2025-03-05","description":"TSA LMR UPGRADE, OPERATIONS, AND MAINTENANCE","awardType":"DELIVERY ORDER","url":"https://www.usaspending.gov/award/CONT_AWD_70T03020F2BCIO104_7013_70B04C19D00000010_7014"},{"vendor":"Motorola Solutions","awardId":"HSBP1008J21707","recipient":"MOTOROLA SOLUTIONS, INC.","amount":28574806,"agency":"Department of Homeland Security","subAgency":"U.S. Customs and Border Protection","startDate":"2008-06-05","endDate":"2008-09-30","description":"RADIOS","awardType":"DELIVERY ORDER","url":"https://www.usaspending.gov/award/CONT_AWD_HSBP1008J21707_7014_HSSS0106D0005_7009"},{"vendor":"Motorola Solutions","awardId":"70CTD020FR0000009","recipient":"MOTOROLA SOLUTIONS, INC.","amount":18487188,"agency":"Department of Homeland Security","subAgency":"U.S. Immigration and Customs Enforcement","startDate":"2019-12-26","endDate":"2020-12-25","description":"RADIOS AND SOFTWARE","awardType":"DELIVERY ORDER","url":"https://www.usaspending.gov/award/CONT_AWD_70CTD020FR0000009_7012_70B04C19D00000010_7014"},{"vendor":"Motorola Solutions","awardId":"70B02C23F00001134","recipient":"MOTOROLA SOLUTIONS, INC.","amount":15207414,"agency":"Department of Homeland Security","subAgency":"U.S. Customs and Border Protection","startDate":"2023-09-29","endDate":"2026-09-28","description":"RIPS SUA","awardType":"DELIVERY ORDER","url":"https://www.usaspending.gov/award/CONT_AWD_70B02C23F00001134_7014_70B04C19D00000010_7014"},{"vendor":"Motorola Solutions","awardId":"HSHQEM13J00003","recipient":"MOTOROLA SOLUTIONS, INC.","amount":12560573,"agency":"Department of Homeland Security","subAgency":"Office of Procurement Operations","startDate":"2013-04-15","endDate":"2019-12-05","description":"IGF::OT::IGF","awardType":"DELIVERY ORDER","url":"https://www.usaspending.gov/award/CONT_AWD_HSHQEM13J00003_7001_HSSS0112D0002_7009"},{"vendor":"Motorola Solutions","awardId":"HSBP1006F10575","recipient":"MOTOROLA SOLUTIONS, INC.","amount":9832614,"agency":"Department of Homeland Security","subAgency":"U.S. Customs and Border Protection","startDate":"2006-03-13","endDate":"2006-09-30","description":"RADIO EQUIPMENT","awardType":"PO","url":"https://www.usaspending.gov/award/CONT_AWD_HSBP1006F10575_7014_-NONE-_-NONE-"},{"vendor":"Motorola Solutions","awardId":"HSBP1007J16427","recipient":"MOTOROLA SOLUTIONS, INC.","amount":9142771,"agency":"Department of Homeland Security","subAgency":"U.S. Customs and Border Protection","startDate":"2007-06-05","endDate":"2007-07-05","description":"RADIO PARTS","awardType":"DO","url":"https://www.usaspending.gov/award/CONT_AWD_HSBP1007J16427_7014_HSSS0106D0005_7009"},{"vendor":"Motorola Solutions","awardId":"DJBP0700NASRNP10212","recipient":"MOTOROLA SOLUTIONS, INC.","amount":8999994,"agency":"Department of Justice","subAgency":"Federal Prison System / Bureau of Prisons","startDate":"2016-09-28","endDate":"2016-12-31","description":"TRUNKED LAND/MOBILE RADIO SYSTEM EQUIPMENT&MAINTENANCE IGF::OT::IGF","awardType":"DELIVERY ORDER","url":"https://www.usaspending.gov/award/CONT_AWD_DJBP0700NASRNP10212_1540_DJBP070000000003_1540"},{"vendor":"Motorola Solutions","awardId":"HSBP1014J00128","recipient":"MOTOROLA SOLUTIONS, INC.","amount":8542924,"agency":"Department of Homeland Security","subAgency":"U.S. Customs and Border Protection","startDate":"2014-03-20","endDate":"2017-03-22","description":"IGF::CT::IGF  SUPPORT SERVICES FOR MAINTENANCE AND REPAIR OF LAND MOBILE RADIOS","awardType":"DELIVERY ORDER","url":"https://www.usaspending.gov/award/CONT_AWD_HSBP1014J00128_7014_HSSS0112D0002_7009"},{"vendor":"Motorola Solutions","awardId":"HSBP1008F23270","recipient":"MOTOROLA SOLUTIONS, INC.","amount":8428560,"agency":"Department of Homeland Security","subAgency":"U.S. Customs and Border Protection","startDate":"2008-09-12","endDate":"2008-09-30","description":"RADIOS","awardType":"DELIVERY ORDER","url":"https://www.usaspending.gov/award/CONT_AWD_HSBP1008F23270_7014_GS35F0004L_4730"},{"vendor":"Motorola Solutions","awardId":"70CTD020FR0000010","recipient":"MOTOROLA SOLUTIONS, INC.","amount":8382952,"agency":"Department of Homeland Security","subAgency":"U.S. Immigration and Customs Enforcement","startDate":"2019-12-26","endDate":"2020-12-25","description":"RADIOS ONLY","awardType":"DELIVERY ORDER","url":"https://www.usaspending.gov/award/CONT_AWD_70CTD020FR0000010_7012_70B04C19D00000010_7014"},{"vendor":"Motorola Solutions","awardId":"70B02C20F00000375","recipient":"MOTOROLA SOLUTIONS, INC.","amount":8181886,"agency":"Department of Homeland Security","subAgency":"U.S. Customs and Border Protection","startDate":"2020-05-04","endDate":"2022-12-31","description":"RIPS SERVICE UPGRADE","awardType":"DELIVERY ORDER","url":"https://www.usaspending.gov/award/CONT_AWD_70B02C20F00000375_7014_70B04C19D00000035_7014"},{"vendor":"Motorola Solutions","awardId":"HSBP1008J21828","recipient":"MOTOROLA SOLUTIONS, INC.","amount":7499317,"agency":"Department of Homeland Security","subAgency":"U.S. Customs and Border Protection","startDate":"2008-06-18","endDate":"2008-09-30","description":"RADIOS","awardType":"DELIVERY ORDER","url":"https://www.usaspending.gov/award/CONT_AWD_HSBP1008J21828_7014_HSSS0106D0005_7009"},{"vendor":"Motorola Solutions","awardId":"HSBP1008J23197","recipient":"MOTOROLA SOLUTIONS, INC.","amount":7411091,"agency":"Department of Homeland Security","subAgency":"U.S. Customs and Border Protection","startDate":"2008-09-10","endDate":"2013-08-31","description":"RADIOS","awardType":"DELIVERY ORDER","url":"https://www.usaspending.gov/award/CONT_AWD_HSBP1008J23197_7014_HSSS0106D0005_7009"},{"vendor":"Motorola Solutions","awardId":"70Z04420F20001600","recipient":"MOTOROLA SOLUTIONS, INC.","amount":7104931,"agency":"Department of Homeland Security","subAgency":"U.S. Coast Guard","startDate":"2020-02-28","endDate":"2025-02-27","description":"THIS IS A FIRM FIXED PRICE TASK ORDER FOR RESUCE 21 ALASKA RADIO CONTORL SYSTEM (RRCS) MOTOROLA SYSTEM UPGRADE AGREEMENT (SUA), SYSTEM UPGRADE MANAGER AND (SUS).","awardType":"DELIVERY ORDER","url":"https://www.usaspending.gov/award/CONT_AWD_70Z04420F20001600_7008_70B04C19D00000035_7014"},{"vendor":"Motorola Solutions","awardId":"70Z04424FCMPL0003","recipient":"MOTOROLA SOLUTIONS, INC.","amount":6395375,"agency":"Department of Homeland Security","subAgency":"U.S. Coast Guard","startDate":"2024-04-30","endDate":"2028-04-29","description":"TASK ORDER IS FOR THE PURCHASE A SYSTEM UPGRADE AGREEMENT II/SYSTEM UPGRADE MANAGER TO PROVIDE LIFECYCLE SUPPORT FOR THE REMOTE RADIO CONTROL SYSTEM (RRCS), A RESCUE 21 ALASKA SUPPORTIVE SYSTEM.","awardType":"DELIVERY ORDER","url":"https://www.usaspending.gov/award/CONT_AWD_70Z04424FCMPL0003_7008_70B04C19D00000035_7014"},{"vendor":"Motorola Solutions","awardId":"HSBP1008F23271","recipient":"MOTOROLA SOLUTIONS, INC.","amount":5620128,"agency":"Department of Homeland Security","subAgency":"U.S. Customs and Border Protection","startDate":"2008-09-12","endDate":"2008-09-30","description":"RADIOS","awardType":"DELIVERY ORDER","url":"https://www.usaspending.gov/award/CONT_AWD_HSBP1008F23271_7014_GS35F0004L_4730"},{"vendor":"Motorola Solutions","awardId":"DJA15AHDQE0913","recipient":"MOTOROLA SOLUTIONS, INC.","amount":4757233,"agency":"Department of Justice","subAgency":"Bureau of Alcohol, Tobacco, Firearms and Explosives Acquisition and Property Management Division","startDate":"2015-09-29","endDate":"2015-12-31","description":"MOTOROLA'S APX RADIOS&ACCESSORIES","awardType":"DO","url":"https://www.usaspending.gov/award/CONT_AWD_DJA15AHDQE0913_1560_HSSS0112D0002_7009"},{"vendor":"Motorola Solutions","awardId":"70FA5019F00000167","recipient":"MOTOROLA SOLUTIONS, INC.","amount":4694143,"agency":"Department of Homeland Security","subAgency":"Federal Emergency Management Agency","startDate":"2019-09-26","endDate":"2019-12-26","description":"LIFECYCLE REPLACEMENT OF 850 LAND MOBILE RADIOS","awardType":"DELIVERY ORDER","url":"https://www.usaspending.gov/award/CONT_AWD_70FA5019F00000167_7022_70B04C19D00000010_7014"},{"vendor":"Motorola Solutions","awardId":"DJM17A41E1400","recipient":"MOTOROLA SOLUTIONS, INC.","amount":4410115,"agency":"Department of Justice","subAgency":"U.S. Marshals Service","startDate":"2017-09-25","endDate":"2018-09-24","description":"MOTOROLA RADIOS TO SUPPORT THE USMS TACTICAL COMMUNICATIONS PROGRAM UNDER THE DHS-WIDE TACTICAL COMMUNICATIONS (TACCOM) CONTRACT.  ALL PRICING IS IN ACCORDANCE WITH MOTOROLA QUOTE NO. SC18133439 DATED 09/22/2017.","awardType":"DELIVERY ORDER","url":"https://www.usaspending.gov/award/CONT_AWD_DJM17A41E1400_1544_HSSS0112D0002_7009"},{"vendor":"Motorola Solutions","awardId":"HSBP1007F14473","recipient":"MOTOROLA SOLUTIONS, INC.","amount":4366192,"agency":"Department of Homeland Security","subAgency":"U.S. Customs and Border Protection","startDate":"2006-12-04","endDate":"2007-09-30","description":"MOTOROLA NATIONAL RADIO MAINTENANCE CONTRACT","awardType":"DO","url":"https://www.usaspending.gov/award/CONT_AWD_HSBP1007F14473_7014_HSSS0106D0005_7009"},{"vendor":"Motorola Solutions","awardId":"DJBP0302R6D60001","recipient":"MOTOROLA SOLUTIONS, INC.","amount":4094218,"agency":"Department of Justice","subAgency":"Federal Prison System / Bureau of Prisons","startDate":"2016-02-24","endDate":"2018-05-30","description":"SEE ATTACHMENT: FBOP COLEMAN 12-CHANNEL L1 CORE","awardType":"DELIVERY ORDER","url":"https://www.usaspending.gov/award/CONT_AWD_DJBP0302R6D60001_1540_DJBP070000000003_1540"},{"vendor":"Motorola Solutions","awardId":"DJA16AHDQE0577","recipient":"MOTOROLA SOLUTIONS, INC.","amount":4067129,"agency":"Department of Justice","subAgency":"Bureau of Alcohol, Tobacco, Firearms and Explosives Acquisition and Property Management Division","startDate":"2016-09-13","endDate":"2016-10-31","description":"MOTOROLA'S APX RADIOS&ACCESSORIES","awardType":"DELIVERY ORDER","url":"https://www.usaspending.gov/award/CONT_AWD_DJA16AHDQE0577_1560_HSSS0112D0002_7009"},{"vendor":"Motorola Solutions","awardId":"70B02C26F00000513","recipient":"MOTOROLA SOLUTIONS, INC.","amount":3960507,"agency":"Department of Homeland Security","subAgency":"U.S. Customs and Border Protection","startDate":"2026-07-20","endDate":"2027-07-19","description":"LTE INFRASTRUCTURE, WAVE DEPLOYMENT TRAINING","awardType":"DELIVERY ORDER","url":"https://www.usaspending.gov/award/CONT_AWD_70B02C26F00000513_7014_70B04C19D00000035_7014"},{"vendor":"Motorola Solutions","awardId":"HSBP1007J15530","recipient":"MOTOROLA SOLUTIONS, INC.","amount":3887411,"agency":"Department of Homeland Security","subAgency":"U.S. Customs and Border Protection","startDate":"2007-03-21","endDate":"2010-12-31","description":"SYSTEM INTEGRATION SERVICES SUPPORT","awardType":"DELIVERY ORDER","url":"https://www.usaspending.gov/award/CONT_AWD_HSBP1007J15530_7014_HSSS0106D0005_7009"}]},"geometry":{"type":"Point","coordinates":[-76.802,39.064]}},{"type":"Feature","properties":{"id":"usas-FL","state":"FL","totalAmount":229196361,"awardCount":68,"vendorCount":5,"topVendor":"Motorola Solutions","vendors":[{"name":"Motorola Solutions","amount":228705821,"count":50},{"name":"Magnet Forensics","amount":238678,"count":5},{"name":"Cellebrite","amount":185592,"count":9},{"name":"Grayshift","amount":48030,"count":3},{"name":"Axon Enterprise","amount":18240,"count":1}],"awards":[{"vendor":"Motorola Solutions","awardId":"HSBP1017J00223","recipient":"MOTOROLA SOLUTIONS, INC.","amount":54543783,"agency":"Department of Homeland Security","subAgency":"U.S. Customs and Border Protection","startDate":"2017-05-01","endDate":"2021-06-30","description":"PROCURE MOBILE LPR RADIOS AND ACCESSORIES","awardType":"DELIVERY ORDER","url":"https://www.usaspending.gov/award/CONT_AWD_HSBP1017J00223_7014_HSSS0112D0002_7009"},{"vendor":"Motorola Solutions","awardId":"HSBP1015J00732","recipient":"MOTOROLA SOLUTIONS, INC.","amount":25899368,"agency":"Department of Homeland Security","subAgency":"U.S. Customs and Border Protection","startDate":"2015-09-15","endDate":"2017-09-14","description":"OBP RADIO BUY IGF::OT::IGF","awardType":"DELIVERY ORDER","url":"https://www.usaspending.gov/award/CONT_AWD_HSBP1015J00732_7014_HSSS0112D0002_7009"},{"vendor":"Motorola Solutions","awardId":"HSBP1017J00636","recipient":"MOTOROLA SOLUTIONS, INC.","amount":13216295,"agency":"Department of Homeland Security","subAgency":"U.S. Customs and Border Protection","startDate":"2017-09-15","endDate":"2021-09-14","description":"IGF::OT::IGF RADIO EQUIPMENT FOR CBP WSPD / AMO","awardType":"DELIVERY ORDER","url":"https://www.usaspending.gov/award/CONT_AWD_HSBP1017J00636_7014_HSSS0112D0002_7009"},{"vendor":"Motorola Solutions","awardId":"HSBP1017J00110","recipient":"MOTOROLA SOLUTIONS, INC.","amount":11925888,"agency":"Department of Homeland Security","subAgency":"U.S. Customs and Border Protection","startDate":"2017-03-23","endDate":"2021-08-22","description":"IGF::OT::IGF LAND MOBILE RADIO MAINTENANCE AND REPAIR SERVICES.","awardType":"DELIVERY ORDER","url":"https://www.usaspending.gov/award/CONT_AWD_HSBP1017J00110_7014_HSSS0112D0002_7009"},{"vendor":"Motorola Solutions","awardId":"70B04C21F00001020","recipient":"MOTOROLA SOLUTIONS, INC.","amount":9658787,"agency":"Department of Homeland Security","subAgency":"U.S. Customs and Border Protection","startDate":"2021-08-23","endDate":"2024-08-22","description":"TACCOM MAINTENANCE AND REPAIR SERVICES.","awardType":"DELIVERY ORDER","url":"https://www.usaspending.gov/award/CONT_AWD_70B04C21F00001020_7014_70B04C19D00000035_7014"},{"vendor":"Motorola Solutions","awardId":"HSBP1015J00617","recipient":"MOTOROLA SOLUTIONS, INC.","amount":9392210,"agency":"Department of Homeland Security","subAgency":"U.S. Customs and Border Protection","startDate":"2015-09-03","endDate":"2018-09-30","description":"DIGITAL MOBILE AND PORTABLE RADIOS IGF::CL::IGF","awardType":"DELIVERY ORDER","url":"https://www.usaspending.gov/award/CONT_AWD_HSBP1015J00617_7014_HSSS0112D0002_7009"},{"vendor":"Motorola Solutions","awardId":"70B04C24F00000630","recipient":"MOTOROLA SOLUTIONS, INC.","amount":8819020,"agency":"Department of Homeland Security","subAgency":"U.S. Customs and Border Protection","startDate":"2024-08-23","endDate":"2027-02-22","description":"THE TASK ORDER IS FOR LAND MOBILE RADIO MAINTENANCE AND SUPPORT.","awardType":"DELIVERY ORDER","url":"https://www.usaspending.gov/award/CONT_AWD_70B04C24F00000630_7014_70B04C19D00000035_7014"},{"vendor":"Motorola Solutions","awardId":"HSBP1009F28290","recipient":"MOTOROLA SOLUTIONS, INC.","amount":8715684,"agency":"Department of Homeland Security","subAgency":"U.S. Customs and Border Protection","startDate":"2009-09-29","endDate":"2010-09-28","description":"LAND MOBILE RADIOS","awardType":"DELIVERY ORDER","url":"https://www.usaspending.gov/award/CONT_AWD_HSBP1009F28290_7014_GS35F0004L_4730"},{"vendor":"Motorola Solutions","awardId":"70B04C18P00000808","recipient":"MOTOROLA SOLUTIONS, INC.","amount":7558926,"agency":"Department of Homeland Security","subAgency":"U.S. Customs and Border Protection","startDate":"2018-09-28","endDate":"2021-10-27","description":"THIS FIRM FIXED PRICE PURCHASE ORDER 70B04C18P00000808 IS HEREBY ISSUED TO MOTOROLA SOLUTIONS INC. IN SUPPORT OF U.S CUSTOMS AND BORDER PROTECTION, TACTICAL AIR LAND AND MARINE ENTERPRISE COMMUNICATIONS (TALMEC OSD) FOR CONVENTIONAL SUBSYST","awardType":"PURCHASE ORDER","url":"https://www.usaspending.gov/award/CONT_AWD_70B04C18P00000808_7014_-NONE-_-NONE-"},{"vendor":"Motorola Solutions","awardId":"HSBP1009F28350","recipient":"MOTOROLA SOLUTIONS, INC.","amount":6578150,"agency":"Department of Homeland Security","subAgency":"U.S. Customs and Border Protection","startDate":"2009-09-29","endDate":"2010-09-28","description":"OBP POSITION LAND MOBILE RADIOS","awardType":"DELIVERY ORDER","url":"https://www.usaspending.gov/award/CONT_AWD_HSBP1009F28350_7014_GS35F0004L_4730"},{"vendor":"Motorola Solutions","awardId":"HSBP1011C00076","recipient":"MOTOROLA SOLUTIONS, INC.","amount":6380748,"agency":"Department of Homeland Security","subAgency":"U.S. Customs and Border Protection","startDate":"2011-09-23","endDate":"2014-03-22","description":"REPAIR&MAINTENANCE OF LAND MOBILE RADIO SUBSCRIBER UNITS.","awardType":"DEFINITIVE CONTRACT","url":"https://www.usaspending.gov/award/CONT_AWD_HSBP1011C00076_7014_-NONE-_-NONE-"},{"vendor":"Motorola Solutions","awardId":"HSBP1017J00637","recipient":"MOTOROLA SOLUTIONS, INC.","amount":5760542,"agency":"Department of Homeland Security","subAgency":"U.S. Customs and Border Protection","startDate":"2017-09-15","endDate":"2018-09-14","description":"IGF::OT::IGF RADIO EQUIPMENT","awardType":"DELIVERY ORDER","url":"https://www.usaspending.gov/award/CONT_AWD_HSBP1017J00637_7014_HSSS0112D0002_7009"},{"vendor":"Motorola Solutions","awardId":"70B02C24F00000934","recipient":"MOTOROLA SOLUTIONS, INC.","amount":5686458,"agency":"Department of Homeland Security","subAgency":"U.S. Customs and Border Protection","startDate":"2024-09-30","endDate":"2026-09-26","description":"CSUB SUA TOE FNE TASK ORDER","awardType":"DELIVERY ORDER","url":"https://www.usaspending.gov/award/CONT_AWD_70B02C24F00000934_7014_70B04C19D00000035_7014"},{"vendor":"Motorola Solutions","awardId":"HSBP1009F24181","recipient":"MOTOROLA SOLUTIONS, INC.","amount":5577947,"agency":"Department of Homeland Security","subAgency":"U.S. Customs and Border Protection","startDate":"2008-10-01","endDate":"2009-09-30","description":"MOTOROLA NATIONAL MAINTENANCE","awardType":"DELIVERY ORDER","url":"https://www.usaspending.gov/award/CONT_AWD_HSBP1009F24181_7014_HSSS0106D0005_7009"},{"vendor":"Motorola Solutions","awardId":"HSBP1008F20622","recipient":"MOTOROLA SOLUTIONS, INC.","amount":5507284,"agency":"Department of Homeland Security","subAgency":"U.S. Customs and Border Protection","startDate":"2007-10-01","endDate":"2008-09-30","description":"RADIO MAINTENANCE","awardType":"DELIVERY ORDER","url":"https://www.usaspending.gov/award/CONT_AWD_HSBP1008F20622_7014_HSSS0106D0005_7009"},{"vendor":"Motorola Solutions","awardId":"HSBP1016J00183","recipient":"MOTOROLA SOLUTIONS, INC.","amount":5430619,"agency":"Department of Homeland Security","subAgency":"U.S. Customs and Border Protection","startDate":"2016-04-14","endDate":"2017-04-13","description":"IGF::OT::IGF MOBILE RADIOS AND ACCESSORIES FOR USBP","awardType":"DELIVERY ORDER","url":"https://www.usaspending.gov/award/CONT_AWD_HSBP1016J00183_7014_HSSS0112D0002_7009"},{"vendor":"Motorola Solutions","awardId":"HSBP1009F28367","recipient":"MOTOROLA SOLUTIONS, INC.","amount":3994673,"agency":"Department of Homeland Security","subAgency":"U.S. Customs and Border Protection","startDate":"2009-09-29","endDate":"2010-09-28","description":"OFO CONGRESSIONAL RADIO BUY","awardType":"DELIVERY ORDER","url":"https://www.usaspending.gov/award/CONT_AWD_HSBP1009F28367_7014_GS35F0004L_4730"},{"vendor":"Motorola Solutions","awardId":"HSBP1009J27852","recipient":"MOTOROLA SOLUTIONS, INC.","amount":3335842,"agency":"Department of Homeland Security","subAgency":"U.S. Customs and Border Protection","startDate":"2009-09-29","endDate":"2010-09-28","description":"LAND MOBILE RADIOS - SPARE PARTS","awardType":"DELIVERY ORDER","url":"https://www.usaspending.gov/award/CONT_AWD_HSBP1009J27852_7014_HSSS0106D0005_7009"},{"vendor":"Motorola Solutions","awardId":"HSBP1010P00564","recipient":"MOTOROLA SOLUTIONS, INC.","amount":3229101,"agency":"Department of Homeland Security","subAgency":"U.S. Customs and Border Protection","startDate":"2009-10-01","endDate":"2010-07-01","description":"RATIFICATION FOR NATIONAL RADIO MAINTENANCE SERVICE","awardType":"PURCHASE ORDER","url":"https://www.usaspending.gov/award/CONT_AWD_HSBP1010P00564_7014_-NONE-_-NONE-"},{"vendor":"Motorola Solutions","awardId":"HSBP1015J00202","recipient":"MOTOROLA SOLUTIONS, INC.","amount":3009452,"agency":"Department of Homeland Security","subAgency":"U.S. Customs and Border Protection","startDate":"2015-05-15","endDate":"2019-09-01","description":"DEPOT LEVEL REPAIR, IGF::CT::IGF","awardType":"DELIVERY ORDER","url":"https://www.usaspending.gov/award/CONT_AWD_HSBP1015J00202_7014_HSSS0112D0002_7009"},{"vendor":"Motorola Solutions","awardId":"70B03C20F00001283","recipient":"MOTOROLA SOLUTIONS, INC.","amount":2294632,"agency":"Department of Homeland Security","subAgency":"U.S. Customs and Border Protection","startDate":"2020-09-21","endDate":"2023-11-20","description":"OSD REPEATER REFRESH","awardType":"DELIVERY ORDER","url":"https://www.usaspending.gov/award/CONT_AWD_70B03C20F00001283_7014_70B04C19D00000010_7014"},{"vendor":"Motorola Solutions","awardId":"HSBP1009F28413","recipient":"MOTOROLA SOLUTIONS, INC.","amount":2199942,"agency":"Department of Homeland Security","subAgency":"U.S. Customs and Border Protection","startDate":"2009-09-29","endDate":"2010-09-28","description":"A&M LMR SUBSCRIBER UNITS","awardType":"DELIVERY ORDER","url":"https://www.usaspending.gov/award/CONT_AWD_HSBP1009F28413_7014_GS35F0004L_4730"},{"vendor":"Motorola Solutions","awardId":"HSBP1009F28331","recipient":"MOTOROLA SOLUTIONS, INC.","amount":2027893,"agency":"Department of Homeland Security","subAgency":"U.S. Customs and Border Protection","startDate":"2009-09-29","endDate":"2010-09-28","description":"OFO POSITION MODEL LAND MOBILE RADIOS","awardType":"DELIVERY ORDER","url":"https://www.usaspending.gov/award/CONT_AWD_HSBP1009F28331_7014_GS35F0004L_4730"},{"vendor":"Motorola Solutions","awardId":"HSBP1016J00874","recipient":"MOTOROLA SOLUTIONS, INC.","amount":1798108,"agency":"Department of Homeland Security","subAgency":"U.S. Customs and Border Protection","startDate":"2016-09-21","endDate":"2021-09-03","description":"IGF::OT::IGF. ACQUISITION OF 277 MOBILE RADIOS","awardType":"DELIVERY ORDER","url":"https://www.usaspending.gov/award/CONT_AWD_HSBP1016J00874_7014_HSSS0112D0002_7009"},{"vendor":"Motorola Solutions","awardId":"70B02C19F00000824","recipient":"MOTOROLA SOLUTIONS, INC.","amount":1727761,"agency":"Department of Homeland Security","subAgency":"U.S. Customs and Border Protection","startDate":"2019-09-02","endDate":"2024-09-01","description":"MAINTENANCE AND REPAIR OF FIXED NETWORK EQUIPMENT","awardType":"DELIVERY ORDER","url":"https://www.usaspending.gov/award/CONT_AWD_70B02C19F00000824_7014_70B04C19D00000035_7014"}]},"geometry":{"type":"Point","coordinates":[-81.686,27.766]}},{"type":"Feature","properties":{"id":"usas-IL","state":"IL","totalAmount":202309146,"awardCount":76,"vendorCount":5,"topVendor":"Motorola Solutions","vendors":[{"name":"Motorola Solutions","amount":202129968,"count":68},{"name":"Cellebrite","amount":102850,"count":5},{"name":"Magnet Forensics","amount":36075,"count":1},{"name":"Grayshift","amount":36075,"count":1},{"name":"SoundThinking (ShotSpotter)","amount":4178,"count":1}],"awards":[{"vendor":"Motorola Solutions","awardId":"70CMSW21FR0000117","recipient":"MOTOROLA SOLUTIONS, INC.","amount":39371926,"agency":"Department of Homeland Security","subAgency":"U.S. Immigration and Customs Enforcement","startDate":"2021-09-29","endDate":"2024-09-27","description":"DESIGN AND ENGINEERING IMPLEMENTATION PHASE II","awardType":"DELIVERY ORDER","url":"https://www.usaspending.gov/award/CONT_AWD_70CMSW21FR0000117_7012_70B04C19D00000010_7014"},{"vendor":"Motorola Solutions","awardId":"15F06722P0001119","recipient":"MOTOROLA SOLUTIONS, INC.","amount":30485826,"agency":"Department of Justice","subAgency":"Federal Bureau of Investigation","startDate":"2022-09-30","endDate":"2027-09-29","description":"OTD20220230  REU GENERAL INFRASTRUCTURE  EXERCISE OY 1 OF CONTRACT WITH MOTOROLA SOLUTIONS, INC. FOR LIFE CYCLE SUSTAINMENT SERVICES FOR THE FBI/DOJ MOTOROLA M3 RNI SYSTEM.  THESE SERVICES ENTAIL A SYSTEM UPGRADE AGREEMENT (SUA) SECURITY UP","awardType":"PURCHASE ORDER","url":"https://www.usaspending.gov/award/CONT_AWD_15F06722P0001119_1549_-NONE-_-NONE-"},{"vendor":"Motorola Solutions","awardId":"15DDHQ19F00001734","recipient":"MOTOROLA SOLUTIONS, INC.","amount":28122302,"agency":"Department of Justice","subAgency":"Drug Enforcement Administration","startDate":"2019-09-28","endDate":"2024-09-27","description":"MAINTENANCE AND INSTALLATION SERVICES","awardType":"DELIVERY ORDER","url":"https://www.usaspending.gov/award/CONT_AWD_15DDHQ19F00001734_1524_70B04C19D00000035_7014"},{"vendor":"Motorola Solutions","awardId":"DJF171200P0008367","recipient":"MOTOROLA SOLUTIONS, INC.","amount":26588306,"agency":"Department of Justice","subAgency":"Federal Bureau of Investigation","startDate":"2017-09-30","endDate":"2022-09-28","description":"CORE UPGRADE IGF::OT::IGF","awardType":"PURCHASE ORDER","url":"https://www.usaspending.gov/award/CONT_AWD_DJF171200P0008367_1549_-NONE-_-NONE-"},{"vendor":"Motorola Solutions","awardId":"HSSS0117J0225","recipient":"MOTOROLA SOLUTIONS, INC.","amount":18795278,"agency":"Department of Homeland Security","subAgency":"U.S. Secret Service","startDate":"2017-09-22","endDate":"2020-03-23","description":"LAND MOBILE RADIO UPGRADE","awardType":"DELIVERY ORDER","url":"https://www.usaspending.gov/award/CONT_AWD_HSSS0117J0225_7009_HSSS0112D0002_7009"},{"vendor":"Motorola Solutions","awardId":"15DDHQ24F00000879","recipient":"MOTOROLA SOLUTIONS, INC.","amount":10080991,"agency":"Department of Justice","subAgency":"Drug Enforcement Administration","startDate":"2024-09-28","endDate":"2026-09-27","description":"MOTOROLA MAINTENACE CONTRACT  SUBJECT TO GOVERNMENT FUNDING","awardType":"DELIVERY ORDER","url":"https://www.usaspending.gov/award/CONT_AWD_15DDHQ24F00000879_1524_70B04C19D00000035_7014"},{"vendor":"Motorola Solutions","awardId":"70CTD021FR0000238","recipient":"MOTOROLA SOLUTIONS, INC.","amount":7786336,"agency":"Department of Homeland Security","subAgency":"U.S. Immigration and Customs Enforcement","startDate":"2021-09-22","endDate":"2023-09-21","description":"AMB0018937 TACCOM ASTRO 25 INFRASTRUCTURE UPGRADE AND SUSTAINMENT.","awardType":"DELIVERY ORDER","url":"https://www.usaspending.gov/award/CONT_AWD_70CTD021FR0000238_7012_70B04C19D00000035_7014"},{"vendor":"Motorola Solutions","awardId":"DJFA3D0827633","recipient":"MOTOROLA SOLUTIONS, INC.","amount":4859369,"agency":"Department of Justice","subAgency":"Federal Bureau of Investigation","startDate":"2013-09-19","endDate":"2013-12-31","description":"CLIN 401-1482 APX7000 DIG PORT RADIO","awardType":"DO","url":"https://www.usaspending.gov/award/CONT_AWD_DJFA3D0827633_1549_DJFJFBI08276_1549"},{"vendor":"Motorola Solutions","awardId":"DJA17AHDQE0849","recipient":"MOTOROLA SOLUTIONS, INC.","amount":3346824,"agency":"Department of Justice","subAgency":"Bureau of Alcohol, Tobacco, Firearms and Explosives Acquisition and Property Management Division","startDate":"2017-09-01","endDate":"2023-11-30","description":"IGF::CT::IGF, UPGRADE MOTOROLA'S KMF SYSTEM, SOFTWARE&MANAGED ZONE-CORE SERVICES","awardType":"DELIVERY ORDER","url":"https://www.usaspending.gov/award/CONT_AWD_DJA17AHDQE0849_1560_HSSS0112D0002_7009"},{"vendor":"Motorola Solutions","awardId":"HSCEMS16J00096","recipient":"MOTOROLA SOLUTIONS, INC.","amount":2992767,"agency":"Department of Homeland Security","subAgency":"U.S. Immigration and Customs Enforcement","startDate":"2016-09-28","endDate":"2019-03-29","description":"IGF::OT::IGF CORE UPGRADE/GPS PROJECT/MOBILITY PROJECT POP: 9/28/2016 - 9/27/2018","awardType":"DELIVERY ORDER","url":"https://www.usaspending.gov/award/CONT_AWD_HSCEMS16J00096_7012_HSSS0112D0002_7009"},{"vendor":"Motorola Solutions","awardId":"HSCEMS16J00103","recipient":"MOTOROLA SOLUTIONS, INC.","amount":1984434,"agency":"Department of Homeland Security","subAgency":"U.S. Immigration and Customs Enforcement","startDate":"2016-09-27","endDate":"2018-09-30","description":"IGF::CT::IGF DESIGN AND ENGINEERING EFFORTS FOR THE SAN FRANCISCO REGION","awardType":"DELIVERY ORDER","url":"https://www.usaspending.gov/award/CONT_AWD_HSCEMS16J00103_7012_HSSS0112D0002_7009"},{"vendor":"Motorola Solutions","awardId":"15B61521FW8630001","recipient":"MOTOROLA SOLUTIONS, INC.","amount":1920966,"agency":"Department of Justice","subAgency":"Federal Prison System / Bureau of Prisons","startDate":"2021-09-02","endDate":"2022-11-01","description":"REPLACE LAND MOBILE RADIO SYSTEM AT FCC TUCSON IN ACCORDANCE WITH SOLICITATION 15B61521R00000001.","awardType":"DELIVERY ORDER","url":"https://www.usaspending.gov/award/CONT_AWD_15B61521FW8630001_1540_70B04C19D00000010_7014"},{"vendor":"Motorola Solutions","awardId":"HSCEMD16J00008","recipient":"MOTOROLA SOLUTIONS, INC.","amount":1853941,"agency":"Department of Homeland Security","subAgency":"U.S. Immigration and Customs Enforcement","startDate":"2016-03-08","endDate":"2018-04-10","description":"PURCHASE RADIO EQUIPMENT AND ACCESSORIES FOR EXCLUSIVE LAW ENFORCEMENT USE. SOURCE:  DHS TACCOM ID/IQ CONTRACT","awardType":"DELIVERY ORDER","url":"https://www.usaspending.gov/award/CONT_AWD_HSCEMD16J00008_7012_HSSS0112D0002_7009"},{"vendor":"Motorola Solutions","awardId":"HSCEMS15J00143","recipient":"MOTOROLA SOLUTIONS, INC.","amount":1792555,"agency":"Department of Homeland Security","subAgency":"U.S. Immigration and Customs Enforcement","startDate":"2015-09-26","endDate":"2016-05-30","description":"PURCHASE INFRASTRUCTURE EQUIPMENT FOR TACCOM","awardType":"DELIVERY ORDER","url":"https://www.usaspending.gov/award/CONT_AWD_HSCEMS15J00143_7012_HSSS0112D0002_7009"},{"vendor":"Motorola Solutions","awardId":"DJFA3D0827627","recipient":"MOTOROLA SOLUTIONS, INC.","amount":1574059,"agency":"Department of Justice","subAgency":"Federal Bureau of Investigation","startDate":"2013-08-30","endDate":"2013-12-06","description":"CLIN 402-031 MULTI-RX 132-174 MHZ 8 QUAD MOT","awardType":"DO","url":"https://www.usaspending.gov/award/CONT_AWD_DJFA3D0827627_1549_DJFJFBI08276_1549"},{"vendor":"Motorola Solutions","awardId":"15BFA023F00000010","recipient":"MOTOROLA SOLUTIONS, INC.","amount":1570181,"agency":"Department of Justice","subAgency":"Federal Prison System / Bureau of Prisons","startDate":"2023-07-06","endDate":"2025-09-01","description":"REPLACE LAND MOBILE RADIO SYSTEM FOR MDC GUAYNABO","awardType":"DELIVERY ORDER","url":"https://www.usaspending.gov/award/CONT_AWD_15BFA023F00000010_1540_70B04C19D00000010_7014"},{"vendor":"Motorola Solutions","awardId":"DJFA3D0827630","recipient":"MOTOROLA SOLUTIONS, INC.","amount":1507097,"agency":"Department of Justice","subAgency":"Federal Bureau of Investigation","startDate":"2013-09-06","endDate":"2013-12-13","description":"CLIN 401-1368 APX 7500 CONSOLETTE DUAL BAND MODEL","awardType":"DO","url":"https://www.usaspending.gov/award/CONT_AWD_DJFA3D0827630_1549_DJFJFBI08276_1549"},{"vendor":"Motorola Solutions","awardId":"DJFA3D0827629","recipient":"MOTOROLA SOLUTIONS, INC.","amount":1480053,"agency":"Department of Justice","subAgency":"Federal Bureau of Investigation","startDate":"2013-09-06","endDate":"2013-12-13","description":"CLIN 401-1368 APX7500 CONSOLETTE DUAL BAND MODEL","awardType":"DO","url":"https://www.usaspending.gov/award/CONT_AWD_DJFA3D0827629_1549_DJFJFBI08276_1549"},{"vendor":"Motorola Solutions","awardId":"15B21521FW5V20001","recipient":"MOTOROLA SOLUTIONS, INC.","amount":1216873,"agency":"Department of Justice","subAgency":"Federal Prison System / Bureau of Prisons","startDate":"2021-08-20","endDate":"2023-08-19","description":"UPGRADE LAND MOBILE RADIO INFRASTRUCTURE AT USP CANAAN IN ACCORDANCE WITH SOLICITATION 15B21521R00000001.","awardType":"DELIVERY ORDER","url":"https://www.usaspending.gov/award/CONT_AWD_15B21521FW5V20001_1540_70B04C19D00000010_7014"},{"vendor":"Motorola Solutions","awardId":"DJBP0509R7F100001","recipient":"MOTOROLA SOLUTIONS, INC.","amount":1208155,"agency":"Department of Justice","subAgency":"Federal Prison System / Bureau of Prisons","startDate":"2016-06-22","endDate":"2016-07-05","description":"IGF::CT::IGF FOR CRITICAL FUNCTIONS DELIVERY ORDER AGAINST CONTRACT DJBP070000000003, TRUNKED RADIO SYSTEM, AT FCI FORT WORTH.  SEE ATTACHED FMC FORT WORTH 5-CHANNEL. SAM AND ELSP VERIFIED PRIOR TO AWARD.","awardType":"DELIVERY ORDER","url":"https://www.usaspending.gov/award/CONT_AWD_DJBP0509R7F100001_1540_DJBP070000000003_1540"},{"vendor":"Motorola Solutions","awardId":"DJBP0208R9F10001","recipient":"MOTOROLA SOLUTIONS, INC.","amount":936646,"agency":"Department of Justice","subAgency":"Federal Prison System / Bureau of Prisons","startDate":"2016-03-21","endDate":"2016-09-30","description":"UPGRADE OF RADIO SYSTEM AT FCI LORETTO.","awardType":"DELIVERY ORDER","url":"https://www.usaspending.gov/award/CONT_AWD_DJBP0208R9F10001_1540_DJBP070000000003_1540"},{"vendor":"Motorola Solutions","awardId":"DJBP0516R5X50001","recipient":"MOTOROLA SOLUTIONS, INC.","amount":902132,"agency":"Department of Justice","subAgency":"Federal Prison System / Bureau of Prisons","startDate":"2015-12-18","endDate":"2016-05-11","description":"IGF::OT::IGF   TRUNKED LAND/MOBILE RADIO SYSTEM EQUIPMENT, INSTALLATION, TRAINING&MAINTENANCE DELIVERY ORDER FOR THE SYSTEM UPGRADE AGREEMENT.","awardType":"DELIVERY ORDER","url":"https://www.usaspending.gov/award/CONT_AWD_DJBP0516R5X50001_1540_DJBP070000000003_1540"},{"vendor":"Motorola Solutions","awardId":"15F06722P0000865","recipient":"MOTOROLA SOLUTIONS, INC.","amount":825000,"agency":"Department of Justice","subAgency":"Federal Bureau of Investigation","startDate":"2022-08-26","endDate":"2027-08-28","description":"MAINTENANCE/REPAIR OF COMMUNICATIONS EQUIPMENT.  ESTABLISH A NEW CONTRACT FOR A PERIOD OF 5 YEARS FOR THE REPAIR/MAINTENANCE OF EXISTING MOTOROLA MANUFACTURED INFRASTRUCTURE EQUIPMENT DEPLOYED IN ALL 56 FIELD OFFICES SPANNING SEVERAL MODEL ","awardType":"PURCHASE ORDER","url":"https://www.usaspending.gov/award/CONT_AWD_15F06722P0000865_1549_-NONE-_-NONE-"},{"vendor":"Motorola Solutions","awardId":"15B40121FW1T30001","recipient":"MOTOROLA SOLUTIONS, INC.","amount":802627,"agency":"Department of Justice","subAgency":"Federal Prison System / Bureau of Prisons","startDate":"2021-08-26","endDate":"2023-06-03","description":"LAND MOBILE RADIO SYSTEM AT MCC CHICAGO IN ACCORDANCE WITH SOLICITATION 15B40121R00000001.","awardType":"DELIVERY ORDER","url":"https://www.usaspending.gov/award/CONT_AWD_15B40121FW1T30001_1540_70B04C19D00000010_7014"},{"vendor":"Motorola Solutions","awardId":"DJFA3D0827632","recipient":"MOTOROLA SOLUTIONS, INC.","amount":747327,"agency":"Department of Justice","subAgency":"Federal Bureau of Investigation","startDate":"2013-09-08","endDate":"2013-12-15","description":"CLIN 404-169 MCC 7500 ASTRO 25 SOFTWARE","awardType":"DO","url":"https://www.usaspending.gov/award/CONT_AWD_DJFA3D0827632_1549_DJFJFBI08276_1549"}]},"geometry":{"type":"Point","coordinates":[-88.986,40.349]}},{"type":"Feature","properties":{"id":"usas-AZ","state":"AZ","totalAmount":153161988,"awardCount":154,"vendorCount":3,"topVendor":"Axon Enterprise","vendors":[{"name":"Axon Enterprise","amount":152418496,"count":146},{"name":"Motorola Solutions","amount":668286,"count":3},{"name":"Cellebrite","amount":75205,"count":5}],"awards":[{"vendor":"Axon Enterprise","awardId":"15M10424FA4700023","recipient":"AXON ENTERPRISE, INC.","amount":14042160,"agency":"Department of Justice","subAgency":"U.S. Marshals Service","startDate":"2024-01-26","endDate":"2027-01-25","description":"TD 24066 TASER 10 CYCLICAL REPLACEMENT PLUS 6-BAY DOCK AND CORE, CONTRACT - 15M10424DA4700002   SHIPPING INFORMATION: REFER TO ATTACHMENT \"EXPORT TO AXON\" SPREADSHEET FOR DROPSHIP LOCATIONS.  COR: KEN FULLER JR., KENNETH.FULLER@USDOJ.GOV","awardType":"DELIVERY ORDER","url":"https://www.usaspending.gov/award/CONT_AWD_15M10424FA4700023_1544_15M10424DA4700002_1544"},{"vendor":"Axon Enterprise","awardId":"15M10421PA4700057","recipient":"AXON ENTERPRISE, INC.","amount":10314051,"agency":"Department of Justice","subAgency":"U.S. Marshals Service","startDate":"2021-05-01","endDate":"2026-04-30","description":"BODY WORN CAMERAS AXON FOR OPR","awardType":"PURCHASE ORDER","url":"https://www.usaspending.gov/award/CONT_AWD_15M10421PA4700057_1544_-NONE-_-NONE-"},{"vendor":"Axon Enterprise","awardId":"15A00023FAQ000163","recipient":"AXON ENTERPRISE, INC.","amount":10206000,"agency":"Department of Justice","subAgency":"Bureau of Alcohol, Tobacco, Firearms and Explosives Acquisition and Property Management Division","startDate":"2023-08-13","endDate":"2026-08-12","description":"TASK ORDER FOR DEMS","awardType":"DELIVERY ORDER","url":"https://www.usaspending.gov/award/CONT_AWD_15A00023FAQ000163_1560_15A00023DAQA00244_1560"},{"vendor":"Axon Enterprise","awardId":"15M10423FA4700106","recipient":"AXON ENTERPRISE, INC.","amount":6591940,"agency":"Department of Justice","subAgency":"U.S. Marshals Service","startDate":"2023-09-18","endDate":"2024-09-17","description":"BODY WORN CAMERAS AND DOCKING STATIONS REFERENCE QUOTE DATED: 8/31/2023 ALL PRICING AND TERMS AND CONDITIONS ARE IN ACCORDANCE WITH DEA IDIQ15DDHQ21D00000010.  GOV POC: MIGUEL GARCIA EMAIL: MIGUEL.GARCIA@USDOJ.GOV","awardType":"DELIVERY ORDER","url":"https://www.usaspending.gov/award/CONT_AWD_15M10423FA4700106_1544_15DDHQ21D00000010_1524"},{"vendor":"Axon Enterprise","awardId":"15JPSS23P00000231","recipient":"AXON ENTERPRISE, INC.","amount":6545000,"agency":"Department of Justice","subAgency":"Offices, Boards and Divisions","startDate":"2023-09-29","endDate":"2026-09-28","description":"EOUSA AXON JUSTICE PREMIERE PLATFORM ACCESS","awardType":"PURCHASE ORDER","url":"https://www.usaspending.gov/award/CONT_AWD_15JPSS23P00000231_1501_-NONE-_-NONE-"},{"vendor":"Axon Enterprise","awardId":"70B02C23F00000628","recipient":"AXON ENTERPRISE, INC.","amount":5618845,"agency":"Department of Homeland Security","subAgency":"U.S. Customs and Border Protection","startDate":"2023-06-22","endDate":"2024-06-21","description":"AWARD","awardType":"DELIVERY ORDER","url":"https://www.usaspending.gov/award/CONT_AWD_70B02C23F00000628_7014_70B03C23D00000006_7014"},{"vendor":"Axon Enterprise","awardId":"70B02C24F00000345","recipient":"AXON ENTERPRISE, INC.","amount":5563696,"agency":"Department of Homeland Security","subAgency":"U.S. Customs and Border Protection","startDate":"2024-06-15","endDate":"2025-06-14","description":"AWARD OF IDVRS SSV DELIVERY ORDER #10 FOR LICENSES","awardType":"DELIVERY ORDER","url":"https://www.usaspending.gov/award/CONT_AWD_70B02C24F00000345_7014_70B03C23D00000006_7014"},{"vendor":"Axon Enterprise","awardId":"15DDHQ23F00001226","recipient":"AXON ENTERPRISE, INC.","amount":5381615,"agency":"Department of Justice","subAgency":"Drug Enforcement Administration","startDate":"2023-09-21","endDate":"2024-06-19","description":"AV EQUIPMENT","awardType":"DELIVERY ORDER","url":"https://www.usaspending.gov/award/CONT_AWD_15DDHQ23F00001226_1524_15DDHQ21D00000010_1524"},{"vendor":"Axon Enterprise","awardId":"70B02C24F00000424","recipient":"AXON ENTERPRISE, INC.","amount":5251920,"agency":"Department of Homeland Security","subAgency":"U.S. Customs and Border Protection","startDate":"2024-06-13","endDate":"2025-06-12","description":"PURCHASE OF LICENSES IN SUPPORT OF THE BODY WORN CAMERAS.","awardType":"DELIVERY ORDER","url":"https://www.usaspending.gov/award/CONT_AWD_70B02C24F00000424_7014_70B03C23D00000006_7014"},{"vendor":"Axon Enterprise","awardId":"70CMSW25FR0000011","recipient":"AXON ENTERPRISE, INC.","amount":5076758,"agency":"Department of Homeland Security","subAgency":"U.S. Immigration and Customs Enforcement","startDate":"2025-03-10","endDate":"2026-02-01","description":"PROCUREMENT OF CONGRESSIONAL MANDATED BODY WORN CAMERA (BWC) COMMODITIES AND SERVICES TO INCLUDE AUTOMATICALLY ACTIVATED BWC RECORDING DEVICE KITS, DOCKING STATIONS, VIDEO MANAGEMENT SYSTEM (VMS) SOFTWARE, AND CLOUD STORAGE LICENSES TO SUPP","awardType":"DELIVERY ORDER","url":"https://www.usaspending.gov/award/CONT_AWD_70CMSW25FR0000011_7012_70B03C23D00000006_7014"},{"vendor":"Axon Enterprise","awardId":"70B06C22F00000588","recipient":"AXON ENTERPRISE, INC.","amount":4726060,"agency":"Department of Homeland Security","subAgency":"U.S. Customs and Border Protection","startDate":"2022-07-07","endDate":"2023-05-22","description":"ELECTRONIC CONTROL WEAPON SUPPLIES TO VARIOUS U.S. CUSTOMS AND BORDER PROTECTION COMPONENTS.","awardType":"DELIVERY ORDER","url":"https://www.usaspending.gov/award/CONT_AWD_70B06C22F00000588_7014_70B06C22D00000002_7014"},{"vendor":"Axon Enterprise","awardId":"70B04C24F00000560","recipient":"AXON ENTERPRISE, INC.","amount":4434838,"agency":"Department of Homeland Security","subAgency":"U.S. Customs and Border Protection","startDate":"2024-08-08","endDate":"2025-03-31","description":"DUAL CARTRIDGE ELECTRONIC CONTROL WEAPONS (TASER) ACCESSORIES FOR CBP.","awardType":"DELIVERY ORDER","url":"https://www.usaspending.gov/award/CONT_AWD_70B04C24F00000560_7014_70B06C22D00000002_7014"},{"vendor":"Axon Enterprise","awardId":"15M10426PA4700003","recipient":"AXON ENTERPRISE, INC.","amount":4377002,"agency":"Department of Justice","subAgency":"U.S. Marshals Service","startDate":"2026-01-01","endDate":"2026-12-31","description":"INFORMATION TECHNOLOGY DIVISION (ITD) / BODY-WORN CAMERA PROGRAM OFFICE (BWCPO) ENTERPRISE LICENSE AGREEMENT (ELA) FOR THE AXON EVIDENCE HIGH AUTHORIZED CERTIFIED DIGITAL EVIDENCE MANAGEMENT SYSTEM (DEMS)","awardType":"PURCHASE ORDER","url":"https://www.usaspending.gov/award/CONT_AWD_15M10426PA4700003_1544_-NONE-_-NONE-"},{"vendor":"Axon Enterprise","awardId":"70US0922F3OTH2181","recipient":"AXON ENTERPRISE, INC.","amount":4143691,"agency":"Department of Homeland Security","subAgency":"U.S. Secret Service","startDate":"2022-08-31","endDate":"2027-08-31","description":"TASER 7 AND ACCESSORIES","awardType":"DELIVERY ORDER","url":"https://www.usaspending.gov/award/CONT_AWD_70US0922F3OTH2181_7009_70US0922D70092013_7009"},{"vendor":"Axon Enterprise","awardId":"15DDHQ24F00000840","recipient":"AXON ENTERPRISE, INC.","amount":3999217,"agency":"Department of Justice","subAgency":"Drug Enforcement Administration","startDate":"2024-09-05","endDate":"2024-10-30","description":"VIDEO EQUIPMENT","awardType":"DELIVERY ORDER","url":"https://www.usaspending.gov/award/CONT_AWD_15DDHQ24F00000840_1524_15DDHQ21D00000010_1524"},{"vendor":"Axon Enterprise","awardId":"70B06C25F00000823","recipient":"AXON ENTERPRISE, INC.","amount":3960728,"agency":"Department of Homeland Security","subAgency":"U.S. Customs and Border Protection","startDate":"2025-09-17","endDate":"2026-09-16","description":"TASER SUPPLIES FOR CUSTOMS AND BORDER PROTECTION","awardType":"DELIVERY ORDER","url":"https://www.usaspending.gov/award/CONT_AWD_70B06C25F00000823_7014_70B06C22D00000002_7014"},{"vendor":"Axon Enterprise","awardId":"15A00021CAQA00021","recipient":"AXON ENTERPRISE, INC.","amount":3938076,"agency":"Department of Justice","subAgency":"Bureau of Alcohol, Tobacco, Firearms and Explosives Acquisition and Property Management Division","startDate":"2020-12-13","endDate":"2023-08-12","description":"DIGITAL EVIDENCE MGT SOFTWARE (DEMS) SERVICES: THE CONTRACTOR SHALL PROVIDE DEMS SERVICES: LICENSES, STORAGE, AND MAINTENANCE SUPPORT FOR THE DIGITAL EVIDENCE MANAGEMENT PROGRAM","awardType":"DEFINITIVE CONTRACT","url":"https://www.usaspending.gov/award/CONT_AWD_15A00021CAQA00021_1560_-NONE-_-NONE-"},{"vendor":"Axon Enterprise","awardId":"70CMSW24FR0000066","recipient":"AXON ENTERPRISE, INC.","amount":3762500,"agency":"Department of Homeland Security","subAgency":"U.S. Immigration and Customs Enforcement","startDate":"2024-08-22","endDate":"2025-08-21","description":"EXERCISE AND FUND OPTION PERIOD 1 OF THE IDIQ","awardType":"DELIVERY ORDER","url":"https://www.usaspending.gov/award/CONT_AWD_70CMSW24FR0000066_7012_70CMSW23D00000003_7012"},{"vendor":"Axon Enterprise","awardId":"15M10422FA4700257","recipient":"AXON ENTERPRISE, INC.","amount":3322082,"agency":"Department of Justice","subAgency":"U.S. Marshals Service","startDate":"2022-10-01","endDate":"2023-09-30","description":"BODY WORN CAMERAS AND DOCKING STATIONS. REFERENCE QUOTE #:Q-417510 DATED: 09/19/2022  COR: MIGUEL GARCIA EMAIL: MIGUEL.GARCIA@USDOJ.GOV ALL PRICING AND TERMS AND CONDITIONS ARE IN ACCORDANCE WITH DEA CONTRACT NO. 15DDHQ21D00000010.","awardType":"DELIVERY ORDER","url":"https://www.usaspending.gov/award/CONT_AWD_15M10422FA4700257_1544_15DDHQ21D00000010_1524"},{"vendor":"Axon Enterprise","awardId":"15DDHQ24F00000325","recipient":"AXON ENTERPRISE, INC.","amount":2864267,"agency":"Department of Justice","subAgency":"Drug Enforcement Administration","startDate":"2024-04-25","endDate":"2024-06-10","description":"AUDIO/VIDEO SUPPLIES","awardType":"DELIVERY ORDER","url":"https://www.usaspending.gov/award/CONT_AWD_15DDHQ24F00000325_1524_15DDHQ21D00000010_1524"},{"vendor":"Axon Enterprise","awardId":"70B02C23F00001272","recipient":"AXON ENTERPRISE, INC.","amount":2652547,"agency":"Department of Homeland Security","subAgency":"U.S. Customs and Border Protection","startDate":"2023-09-25","endDate":"2024-10-30","description":"IDVRS STRATEGIC SOURCING-DELIVERY ORDER #4","awardType":"DELIVERY ORDER","url":"https://www.usaspending.gov/award/CONT_AWD_70B02C23F00001272_7014_70B03C23D00000006_7014"},{"vendor":"Axon Enterprise","awardId":"70B02C26F00000180","recipient":"AXON ENTERPRISE, INC.","amount":1951315,"agency":"Department of Homeland Security","subAgency":"U.S. Customs and Border Protection","startDate":"2026-05-20","endDate":"2026-07-19","description":"BWC MOUNTS AND CABLES","awardType":"DELIVERY ORDER","url":"https://www.usaspending.gov/award/CONT_AWD_70B02C26F00000180_7014_70B03C23D00000006_7014"},{"vendor":"Axon Enterprise","awardId":"70B02C23F00000828","recipient":"AXON ENTERPRISE, INC.","amount":1938642,"agency":"Department of Homeland Security","subAgency":"U.S. Customs and Border Protection","startDate":"2023-08-11","endDate":"2024-08-10","description":"THE PURCHASE OF BODY WORN CAMERA EQUIPMENT.","awardType":"DELIVERY ORDER","url":"https://www.usaspending.gov/award/CONT_AWD_70B02C23F00000828_7014_70B03C23D00000006_7014"},{"vendor":"Axon Enterprise","awardId":"15DDHQ21F00001310","recipient":"AXON ENTERPRISE, INC.","amount":1616696,"agency":"Department of Justice","subAgency":"Drug Enforcement Administration","startDate":"2021-08-11","endDate":"2022-08-10","description":"A/V EQUIPMENT","awardType":"DELIVERY ORDER","url":"https://www.usaspending.gov/award/CONT_AWD_15DDHQ21F00001310_1524_15DDHQ21D00000010_1524"},{"vendor":"Axon Enterprise","awardId":"70B02C25F00000484","recipient":"AXON ENTERPRISE, INC.","amount":1592955,"agency":"Department of Homeland Security","subAgency":"U.S. Customs and Border Protection","startDate":"2025-06-18","endDate":"2025-09-12","description":"AWARD OF IDVRS SSV DELIVERY ORDER #16 FOR LICENSE RENEWAL","awardType":"DELIVERY ORDER","url":"https://www.usaspending.gov/award/CONT_AWD_70B02C25F00000484_7014_70B03C23D00000006_7014"}]},"geometry":{"type":"Point","coordinates":[-111.431,33.729]}},{"type":"Feature","properties":{"id":"usas-CA","state":"CA","totalAmount":111613726,"awardCount":62,"vendorCount":7,"topVendor":"Palantir","vendors":[{"name":"Palantir","amount":109148586,"count":13},{"name":"Motorola Solutions","amount":1859483,"count":9},{"name":"Cellebrite","amount":416214,"count":29},{"name":"Magnet Forensics","amount":96005,"count":5},{"name":"Grayshift","amount":78030,"count":3},{"name":"SoundThinking (ShotSpotter)","amount":9408,"count":2},{"name":"Axon Enterprise","amount":6000,"count":1}],"awards":[{"vendor":"Palantir","awardId":"HSCETC15C00001","recipient":"PALANTIR TECHNOLOGIES INC.","amount":39340901,"agency":"Department of Homeland Security","subAgency":"U.S. Immigration and Customs Enforcement","startDate":"2015-05-28","endDate":"2018-05-27","description":"IGF::OT::IGF FALCON OPERATIONS AND MAINTENANCE (O&M), SYSTEM ENHANCEMENT SUPPORT SERVICES FOR PALANTIR GOVERNMENT","awardType":"DEFINITIVE CONTRACT","url":"https://www.usaspending.gov/award/CONT_AWD_HSCETC15C00001_7012_-NONE-_-NONE-"},{"vendor":"Palantir","awardId":"70CTD019C00000001","recipient":"PALANTIR TECHNOLOGIES INC.","amount":37839725,"agency":"Department of Homeland Security","subAgency":"U.S. Immigration and Customs Enforcement","startDate":"2018-11-28","endDate":"2022-05-27","description":"FALCON OPERATIONS AND MAINTENANCE (O&M) SUPPORT SERVICES AND OPTIONAL ENHANCEMENTS","awardType":"DEFINITIVE CONTRACT","url":"https://www.usaspending.gov/award/CONT_AWD_70CTD019C00000001_7012_-NONE-_-NONE-"},{"vendor":"Palantir","awardId":"DJJ25080007","recipient":"PALANTIR TECHNOLOGIES INC.","amount":9776998,"agency":"Department of Justice","subAgency":"Offices, Boards and Divisions","startDate":"2016-09-26","endDate":"2020-06-30","description":"IGF::OT::IGF, USAO/SDNY","awardType":"BPA CALL","url":"https://www.usaspending.gov/award/CONT_AWD_DJJ25080007_1501_DJJ14F2508_1501"},{"vendor":"Palantir","awardId":"15JPSS20F00000851","recipient":"PALANTIR TECHNOLOGIES INC.","amount":8604151,"agency":"Department of Justice","subAgency":"Offices, Boards and Divisions","startDate":"2020-09-01","endDate":"2022-10-01","description":"BASE YEAR TOTAL: $3,933,636.48 PER RFQ DATED 08/06/20 PARTIALLY FUNDING 8MONTHS: 09/01/2020 - 04/30/2020 $2,416,772.92","awardType":"BPA CALL","url":"https://www.usaspending.gov/award/CONT_AWD_15JPSS20F00000851_1501_15JPSS19A00000146_1501"},{"vendor":"Palantir","awardId":"70CTD022FR0000070","recipient":"PALANTIR TECHNOLOGIES INC.","amount":6937739,"agency":"Department of Homeland Security","subAgency":"U.S. Immigration and Customs Enforcement","startDate":"2022-05-28","endDate":"2022-12-02","description":"FALCON OPERATIONS AND MAINTENANCE (O&M), SYSTEM ENHANCEMENT SUPPORT SERVICES HSI INTERIM","awardType":"DELIVERY ORDER","url":"https://www.usaspending.gov/award/CONT_AWD_70CTD022FR0000070_7012_GS35F0086U_4730"},{"vendor":"Palantir","awardId":"15JPSS25F00000911","recipient":"PALANTIR TECHNOLOGIES INC.","amount":4729657,"agency":"Department of Justice","subAgency":"Offices, Boards and Divisions","startDate":"2025-09-30","endDate":"2026-06-08","description":"CASE360 SOLUTIONS","awardType":"DELIVERY ORDER","url":"https://www.usaspending.gov/award/CONT_AWD_15JPSS25F00000911_1501_47QTCA24D004L_4732"},{"vendor":"Palantir","awardId":"15JPSS22F00000269","recipient":"PALANTIR TECHNOLOGIES INC.","amount":1038451,"agency":"Department of Justice","subAgency":"Offices, Boards and Divisions","startDate":"2022-02-01","endDate":"2022-12-31","description":"EDNY PALANTIR, BASE","awardType":"BPA CALL","url":"https://www.usaspending.gov/award/CONT_AWD_15JPSS22F00000269_1501_15JPSS19A00000146_1501"},{"vendor":"Palantir","awardId":"HSCETC13F00010","recipient":"PALANTIR TECHNOLOGIES INC.","amount":394843,"agency":"Department of Homeland Security","subAgency":"U.S. Immigration and Customs Enforcement","startDate":"2013-03-14","endDate":"2013-06-13","description":"PALANTIR ANNUAL SUPPORT&MAINTENANCE FOR  3/14/2013 TO 6/13/2013.","awardType":"DELIVERY ORDER","url":"https://www.usaspending.gov/award/CONT_AWD_HSCETC13F00010_7012_GS35F0086U_4730"},{"vendor":"Motorola Solutions","awardId":"70FA5019F00000089","recipient":"MOTOROLA SOLUTIONS, INC.","amount":331174,"agency":"Department of Homeland Security","subAgency":"Federal Emergency Management Agency","startDate":"2019-06-24","endDate":"2019-08-23","description":"FOC ENS SERVERS","awardType":"DELIVERY ORDER","url":"https://www.usaspending.gov/award/CONT_AWD_70FA5019F00000089_7022_70B04C19D00000010_7014"},{"vendor":"Motorola Solutions","awardId":"70B02C20F00000929","recipient":"MOTOROLA SOLUTIONS, INC.","amount":313997,"agency":"Department of Homeland Security","subAgency":"U.S. Customs and Border Protection","startDate":"2020-08-12","endDate":"2022-02-11","description":"CALEXICO RADIO IP SYSTEM (RIPS) UPGRADE","awardType":"DELIVERY ORDER","url":"https://www.usaspending.gov/award/CONT_AWD_70B02C20F00000929_7014_70B04C19D00000010_7014"},{"vendor":"Motorola Solutions","awardId":"HSFE5014P0191","recipient":"MOTOROLA SOLUTIONS CONNECTIVITY, INC.","amount":299094,"agency":"Department of Homeland Security","subAgency":"Federal Emergency Management Agency","startDate":"2014-06-02","endDate":"2017-06-01","description":"ENS EQUIPMENT AND SOFTWARE LIFECYCLE REFRESH","awardType":"PURCHASE ORDER","url":"https://www.usaspending.gov/award/CONT_AWD_HSFE5014P0191_7022_-NONE-_-NONE-"},{"vendor":"Palantir","awardId":"70CMSD18FR0000094","recipient":"PALANTIR TECHNOLOGIES INC.","amount":250000,"agency":"Department of Homeland Security","subAgency":"U.S. Immigration and Customs Enforcement","startDate":"2018-06-07","endDate":"2018-06-18","description":"PALANTIR GOTHAM SOFTWARE","awardType":"DELIVERY ORDER","url":"https://www.usaspending.gov/award/CONT_AWD_70CMSD18FR0000094_7012_GS35F0086U_4730"},{"vendor":"Motorola Solutions","awardId":"HSBP1010F00677","recipient":"MOTOROLA SOLUTIONS, INC.","amount":196791,"agency":"Department of Homeland Security","subAgency":"U.S. Customs and Border Protection","startDate":"2010-09-30","endDate":"2010-10-30","description":"QUANTAR REPEATER COMPONENTS","awardType":"DELIVERY ORDER","url":"https://www.usaspending.gov/award/CONT_AWD_HSBP1010F00677_7014_GS35F0004L_4730"},{"vendor":"Motorola Solutions","awardId":"HSFE5014P0128","recipient":"MOTOROLA SOLUTIONS CONNECTIVITY, INC.","amount":173859,"agency":"Department of Homeland Security","subAgency":"Federal Emergency Management Agency","startDate":"2014-03-31","endDate":"2015-03-18","description":"ENS MAINTENANCE AND SUPPORT SERVICES IGF::CT::IGF","awardType":"PURCHASE ORDER","url":"https://www.usaspending.gov/award/CONT_AWD_HSFE5014P0128_7022_-NONE-_-NONE-"},{"vendor":"Motorola Solutions","awardId":"15M10226PA4700108","recipient":"SILVUS TECHNOLOGIES, INC.","amount":163186,"agency":"Department of Justice","subAgency":"U.S. Marshals Service","startDate":"2026-04-08","endDate":"2027-04-07","description":"MISSION CRITICAL - APPREHENDING FUGITIVES TOD/OST-VSU: STREAMCASTER RADIO SET  CF: APC-FY26-000069","awardType":"PURCHASE ORDER","url":"https://www.usaspending.gov/award/CONT_AWD_15M10226PA4700108_1544_-NONE-_-NONE-"},{"vendor":"Motorola Solutions","awardId":"15F06720P0001618","recipient":"MOTOROLA SOLUTIONS CONNECTIVITY, INC.","amount":152152,"agency":"Department of Justice","subAgency":"Federal Bureau of Investigation","startDate":"2020-08-01","endDate":"2021-07-31","description":"YEARLY MAINTENANCE RENEWAL. SOFTWARE SUPPORT. EXPANSION TO SYNC WITH PRIMARY SUPPORT CONTRACT.  POP:  8/1/2020 7/31/2021","awardType":"PURCHASE ORDER","url":"https://www.usaspending.gov/award/CONT_AWD_15F06720P0001618_1549_-NONE-_-NONE-"},{"vendor":"Motorola Solutions","awardId":"HSFE5013P0108","recipient":"MOTOROLA SOLUTIONS CONNECTIVITY, INC.","amount":144560,"agency":"Department of Homeland Security","subAgency":"Federal Emergency Management Agency","startDate":"2013-04-10","endDate":"2014-02-28","description":"ENS MAINTENANCE AND SUPPORT SERVICE IGF::CT::IGF","awardType":"PURCHASE ORDER","url":"https://www.usaspending.gov/award/CONT_AWD_HSFE5013P0108_7022_-NONE-_-NONE-"},{"vendor":"Palantir","awardId":"15JA5318F00000005","recipient":"PALANTIR TECHNOLOGIES INC.","amount":125000,"agency":"Department of Justice","subAgency":"Offices, Boards and Divisions","startDate":"2017-12-01","endDate":"2018-02-28","description":"15JA5318F00000005","awardType":"DELIVERY ORDER","url":"https://www.usaspending.gov/award/CONT_AWD_15JA5318F00000005_1501_GS35F0086U_4730"},{"vendor":"Motorola Solutions","awardId":"HSCENZ04PF00026","recipient":"MOTOROLA SOLUTIONS, INC.","amount":84670,"agency":"Department of Homeland Security","subAgency":"U.S. Immigration and Customs Enforcement","startDate":"2004-09-30","endDate":"2004-09-30","description":"PROVIDE RADIO EQUIPMENT TO J. WYLIE","awardType":"PURCHASE ORDER","url":"https://www.usaspending.gov/award/CONT_AWD_HSCENZ04PF00026_7012_-NONE-_-NONE-"},{"vendor":"Palantir","awardId":"HSCEMD11P00040","recipient":"PALANTIR TECHNOLOGIES INC.","amount":58122,"agency":"Department of Homeland Security","subAgency":"U.S. Immigration and Customs Enforcement","startDate":"2011-02-24","endDate":"2011-04-24","description":"SUPPLY OF DELL SERVERS, CLOUD SERVER LICENSING, AND TRAINING.","awardType":"PURCHASE ORDER","url":"https://www.usaspending.gov/award/CONT_AWD_HSCEMD11P00040_7012_-NONE-_-NONE-"},{"vendor":"Palantir","awardId":"15JPSS25F00000380","recipient":"PALANTIR TECHNOLOGIES INC.","amount":50000,"agency":"Department of Justice","subAgency":"Offices, Boards and Divisions","startDate":"2025-03-24","endDate":"2025-06-10","description":"OAG TREND ANALYSIS REQUIREMENT","awardType":"DELIVERY ORDER","url":"https://www.usaspending.gov/award/CONT_AWD_15JPSS25F00000380_1501_47QTCA24D004L_4732"},{"vendor":"Magnet Forensics","awardId":"15DDSF18F00000056","recipient":"MAGNET FORENSICS, LLC","amount":45030,"agency":"Department of Justice","subAgency":"Drug Enforcement Administration","startDate":"2018-09-12","endDate":"2018-09-26","description":"IGF::CT::IGF - S2H: GRAYSHIFT: ANNUAL LICENSE OFFLINE, GRAYKEY UNIT&GRAYKEY ANNUAL LICENSE ONLINE LICENSE POP:  09/26/18-09/25/19 UNIT WILL BE DELIVERED BY 9/26/18","awardType":"BPA CALL","url":"https://www.usaspending.gov/award/CONT_AWD_15DDSF18F00000056_1524_15DDHQ18A00000016_1524"},{"vendor":"Grayshift","awardId":"15DDSF18F00000056","recipient":"MAGNET FORENSICS, LLC","amount":45030,"agency":"Department of Justice","subAgency":"Drug Enforcement Administration","startDate":"2018-09-12","endDate":"2018-09-26","description":"IGF::CT::IGF - S2H: GRAYSHIFT: ANNUAL LICENSE OFFLINE, GRAYKEY UNIT&GRAYKEY ANNUAL LICENSE ONLINE LICENSE POP:  09/26/18-09/25/19 UNIT WILL BE DELIVERED BY 9/26/18","awardType":"BPA CALL","url":"https://www.usaspending.gov/award/CONT_AWD_15DDSF18F00000056_1524_15DDHQ18A00000016_1524"},{"vendor":"Cellebrite","awardId":"15DDHQ18P00000060","recipient":"CELLEBRITE INC","amount":27200,"agency":"Department of Justice","subAgency":"Drug Enforcement Administration","startDate":"2017-11-07","endDate":"2018-09-30","description":"IGF::OT::IGF","awardType":"PURCHASE ORDER","url":"https://www.usaspending.gov/award/CONT_AWD_15DDHQ18P00000060_1524_-NONE-_-NONE-"},{"vendor":"Cellebrite","awardId":"DJD17LAP0058","recipient":"CELLEBRITE INC","amount":24792,"agency":"Department of Justice","subAgency":"Drug Enforcement Administration","startDate":"2016-10-01","endDate":"2017-09-30","description":"IGF::CL::IGF  SOFTWARE RENEWAL  LA-17-019","awardType":"PURCHASE ORDER","url":"https://www.usaspending.gov/award/CONT_AWD_DJD17LAP0058_1524_-NONE-_-NONE-"}]},"geometry":{"type":"Point","coordinates":[-119.681,36.116]}},{"type":"Feature","properties":{"id":"usas-GA","state":"GA","totalAmount":57687536,"awardCount":142,"vendorCount":5,"topVendor":"Axon Enterprise","vendors":[{"name":"Axon Enterprise","amount":43821915,"count":33},{"name":"Magnet Forensics","amount":7230533,"count":56},{"name":"Motorola Solutions","amount":3801870,"count":11},{"name":"Grayshift","amount":2593731,"count":37},{"name":"Cellebrite","amount":239487,"count":5}],"awards":[{"vendor":"Axon Enterprise","awardId":"70CMSW26FR0000046","recipient":"AXON ENTERPRISE, INC.","amount":13128180,"agency":"Department of Homeland Security","subAgency":"U.S. Immigration and Customs Enforcement","startDate":"2026-07-17","endDate":"2027-09-24","description":"THE PURPOSE OF THIS AWARD PROVIDE BODY WORN CAMERAS FOR THE OFFICE OF FIREARMS AND TACTICAL PROGRAMS (OFTP) FIELD USE","awardType":"DELIVERY ORDER","url":"https://www.usaspending.gov/award/CONT_AWD_70CMSW26FR0000046_7012_70B03C23D00000006_7014"},{"vendor":"Axon Enterprise","awardId":"70CMSW24FR0000097","recipient":"AXON ENTERPRISE, INC.","amount":7162929,"agency":"Department of Homeland Security","subAgency":"U.S. Immigration and Customs Enforcement","startDate":"2024-09-25","endDate":"2025-09-24","description":"BODY WORN CAMERAS FOR THE OFFICE OF FIREARMS AND TACTICAL PROGRAMS (OFTP) FIELD USE","awardType":"DELIVERY ORDER","url":"https://www.usaspending.gov/award/CONT_AWD_70CMSW24FR0000097_7012_70B03C23D00000006_7014"},{"vendor":"Axon Enterprise","awardId":"70CMSW25FR0000132","recipient":"AXON ENTERPRISE, INC.","amount":3846870,"agency":"Department of Homeland Security","subAgency":"U.S. Immigration and Customs Enforcement","startDate":"2025-09-26","endDate":"2026-01-31","description":"THIS DELIVERY ORDER PROCURES TASER SUPPLIES/CARTRIDGES UNDER THE ICE INDEFINITE DELIVERY/INDEFINITE QUANTITY (IDIQ) TO SUPPORT THE OFFICE OF FIREARMS AND TACTICAL PROGRAMS (OFTP).","awardType":"DELIVERY ORDER","url":"https://www.usaspending.gov/award/CONT_AWD_70CMSW25FR0000132_7012_70CMSW23D00000003_7012"},{"vendor":"Axon Enterprise","awardId":"70CMSW23FR0000113","recipient":"AXON ENTERPRISE, INC.","amount":3762500,"agency":"Department of Homeland Security","subAgency":"U.S. Immigration and Customs Enforcement","startDate":"2023-09-27","endDate":"2024-08-21","description":"NON-LETHAL CONDUCTIVE ENERGY WEAPONS (CEW) EQUIPMENT-T10","awardType":"DELIVERY ORDER","url":"https://www.usaspending.gov/award/CONT_AWD_70CMSW23FR0000113_7012_70CMSW23D00000003_7012"},{"vendor":"Axon Enterprise","awardId":"70CMSW23FR0000082","recipient":"AXON ENTERPRISE, INC.","amount":3632766,"agency":"Department of Homeland Security","subAgency":"U.S. Immigration and Customs Enforcement","startDate":"2023-08-18","endDate":"2024-08-17","description":"PURCHASING BODY WORN CAMERAS (BWC) AND ACCESSORIES FOR ICE PER CONGRESSIONAL MANDATE","awardType":"DELIVERY ORDER","url":"https://www.usaspending.gov/award/CONT_AWD_70CMSW23FR0000082_7012_70B03C23D00000006_7014"},{"vendor":"Axon Enterprise","awardId":"70CMSW25FR0000137","recipient":"AXON ENTERPRISE, INC.","amount":3527757,"agency":"Department of Homeland Security","subAgency":"U.S. Immigration and Customs Enforcement","startDate":"2025-09-30","endDate":"2026-01-31","description":"THIS DELIVERY AWARD PROCURES TASER WEAPONS AND REPLACEMENT SUPPLIES/CARTRIDGES FOR ICE- OFFICE OF FIREARMS AND TACTICAL PROGRAMS AT FORT BENNING, GA.","awardType":"DELIVERY ORDER","url":"https://www.usaspending.gov/award/CONT_AWD_70CMSW25FR0000137_7012_70CMSW23D00000003_7012"},{"vendor":"Axon Enterprise","awardId":"70CMSW22FR0000118","recipient":"AXON ENTERPRISE, INC.","amount":3225000,"agency":"Department of Homeland Security","subAgency":"U.S. Immigration and Customs Enforcement","startDate":"2022-09-18","endDate":"2023-09-17","description":"EXERCISE CLIN 2001 UNDER OPTION PERIOD 2- CONDUCTIVE ENERGY WEAPONS (CEW) IDIQ","awardType":"DELIVERY ORDER","url":"https://www.usaspending.gov/award/CONT_AWD_70CMSW22FR0000118_7012_70CMSW20D00000003_7012"},{"vendor":"Magnet Forensics","awardId":"70US0925C70093547","recipient":"MAGNET FORENSICS, LLC","amount":2697280,"agency":"Department of Homeland Security","subAgency":"U.S. Secret Service","startDate":"2025-08-22","endDate":"2026-08-21","description":"SOFTWARE LICENSES, RENEWALS, AND UNITS","awardType":"DEFINITIVE CONTRACT","url":"https://www.usaspending.gov/award/CONT_AWD_70US0925C70093547_7009_-NONE-_-NONE-"},{"vendor":"Axon Enterprise","awardId":"70CMSW20FR0000129","recipient":"AXON ENTERPRISE, INC.","amount":2580000,"agency":"Department of Homeland Security","subAgency":"U.S. Immigration and Customs Enforcement","startDate":"2020-09-10","endDate":"2021-09-17","description":"CONDUCTIVE ENERGY WEAPONS (CEW)","awardType":"DELIVERY ORDER","url":"https://www.usaspending.gov/award/CONT_AWD_70CMSW20FR0000129_7012_70CMSW20D00000003_7012"},{"vendor":"Motorola Solutions","awardId":"70LGLY20FSSB00126","recipient":"MOTOROLA SOLUTIONS, INC.","amount":1372975,"agency":"Department of Homeland Security","subAgency":"Federal Law Enforcement Training Center","startDate":"2020-09-25","endDate":"2027-02-26","description":"LAND MOBILE RADIO INFRASTRUCTURE AND MIGRATION.","awardType":"DELIVERY ORDER","url":"https://www.usaspending.gov/award/CONT_AWD_70LGLY20FSSB00126_7015_70B04C19D00000010_7014"},{"vendor":"Magnet Forensics","awardId":"70US0920C70090064","recipient":"MAGNET FORENSICS, LLC","amount":841575,"agency":"Department of Homeland Security","subAgency":"U.S. Secret Service","startDate":"2020-08-13","endDate":"2021-08-31","description":"GRAYKEY UNIT RENEWALS FOR CID/NCFI","awardType":"DEFINITIVE CONTRACT","url":"https://www.usaspending.gov/award/CONT_AWD_70US0920C70090064_7009_-NONE-_-NONE-"},{"vendor":"Grayshift","awardId":"70US0920C70090064","recipient":"MAGNET FORENSICS, LLC","amount":841575,"agency":"Department of Homeland Security","subAgency":"U.S. Secret Service","startDate":"2020-08-13","endDate":"2021-08-31","description":"GRAYKEY UNIT RENEWALS FOR CID/NCFI","awardType":"DEFINITIVE CONTRACT","url":"https://www.usaspending.gov/award/CONT_AWD_70US0920C70090064_7009_-NONE-_-NONE-"},{"vendor":"Magnet Forensics","awardId":"70B02C25P00000438","recipient":"MAGNET FORENSICS, LLC","amount":532723,"agency":"Department of Homeland Security","subAgency":"U.S. Customs and Border Protection","startDate":"2025-09-19","endDate":"2026-09-18","description":"LICENSES FOR GRAYSHIFT SOFTWARE","awardType":"PURCHASE ORDER","url":"https://www.usaspending.gov/award/CONT_AWD_70B02C25P00000438_7014_-NONE-_-NONE-"},{"vendor":"Axon Enterprise","awardId":"70RFP325FREH00017","recipient":"AXON ENTERPRISE, INC.","amount":491461,"agency":"Department of Homeland Security","subAgency":"Office of Procurement Operations","startDate":"2025-09-30","endDate":"2030-09-29","description":"CEWS - AXON TASER 10","awardType":"DELIVERY ORDER","url":"https://www.usaspending.gov/award/CONT_AWD_70RFP325FREH00017_7001_70RFP325DEH000002_7001"},{"vendor":"Motorola Solutions","awardId":"70LGLY26PSSB00020","recipient":"SILVUS TECHNOLOGIES, INC.","amount":488813,"agency":"Department of Homeland Security","subAgency":"Federal Law Enforcement Training Center","startDate":"2026-04-27","endDate":"2026-10-10","description":"MESH RADIOS","awardType":"PURCHASE ORDER","url":"https://www.usaspending.gov/award/CONT_AWD_70LGLY26PSSB00020_7015_-NONE-_-NONE-"},{"vendor":"Axon Enterprise","awardId":"70CMSW21P00000046","recipient":"AXON ENTERPRISE, INC.","amount":458459,"agency":"Department of Homeland Security","subAgency":"U.S. Immigration and Customs Enforcement","startDate":"2021-09-20","endDate":"2022-09-23","description":"BODY WORN CAMERAS TO SUPPORT CONGRESSIONAL MANDATE FOR PILOT PROGRAM","awardType":"PURCHASE ORDER","url":"https://www.usaspending.gov/award/CONT_AWD_70CMSW21P00000046_7012_-NONE-_-NONE-"},{"vendor":"Magnet Forensics","awardId":"70B02C24P00000486","recipient":"MAGNET FORENSICS, LLC","amount":455226,"agency":"Department of Homeland Security","subAgency":"U.S. Customs and Border Protection","startDate":"2024-09-05","endDate":"2025-09-04","description":"PURCHASE OF GREYKEY LICENSES","awardType":"PURCHASE ORDER","url":"https://www.usaspending.gov/award/CONT_AWD_70B02C24P00000486_7014_-NONE-_-NONE-"},{"vendor":"Motorola Solutions","awardId":"70LGLY20FSSB00115","recipient":"MOTOROLA SOLUTIONS, INC.","amount":454311,"agency":"Department of Homeland Security","subAgency":"Federal Law Enforcement Training Center","startDate":"2020-08-31","endDate":"2021-12-15","description":"FLETC GLYNCO ON-SITE (LMR) PROGRAMMING OF 1,500 RADIOS GLYNCO, GA ON-SITE CERTIFIED (LMR) REMOVAL AND INSTALLATION  ARTESIA, NM ON-SITE CERTIFIED (LMR) REMOVAL, INSTALLATION AND PROGRAMMING ARTESIA, NM ON-SITE CERTIFIED (LMR) REMOVAL, INSTA","awardType":"DELIVERY ORDER","url":"https://www.usaspending.gov/award/CONT_AWD_70LGLY20FSSB00115_7015_70B04C19D00000035_7014"},{"vendor":"Axon Enterprise","awardId":"70CMSW25FR0000043","recipient":"AXON ENTERPRISE, INC.","amount":387801,"agency":"Department of Homeland Security","subAgency":"U.S. Immigration and Customs Enforcement","startDate":"2025-05-30","endDate":"2025-09-29","description":"THIS AWARD PROVIDES TASER EQUIPMENT AND ANCILLARY ACCESSORIES TO SUPPORT ICE- OFFICE OF FIREARMS AND TACTICAL PROGRAMS AT FORT BENNING, GA.","awardType":"DELIVERY ORDER","url":"https://www.usaspending.gov/award/CONT_AWD_70CMSW25FR0000043_7012_70CMSW23D00000003_7012"},{"vendor":"Motorola Solutions","awardId":"70LGLY25FSSB00145","recipient":"MOTOROLA SOLUTIONS, INC.","amount":306571,"agency":"Department of Homeland Security","subAgency":"Federal Law Enforcement Training Center","startDate":"2025-09-17","endDate":"2025-10-17","description":"SECURITY DISPATCH MOTOROLA CAD. SECTION 2 (D) EXEMPTION","awardType":"DELIVERY ORDER","url":"https://www.usaspending.gov/award/CONT_AWD_70LGLY25FSSB00145_7015_70B04C19D00000010_7014"},{"vendor":"Motorola Solutions","awardId":"70LGLY25FSSB00052","recipient":"MOTOROLA SOLUTIONS, INC.","amount":292500,"agency":"Department of Homeland Security","subAgency":"Federal Law Enforcement Training Center","startDate":"2025-05-08","endDate":"2026-05-09","description":"MOTOROLA LMR PROFESSIONAL SERVICES SEC 2(D)","awardType":"DELIVERY ORDER","url":"https://www.usaspending.gov/award/CONT_AWD_70LGLY25FSSB00052_7015_70B04C19D00000035_7014"},{"vendor":"Magnet Forensics","awardId":"70B02C23P00000450","recipient":"MAGNET FORENSICS, LLC","amount":286582,"agency":"Department of Homeland Security","subAgency":"U.S. Customs and Border Protection","startDate":"2023-09-01","endDate":"2024-08-31","description":"IT SOFTWARE LICENSES","awardType":"PURCHASE ORDER","url":"https://www.usaspending.gov/award/CONT_AWD_70B02C23P00000450_7014_-NONE-_-NONE-"},{"vendor":"Grayshift","awardId":"70B02C23P00000450","recipient":"MAGNET FORENSICS, LLC","amount":286582,"agency":"Department of Homeland Security","subAgency":"U.S. Customs and Border Protection","startDate":"2023-09-01","endDate":"2024-08-31","description":"IT SOFTWARE LICENSES","awardType":"PURCHASE ORDER","url":"https://www.usaspending.gov/award/CONT_AWD_70B02C23P00000450_7014_-NONE-_-NONE-"},{"vendor":"Motorola Solutions","awardId":"70LGLY23FSSB00096","recipient":"MOTOROLA SOLUTIONS, INC.","amount":280000,"agency":"Department of Homeland Security","subAgency":"Federal Law Enforcement Training Center","startDate":"2023-09-18","endDate":"2025-04-30","description":"LMR MOTOROLA PROFESSIONAL SERVICES","awardType":"DELIVERY ORDER","url":"https://www.usaspending.gov/award/CONT_AWD_70LGLY23FSSB00096_7015_70B04C19D00000035_7014"},{"vendor":"Magnet Forensics","awardId":"15F06720P0001042","recipient":"MAGNET FORENSICS, LLC","amount":272078,"agency":"Department of Justice","subAgency":"Federal Bureau of Investigation","startDate":"2020-04-22","endDate":"2024-04-20","description":"CID/CYD 2020 0092 FORENSIC SOFTWARE TOOL","awardType":"PURCHASE ORDER","url":"https://www.usaspending.gov/award/CONT_AWD_15F06720P0001042_1549_-NONE-_-NONE-"}]},"geometry":{"type":"Point","coordinates":[-83.643,33.04]}},{"type":"Feature","properties":{"id":"usas-NJ","state":"NJ","totalAmount":52877762,"awardCount":211,"vendorCount":3,"topVendor":"Cellebrite","vendors":[{"name":"Cellebrite","amount":52599297,"count":202},{"name":"Magnet Forensics","amount":170390,"count":6},{"name":"Grayshift","amount":108075,"count":3}],"awards":[{"vendor":"Cellebrite","awardId":"70CMSD21FR0000118","recipient":"CELLEBRITE INC","amount":4945309,"agency":"Department of Homeland Security","subAgency":"U.S. Immigration and Customs Enforcement","startDate":"2021-08-20","endDate":"2022-09-29","description":"FORENSIC EQUIPMENT AND SERVICES","awardType":"DELIVERY ORDER","url":"https://www.usaspending.gov/award/CONT_AWD_70CMSD21FR0000118_7012_70CMSD19D00000002_7012"},{"vendor":"Cellebrite","awardId":"70US0922C70092343","recipient":"CELLEBRITE INC","amount":4507398,"agency":"Department of Homeland Security","subAgency":"U.S. Secret Service","startDate":"2022-09-30","endDate":"2026-09-29","description":"PREMIUM ES SITE LICENSES","awardType":"DEFINITIVE CONTRACT","url":"https://www.usaspending.gov/award/CONT_AWD_70US0922C70092343_7009_-NONE-_-NONE-"},{"vendor":"Cellebrite","awardId":"70US0926F1DHS2558","recipient":"CELLEBRITE INC","amount":3782940,"agency":"Department of Homeland Security","subAgency":"U.S. Secret Service","startDate":"2026-06-04","endDate":"2027-06-21","description":"FORENSIC SOFTWARE","awardType":"DELIVERY ORDER","url":"https://www.usaspending.gov/award/CONT_AWD_70US0926F1DHS2558_7009_70US0923D70092056_7009"},{"vendor":"Cellebrite","awardId":"70US0923C70092939","recipient":"CELLEBRITE INC","amount":3431936,"agency":"Department of Homeland Security","subAgency":"U.S. Secret Service","startDate":"2023-05-15","endDate":"2025-08-09","description":"PREMIUM LICENSES","awardType":"DEFINITIVE CONTRACT","url":"https://www.usaspending.gov/award/CONT_AWD_70US0923C70092939_7009_-NONE-_-NONE-"},{"vendor":"Cellebrite","awardId":"70CMSD19FR0000111","recipient":"CELLEBRITE INC","amount":2931248,"agency":"Department of Homeland Security","subAgency":"U.S. Immigration and Customs Enforcement","startDate":"2019-09-12","endDate":"2020-09-29","description":"FORENSIC EQUIPMENT AND SERVICES","awardType":"DELIVERY ORDER","url":"https://www.usaspending.gov/award/CONT_AWD_70CMSD19FR0000111_7012_70CMSD19D00000002_7012"},{"vendor":"Cellebrite","awardId":"70CMSD20FR0000078","recipient":"CELLEBRITE INC","amount":2770090,"agency":"Department of Homeland Security","subAgency":"U.S. Immigration and Customs Enforcement","startDate":"2020-09-30","endDate":"2021-09-29","description":"FORENSIC EQUIPMENT AND SERVICES","awardType":"DELIVERY ORDER","url":"https://www.usaspending.gov/award/CONT_AWD_70CMSD20FR0000078_7012_70CMSD19D00000002_7012"},{"vendor":"Cellebrite","awardId":"70US0922C70090009","recipient":"CELLEBRITE INC","amount":2168144,"agency":"Department of Homeland Security","subAgency":"U.S. Secret Service","startDate":"2022-03-10","endDate":"2023-06-09","description":"CELLEBRITE INSTRUCTIONAL SERVICES _GAP CONTRACT","awardType":"DEFINITIVE CONTRACT","url":"https://www.usaspending.gov/award/CONT_AWD_70US0922C70090009_7009_-NONE-_-NONE-"},{"vendor":"Cellebrite","awardId":"70CMSD20FR0000198","recipient":"CELLEBRITE INC","amount":2035739,"agency":"Department of Homeland Security","subAgency":"U.S. Immigration and Customs Enforcement","startDate":"2020-09-18","endDate":"2021-09-29","description":"FORENSIC EQUIPMENT AND SERVICES","awardType":"DELIVERY ORDER","url":"https://www.usaspending.gov/award/CONT_AWD_70CMSD20FR0000198_7012_70CMSD19D00000002_7012"},{"vendor":"Cellebrite","awardId":"70CMSD18FR0000056","recipient":"CELLEBRITE INC","amount":1258740,"agency":"Department of Homeland Security","subAgency":"U.S. Immigration and Customs Enforcement","startDate":"2018-04-25","endDate":"2019-09-30","description":"UFED ANNUAL LICENSE RENEWAL","awardType":"DELIVERY ORDER","url":"https://www.usaspending.gov/award/CONT_AWD_70CMSD18FR0000056_7012_HSCEMD13D00001_7012"},{"vendor":"Cellebrite","awardId":"70US0924P70092609","recipient":"CELLEBRITE INC","amount":933253,"agency":"Department of Homeland Security","subAgency":"U.S. Secret Service","startDate":"2024-06-15","endDate":"2026-03-31","description":"UFED 4PC","awardType":"PURCHASE ORDER","url":"https://www.usaspending.gov/award/CONT_AWD_70US0924P70092609_7009_-NONE-_-NONE-"},{"vendor":"Cellebrite","awardId":"70US0923C70093084","recipient":"CELLEBRITE INC","amount":929664,"agency":"Department of Homeland Security","subAgency":"U.S. Secret Service","startDate":"2023-05-15","endDate":"2023-10-31","description":"INSTRUCTIONAL SERVICES","awardType":"DEFINITIVE CONTRACT","url":"https://www.usaspending.gov/award/CONT_AWD_70US0923C70093084_7009_-NONE-_-NONE-"},{"vendor":"Cellebrite","awardId":"70US0924C70093947","recipient":"CELLEBRITE INC","amount":875354,"agency":"Department of Homeland Security","subAgency":"U.S. Secret Service","startDate":"2024-03-12","endDate":"2026-08-08","description":"UFED 4 PC","awardType":"DEFINITIVE CONTRACT","url":"https://www.usaspending.gov/award/CONT_AWD_70US0924C70093947_7009_-NONE-_-NONE-"},{"vendor":"Cellebrite","awardId":"HSCEMD16J00044","recipient":"CELLEBRITE INC","amount":847152,"agency":"Department of Homeland Security","subAgency":"U.S. Immigration and Customs Enforcement","startDate":"2016-08-17","endDate":"2017-09-29","description":"FORENSIC EXTRACTION DEVICE RENEWALS","awardType":"DELIVERY ORDER","url":"https://www.usaspending.gov/award/CONT_AWD_HSCEMD16J00044_7012_HSCEMD13D00001_7012"},{"vendor":"Cellebrite","awardId":"70US0921P70090106","recipient":"CELLEBRITE INC","amount":816000,"agency":"Department of Homeland Security","subAgency":"U.S. Secret Service","startDate":"2021-06-30","endDate":"2022-09-29","description":"CELLEBRITE PREMIUM SITES FOR NCFI","awardType":"PURCHASE ORDER","url":"https://www.usaspending.gov/award/CONT_AWD_70US0921P70090106_7009_-NONE-_-NONE-"},{"vendor":"Cellebrite","awardId":"70US0921P70090100","recipient":"CELLEBRITE INC","amount":814750,"agency":"Department of Homeland Security","subAgency":"U.S. Secret Service","startDate":"2021-07-01","endDate":"2022-10-06","description":"THIS IS A PURCHASE ORDER TO PROCURE THE RENEWAL OF A SUITE OF FORENSIC SOFTWARE TOOLS FROM CELLEBRITE INC. THAT ARE DISTRIBUTED TO SPECIALLY TRAINED US SECRET SERVICE FORENSIC EXAMINERS NATIONWIDE BY THE CRIMINAL INVESTIGATIVE DIVISION (CID","awardType":"PURCHASE ORDER","url":"https://www.usaspending.gov/award/CONT_AWD_70US0921P70090100_7009_-NONE-_-NONE-"},{"vendor":"Cellebrite","awardId":"70US0926F1DHS2473","recipient":"CELLEBRITE INC","amount":791603,"agency":"Department of Homeland Security","subAgency":"U.S. Secret Service","startDate":"2026-01-27","endDate":"2026-06-12","description":"INSTRUCTIONAL SERVICES","awardType":"DELIVERY ORDER","url":"https://www.usaspending.gov/award/CONT_AWD_70US0926F1DHS2473_7009_70US0923D70092056_7009"},{"vendor":"Cellebrite","awardId":"70US0925F1DHS2252","recipient":"CELLEBRITE INC","amount":790764,"agency":"Department of Homeland Security","subAgency":"U.S. Secret Service","startDate":"2025-05-24","endDate":"2025-09-28","description":"PER EO 14222, IT HAS BEEN DETERMINED THIS PROCUREMENT ALIGNS WITH ONE OF THE DESIGNATED, EXCLUDED CATEGORIES: EXPENDITURES RELATED TO IMMIGRATION ENFORCEMENT, LAW ENFORCEMENT, MILITARY, PUBLIC SAFETY, OR THE INTELLIGENCE COMMUNITY.","awardType":"DELIVERY ORDER","url":"https://www.usaspending.gov/award/CONT_AWD_70US0925F1DHS2252_7009_70US0923D70092056_7009"},{"vendor":"Cellebrite","awardId":"70US0921F1DHS0061","recipient":"CELLEBRITE INC","amount":756672,"agency":"Department of Homeland Security","subAgency":"U.S. Secret Service","startDate":"2021-05-28","endDate":"2021-08-27","description":"INSTRUCTIONAL SERVICES FOR THE NCFI FOR JUN21 - SEPT21","awardType":"DELIVERY ORDER","url":"https://www.usaspending.gov/award/CONT_AWD_70US0921F1DHS0061_7009_HSSS0116D0002_7009"},{"vendor":"Cellebrite","awardId":"70B06C20P00000595","recipient":"CELLEBRITE INC","amount":722999,"agency":"Department of Homeland Security","subAgency":"U.S. Customs and Border Protection","startDate":"2020-09-25","endDate":"2021-09-28","description":"CELLEBRITE UFED PREMIUM SYSTEM SOFTWARE LICENSES, HARDWARE AND SERVICES.","awardType":"PURCHASE ORDER","url":"https://www.usaspending.gov/award/CONT_AWD_70B06C20P00000595_7014_-NONE-_-NONE-"},{"vendor":"Cellebrite","awardId":"70US0926F1DHS2540","recipient":"CELLEBRITE INC","amount":711493,"agency":"Department of Homeland Security","subAgency":"U.S. Secret Service","startDate":"2026-05-29","endDate":"2026-10-02","description":"INSTRUCTIONAL SERVICES","awardType":"DELIVERY ORDER","url":"https://www.usaspending.gov/award/CONT_AWD_70US0926F1DHS2540_7009_70US0923D70092056_7009"},{"vendor":"Cellebrite","awardId":"HSFLGL17P00123","recipient":"CELLEBRITE INC","amount":632350,"agency":"Department of Homeland Security","subAgency":"Federal Law Enforcement Training Center","startDate":"2017-03-08","endDate":"2017-05-01","description":"CELLEBRITE  FORENSIC EXTRACTION  DEVICE LOGICAL","awardType":"PURCHASE ORDER","url":"https://www.usaspending.gov/award/CONT_AWD_HSFLGL17P00123_7015_-NONE-_-NONE-"},{"vendor":"Cellebrite","awardId":"70US0925F1DHS2386","recipient":"CELLEBRITE INC","amount":621266,"agency":"Department of Homeland Security","subAgency":"U.S. Secret Service","startDate":"2025-09-28","endDate":"2026-02-06","description":"INSTRUCTIONAL SERVICES","awardType":"DELIVERY ORDER","url":"https://www.usaspending.gov/award/CONT_AWD_70US0925F1DHS2386_7009_70US0923D70092056_7009"},{"vendor":"Cellebrite","awardId":"HSCEMD17J00096","recipient":"CELLEBRITE INC","amount":613386,"agency":"Department of Homeland Security","subAgency":"U.S. Immigration and Customs Enforcement","startDate":"2017-08-25","endDate":"2017-11-30","description":"FORENSIC EXTRACTION DEVICES","awardType":"DELIVERY ORDER","url":"https://www.usaspending.gov/award/CONT_AWD_HSCEMD17J00096_7012_HSCEMD13D00001_7012"},{"vendor":"Cellebrite","awardId":"HSSS0113C0044","recipient":"CELLEBRITE INC","amount":599365,"agency":"Department of Homeland Security","subAgency":"U.S. Secret Service","startDate":"2013-09-27","endDate":"2016-07-31","description":"2013-CELLEBRITE EQUIPMENT/LICENSES","awardType":"DCA","url":"https://www.usaspending.gov/award/CONT_AWD_HSSS0113C0044_7009_-NONE-_-NONE-"},{"vendor":"Cellebrite","awardId":"HSCEMD17J00095","recipient":"CELLEBRITE INC","amount":574425,"agency":"Department of Homeland Security","subAgency":"U.S. Immigration and Customs Enforcement","startDate":"2017-09-11","endDate":"2018-04-26","description":"RENEWALS OF FORENSIC EXTRACTION DEVICES","awardType":"DELIVERY ORDER","url":"https://www.usaspending.gov/award/CONT_AWD_HSCEMD17J00095_7012_HSCEMD13D00001_7012"}]},"geometry":{"type":"Point","coordinates":[-74.521,40.298]}},{"type":"Feature","properties":{"id":"usas-PA","state":"PA","totalAmount":50470928,"awardCount":10,"vendorCount":3,"topVendor":"Motorola Solutions","vendors":[{"name":"Motorola Solutions","amount":32605932,"count":3},{"name":"Axon Enterprise","amount":17781938,"count":2},{"name":"Cellebrite","amount":83059,"count":5}],"awards":[{"vendor":"Motorola Solutions","awardId":"HSHQEM17J00008","recipient":"MOTOROLA SOLUTIONS, INC.","amount":25895259,"agency":"Department of Homeland Security","subAgency":"Office of Procurement Operations","startDate":"2017-09-22","endDate":"2021-09-25","description":"IGF::OT::IGF TACTICAL COMMUNICATIONS MODERNIZATION PROJECT","awardType":"DELIVERY ORDER","url":"https://www.usaspending.gov/award/CONT_AWD_HSHQEM17J00008_7001_HSSS0112D0002_7009"},{"vendor":"Axon Enterprise","awardId":"70CMSW26FR0000045","recipient":"AXON ENTERPRISE, INC.","amount":17766998,"agency":"Department of Homeland Security","subAgency":"U.S. Immigration and Customs Enforcement","startDate":"2026-07-20","endDate":"2027-09-24","description":"THE PURPOSE OF THIS AWARD PROVIDE BODY WORN CAMERAS FOR THE OFFICE OF FIREARMS AND TACTICAL PROGRAMS (OFTP) FIELD USE","awardType":"DELIVERY ORDER","url":"https://www.usaspending.gov/award/CONT_AWD_70CMSW26FR0000045_7012_70B03C23D00000006_7014"},{"vendor":"Motorola Solutions","awardId":"70RFP320FREH00043","recipient":"MOTOROLA SOLUTIONS, INC.","amount":4375256,"agency":"Department of Homeland Security","subAgency":"Office of Procurement Operations","startDate":"2020-09-25","endDate":"2025-09-29","description":"MOTOROLA OPERATIONS AND MAINTENANCE SERVICES","awardType":"DELIVERY ORDER","url":"https://www.usaspending.gov/award/CONT_AWD_70RFP320FREH00043_7001_70B04C19D00000010_7014"},{"vendor":"Motorola Solutions","awardId":"HSHQEM17J00009","recipient":"MOTOROLA SOLUTIONS, INC.","amount":2335418,"agency":"Department of Homeland Security","subAgency":"Office of Procurement Operations","startDate":"2017-09-25","endDate":"2018-01-23","description":"MOTOROLA APX7500 DUAL BAND HIGH POWER RADIOS","awardType":"DELIVERY ORDER","url":"https://www.usaspending.gov/award/CONT_AWD_HSHQEM17J00009_7001_HSSS0112D0002_7009"},{"vendor":"Cellebrite","awardId":"DJD16PHP0057","recipient":"CELLEBRITE INC","amount":23100,"agency":"Department of Justice","subAgency":"Drug Enforcement Administration","startDate":"2016-08-12","endDate":"2016-08-19","description":"IGF::CT::IGF - CELLEBRITE MOBILE FORENSIC TRAINING","awardType":"PURCHASE ORDER","url":"https://www.usaspending.gov/award/CONT_AWD_DJD16PHP0057_1524_-NONE-_-NONE-"},{"vendor":"Cellebrite","awardId":"DJD16PHP0039","recipient":"CELLEBRITE INC","amount":18468,"agency":"Department of Justice","subAgency":"Drug Enforcement Administration","startDate":"2016-03-24","endDate":"2016-04-25","description":"IGF::CT::IGF - UFED 4PC ULTIMATE AND CAMERA KIT.","awardType":"PURCHASE ORDER","url":"https://www.usaspending.gov/award/CONT_AWD_DJD16PHP0039_1524_-NONE-_-NONE-"},{"vendor":"Cellebrite","awardId":"15DDPH23F00000014","recipient":"CELLEBRITE INC","amount":15591,"agency":"Department of Justice","subAgency":"Drug Enforcement Administration","startDate":"2023-05-01","endDate":"2023-05-05","description":"5-DAY CCO + CCPA INSTRUCTOR LED TRAINING COURSE.","awardType":"DELIVERY ORDER","url":"https://www.usaspending.gov/award/CONT_AWD_15DDPH23F00000014_1524_15DDHQ19D00000026_1524"},{"vendor":"Axon Enterprise","awardId":"70CMSD24P00000027","recipient":"AXON ENTERPRISE, INC.","amount":14940,"agency":"Department of Homeland Security","subAgency":"U.S. Immigration and Customs Enforcement","startDate":"2024-03-20","endDate":"2024-06-23","description":"GROUND ROBOT","awardType":"PURCHASE ORDER","url":"https://www.usaspending.gov/award/CONT_AWD_70CMSD24P00000027_7012_-NONE-_-NONE-"},{"vendor":"Cellebrite","awardId":"DJD17PHP0047","recipient":"CELLEBRITE INC","amount":14800,"agency":"Department of Justice","subAgency":"Drug Enforcement Administration","startDate":"2017-05-01","endDate":"2018-04-30","description":"IGF::CT::IGF - UFED SOFTWARE RENEWAL.","awardType":"PURCHASE ORDER","url":"https://www.usaspending.gov/award/CONT_AWD_DJD17PHP0047_1524_-NONE-_-NONE-"},{"vendor":"Cellebrite","awardId":"15DDPH18P00000016","recipient":"CELLEBRITE INC","amount":11100,"agency":"Department of Justice","subAgency":"Drug Enforcement Administration","startDate":"2018-05-16","endDate":"2019-04-30","description":"IGF::CT:;IGF - UFED 4PC ULTIMATE SOFTWARE RENEWAL.","awardType":"PURCHASE ORDER","url":"https://www.usaspending.gov/award/CONT_AWD_15DDPH18P00000016_1524_-NONE-_-NONE-"}]},"geometry":{"type":"Point","coordinates":[-77.209,40.59]}},{"type":"Feature","properties":{"id":"usas-ME","state":"ME","totalAmount":38749124,"awardCount":2,"vendorCount":1,"topVendor":"Motorola Solutions","vendors":[{"name":"Motorola Solutions","amount":38749124,"count":2}],"awards":[{"vendor":"Motorola Solutions","awardId":"HSBP1010C00056","recipient":"MOTOROLA SOLUTIONS, INC.","amount":38658953,"agency":"Department of Homeland Security","subAgency":"U.S. Customs and Border Protection","startDate":"2010-05-28","endDate":"2014-09-29","description":"LAND MOBILE RADIO EQUIPMENT AND SERVICES","awardType":"DEFINITIVE CONTRACT","url":"https://www.usaspending.gov/award/CONT_AWD_HSBP1010C00056_7014_-NONE-_-NONE-"},{"vendor":"Motorola Solutions","awardId":"70B03C21F00001641","recipient":"MOTOROLA SOLUTIONS, INC.","amount":90171,"agency":"Department of Homeland Security","subAgency":"U.S. Customs and Border Protection","startDate":"2021-09-30","endDate":"2021-10-31","description":"TELEPHONE RECORDER/PLAYBACK SYSTEM","awardType":"DELIVERY ORDER","url":"https://www.usaspending.gov/award/CONT_AWD_70B03C21F00001641_7014_70B04C19D00000010_7014"}]},"geometry":{"type":"Point","coordinates":[-69.381,44.693]}},{"type":"Feature","properties":{"id":"usas-WV","state":"WV","totalAmount":28053502,"awardCount":8,"vendorCount":3,"topVendor":"Axon Enterprise","vendors":[{"name":"Axon Enterprise","amount":27682578,"count":5},{"name":"Motorola Solutions","amount":261874,"count":1},{"name":"Cellebrite","amount":109050,"count":2}],"awards":[{"vendor":"Axon Enterprise","awardId":"70B03C20C00000167","recipient":"AXON ENTERPRISE, INC.","amount":20555205,"agency":"Department of Homeland Security","subAgency":"U.S. Customs and Border Protection","startDate":"2020-09-23","endDate":"2022-01-31","description":"AWARD OF IDVRS-BODY WORN CAMERAS","awardType":"DEFINITIVE CONTRACT","url":"https://www.usaspending.gov/award/CONT_AWD_70B03C20C00000167_7014_-NONE-_-NONE-"},{"vendor":"Axon Enterprise","awardId":"70B06C23F00001043","recipient":"AXON ENTERPRISE, INC.","amount":3722627,"agency":"Department of Homeland Security","subAgency":"U.S. Customs and Border Protection","startDate":"2023-09-29","endDate":"2023-12-20","description":"TASER","awardType":"DELIVERY ORDER","url":"https://www.usaspending.gov/award/CONT_AWD_70B06C23F00001043_7014_70B06C22D00000002_7014"},{"vendor":"Axon Enterprise","awardId":"70B06C23F00000303","recipient":"AXON ENTERPRISE, INC.","amount":3388556,"agency":"Department of Homeland Security","subAgency":"U.S. Customs and Border Protection","startDate":"2023-05-30","endDate":"2023-09-29","description":"TASER","awardType":"DELIVERY ORDER","url":"https://www.usaspending.gov/award/CONT_AWD_70B06C23F00000303_7014_70B06C22D00000002_7014"},{"vendor":"Motorola Solutions","awardId":"HSFE3016F0213","recipient":"MOTOROLA SOLUTIONS, INC.","amount":261874,"agency":"Department of Homeland Security","subAgency":"Federal Emergency Management Agency","startDate":"2016-04-06","endDate":"2016-05-05","description":"OPRON - HAND HELD UNITS (12)","awardType":"DELIVERY ORDER","url":"https://www.usaspending.gov/award/CONT_AWD_HSFE3016F0213_7022_HSSS0112D0002_7009"},{"vendor":"Cellebrite","awardId":"70B02C20P00000522","recipient":"CELLEBRITE INC","amount":100000,"agency":"Department of Homeland Security","subAgency":"U.S. Customs and Border Protection","startDate":"2020-09-09","endDate":"2021-09-08","description":"PROCURE 2 UFED PREMIUM UNLIMITED PACKAGE SOFTWARE","awardType":"PURCHASE ORDER","url":"https://www.usaspending.gov/award/CONT_AWD_70B02C20P00000522_7014_-NONE-_-NONE-"},{"vendor":"Axon Enterprise","awardId":"70B03C22F00000677","recipient":"AXON ENTERPRISE, INC.","amount":10913,"agency":"Department of Homeland Security","subAgency":"U.S. Customs and Border Protection","startDate":"2022-08-17","endDate":"2022-08-17","description":"TASER HOLSTERS 150 QTY RIGHT HAND 17 QTY LEFT HAND","awardType":"DELIVERY ORDER","url":"https://www.usaspending.gov/award/CONT_AWD_70B03C22F00000677_7014_70B06C22D00000002_7014"},{"vendor":"Cellebrite","awardId":"15F06719P0003888","recipient":"CELLEBRITE INC","amount":9050,"agency":"Department of Justice","subAgency":"Federal Bureau of Investigation","startDate":"2019-09-12","endDate":"2020-09-15","description":"ZBRAID OTD0693.  THIS REQUISITION INCLUDES THE ACQUISITION OF IT OR TSP EQUIPMENT.  THE INPUTACE SOFTWARE IS A FORENSIC TOOL USED TO ANALYZE AND PROCESS FORENSIC DIGITAL VIDEO EVIDENCE, AND WILL BE USED BY FAVIA FOR TESTING ENHANCEMENT CAPA","awardType":"PURCHASE ORDER","url":"https://www.usaspending.gov/award/CONT_AWD_15F06719P0003888_1549_-NONE-_-NONE-"},{"vendor":"Axon Enterprise","awardId":"15A00023PAQA00195","recipient":"AXON ENTERPRISE, INC.","amount":5276,"agency":"Department of Justice","subAgency":"Bureau of Alcohol, Tobacco, Firearms and Explosives Acquisition and Property Management Division","startDate":"2023-05-25","endDate":"2023-09-25","description":"TASERS FOR T AND E","awardType":"PURCHASE ORDER","url":"https://www.usaspending.gov/award/CONT_AWD_15A00023PAQA00195_1560_-NONE-_-NONE-"}]},"geometry":{"type":"Point","coordinates":[-80.954,38.491]}},{"type":"Feature","properties":{"id":"usas-AL","state":"AL","totalAmount":27099332,"awardCount":35,"vendorCount":4,"topVendor":"Cellebrite","vendors":[{"name":"Cellebrite","amount":18844855,"count":30},{"name":"Magnet Forensics","amount":7217527,"count":3},{"name":"Grayshift","amount":990384,"count":1},{"name":"Axon Enterprise","amount":46567,"count":1}],"awards":[{"vendor":"Magnet Forensics","awardId":"70US0922C70092419","recipient":"MAGNET FORENSICS, LLC","amount":6207943,"agency":"Department of Homeland Security","subAgency":"U.S. Secret Service","startDate":"2022-09-30","endDate":"2025-09-29","description":"GRAYKEY","awardType":"DEFINITIVE CONTRACT","url":"https://www.usaspending.gov/award/CONT_AWD_70US0922C70092419_7009_-NONE-_-NONE-"},{"vendor":"Cellebrite","awardId":"70US0918C70090019","recipient":"CELLEBRITE INC","amount":4057814,"agency":"Department of Homeland Security","subAgency":"U.S. Secret Service","startDate":"2018-09-10","endDate":"2022-03-01","description":"MDE STUDENT KITS","awardType":"DEFINITIVE CONTRACT","url":"https://www.usaspending.gov/award/CONT_AWD_70US0918C70090019_7009_-NONE-_-NONE-"},{"vendor":"Cellebrite","awardId":"70US0921F1DHS0099","recipient":"CELLEBRITE INC","amount":1370757,"agency":"Department of Homeland Security","subAgency":"U.S. Secret Service","startDate":"2021-08-16","endDate":"2022-04-15","description":"INSTRUCTIONAL SERVICES FOR THE NCFI FOR AUG 2021- APR 2022","awardType":"DELIVERY ORDER","url":"https://www.usaspending.gov/award/CONT_AWD_70US0921F1DHS0099_7009_HSSS0116D0002_7009"},{"vendor":"Cellebrite","awardId":"70US0920C70090055","recipient":"CELLEBRITE INC","amount":1040000,"agency":"Department of Homeland Security","subAgency":"U.S. Secret Service","startDate":"2020-07-01","endDate":"2021-06-30","description":"THE PURPOSE OF THIS CONTRACT IS TO SUPPORT THE U.S. SECRET SERVICE (USSS), ELECTRONIC CRIMES TASK FORCE(S) THROUGH THE PROVISION OF TWELVE (12) CELLEBRITE PREMIUM SITE LICENSE RENEWALS AND MAINTENANCE SERVICES. THESE LICENSES ARE USED TO PR","awardType":"DEFINITIVE CONTRACT","url":"https://www.usaspending.gov/award/CONT_AWD_70US0920C70090055_7009_-NONE-_-NONE-"},{"vendor":"Magnet Forensics","awardId":"70US0921C70090055","recipient":"MAGNET FORENSICS, LLC","amount":990384,"agency":"Department of Homeland Security","subAgency":"U.S. Secret Service","startDate":"2021-08-19","endDate":"2022-09-29","description":"GRAYKEY UNIT RENEWALS FOR NCFI","awardType":"DEFINITIVE CONTRACT","url":"https://www.usaspending.gov/award/CONT_AWD_70US0921C70090055_7009_-NONE-_-NONE-"},{"vendor":"Grayshift","awardId":"70US0921C70090055","recipient":"MAGNET FORENSICS, LLC","amount":990384,"agency":"Department of Homeland Security","subAgency":"U.S. Secret Service","startDate":"2021-08-19","endDate":"2022-09-29","description":"GRAYKEY UNIT RENEWALS FOR NCFI","awardType":"DEFINITIVE CONTRACT","url":"https://www.usaspending.gov/award/CONT_AWD_70US0921C70090055_7009_-NONE-_-NONE-"},{"vendor":"Cellebrite","awardId":"70US0918F3OTH0050","recipient":"CELLEBRITE INC","amount":925257,"agency":"Department of Homeland Security","subAgency":"U.S. Secret Service","startDate":"2018-05-29","endDate":"2018-09-30","description":"IGF::OT::IGF (JUNE - SEPTEMBER 2018 INSTRUCTIONAL SERVICES FOR THE NATIONAL COMPUTER FORENSICS INSTITUTE)","awardType":"DELIVERY ORDER","url":"https://www.usaspending.gov/award/CONT_AWD_70US0918F3OTH0050_7009_HSSS0116D0002_7009"},{"vendor":"Cellebrite","awardId":"70US0919F1DHS0066","recipient":"CELLEBRITE INC","amount":857559,"agency":"Department of Homeland Security","subAgency":"U.S. Secret Service","startDate":"2019-05-26","endDate":"2019-09-30","description":"INSTRUCTIONAL SERVICES FOR THE NATIONAL COMPUTER FORENSICS INSTITUTE FOR MAY - SEPTEMBER 2019.","awardType":"DELIVERY ORDER","url":"https://www.usaspending.gov/award/CONT_AWD_70US0919F1DHS0066_7009_HSSS0116D0002_7009"},{"vendor":"Cellebrite","awardId":"HSSS0116J0068","recipient":"CELLEBRITE INC","amount":831114,"agency":"Department of Homeland Security","subAgency":"U.S. Secret Service","startDate":"2016-03-10","endDate":"2016-09-30","description":"IGF::OT::IGF (INSTRUCTIONAL SERVICES)","awardType":"DELIVERY ORDER","url":"https://www.usaspending.gov/award/CONT_AWD_HSSS0116J0068_7009_HSSS0116D0002_7009"},{"vendor":"Cellebrite","awardId":"70US0925F1DHS2200","recipient":"CELLEBRITE INC","amount":787091,"agency":"Department of Homeland Security","subAgency":"U.S. Secret Service","startDate":"2025-02-01","endDate":"2025-06-01","description":"DIGITAL FORENSICS COURSES (TASK ORDER)","awardType":"DELIVERY ORDER","url":"https://www.usaspending.gov/award/CONT_AWD_70US0925F1DHS2200_7009_70US0923D70092056_7009"},{"vendor":"Cellebrite","awardId":"70US0924F1DHS2866","recipient":"CELLEBRITE INC","amount":742064,"agency":"Department of Homeland Security","subAgency":"U.S. Secret Service","startDate":"2024-07-07","endDate":"2024-10-05","description":"DIGITAL FORENSIC COURSES","awardType":"DELIVERY ORDER","url":"https://www.usaspending.gov/award/CONT_AWD_70US0924F1DHS2866_7009_70US0923D70092056_7009"},{"vendor":"Cellebrite","awardId":"HSSS0117J0097","recipient":"CELLEBRITE INC","amount":741057,"agency":"Department of Homeland Security","subAgency":"U.S. Secret Service","startDate":"2017-05-26","endDate":"2017-09-30","description":"IGF::OT::IGF INSTRUCTIONAL SERVICES (APRIL 23, 2017 - SEPTEMBER 30, 2017) FOR THE NATIONAL COMPUTER FORENSICS INSTITUTE, HOOVER, AL","awardType":"DELIVERY ORDER","url":"https://www.usaspending.gov/award/CONT_AWD_HSSS0117J0097_7009_HSSS0116D0002_7009"},{"vendor":"Cellebrite","awardId":"70US0921F1DHS0023","recipient":"CELLEBRITE INC","amount":704342,"agency":"Department of Homeland Security","subAgency":"U.S. Secret Service","startDate":"2021-02-12","endDate":"2021-05-31","description":"ISSUE TASK ORDER 2 FOR INSTRUCTIONAL SERVICES (15 FEB - 31 MAY 2021)","awardType":"DELIVERY ORDER","url":"https://www.usaspending.gov/award/CONT_AWD_70US0921F1DHS0023_7009_HSSS0116D0002_7009"},{"vendor":"Cellebrite","awardId":"70US0919F1DHS0022","recipient":"CELLEBRITE INC","amount":630364,"agency":"Department of Homeland Security","subAgency":"U.S. Secret Service","startDate":"2019-02-07","endDate":"2019-05-31","description":"INSTRUCTIONAL SERVICES FOR THE NATIONAL COMPUTER FORENSICS INSTITUTE.","awardType":"DELIVERY ORDER","url":"https://www.usaspending.gov/award/CONT_AWD_70US0919F1DHS0022_7009_HSSS0116D0002_7009"},{"vendor":"Cellebrite","awardId":"70US0918F3OTH0012","recipient":"CELLEBRITE INC","amount":600516,"agency":"Department of Homeland Security","subAgency":"U.S. Secret Service","startDate":"2018-02-01","endDate":"2018-05-31","description":"FEB 2018 - MAY 2018 INSTRUCTIONAL SERVICES - NCFI","awardType":"DELIVERY ORDER","url":"https://www.usaspending.gov/award/CONT_AWD_70US0918F3OTH0012_7009_HSSS0116D0002_7009"},{"vendor":"Cellebrite","awardId":"70US0923F1DHS2740","recipient":"CELLEBRITE INC","amount":589048,"agency":"Department of Homeland Security","subAgency":"U.S. Secret Service","startDate":"2023-09-29","endDate":"2024-05-04","description":"INSTRUCTIONAL SERVICES FOR NCFI","awardType":"DELIVERY ORDER","url":"https://www.usaspending.gov/award/CONT_AWD_70US0923F1DHS2740_7009_70US0923D70092056_7009"},{"vendor":"Cellebrite","awardId":"70US0920F1DHS0021","recipient":"CELLEBRITE INC","amount":533331,"agency":"Department of Homeland Security","subAgency":"U.S. Secret Service","startDate":"2020-02-02","endDate":"2020-10-23","description":"INSTRUCTIONAL SERVICES FOR THE NATIONAL COMPUTER FORENSICS INSTITUTE FOR FEBRUARY 2, 2020 THROUGH JUNE 26, 2020.","awardType":"DELIVERY ORDER","url":"https://www.usaspending.gov/award/CONT_AWD_70US0920F1DHS0021_7009_HSSS0116D0002_7009"},{"vendor":"Cellebrite","awardId":"HSSS0117J0050","recipient":"CELLEBRITE INC","amount":512497,"agency":"Department of Homeland Security","subAgency":"U.S. Secret Service","startDate":"2017-02-09","endDate":"2017-04-13","description":"IGF::OT::IGF INSTRUCTIONAL SERVICES (JANUARY 2017 - APRIL 14, 2017) FOR THE NATIONAL COMPUTER FORENSICS INSTITUTE, HOOVER, AL","awardType":"DELIVERY ORDER","url":"https://www.usaspending.gov/award/CONT_AWD_HSSS0117J0050_7009_HSSS0116D0002_7009"},{"vendor":"Cellebrite","awardId":"70US0918C70090009","recipient":"CELLEBRITE INC","amount":500000,"agency":"Department of Homeland Security","subAgency":"U.S. Secret Service","startDate":"2018-06-13","endDate":"2019-06-12","description":"CAPABILITIES LICENSES","awardType":"DEFINITIVE CONTRACT","url":"https://www.usaspending.gov/award/CONT_AWD_70US0918C70090009_7009_-NONE-_-NONE-"},{"vendor":"Cellebrite","awardId":"70US0924F1DHS2966","recipient":"CELLEBRITE INC","amount":499834,"agency":"Department of Homeland Security","subAgency":"U.S. Secret Service","startDate":"2024-09-07","endDate":"2025-02-01","description":"TO 4 DELIVERY ORDER, COURSE INSTRUCTION","awardType":"DELIVERY ORDER","url":"https://www.usaspending.gov/award/CONT_AWD_70US0924F1DHS2966_7009_70US0923D70092056_7009"},{"vendor":"Cellebrite","awardId":"70US0920F1DHS0001","recipient":"CELLEBRITE INC","amount":452779,"agency":"Department of Homeland Security","subAgency":"U.S. Secret Service","startDate":"2019-10-20","endDate":"2020-02-07","description":"INSTRUCTIONAL SERVICES FOR THE NATIONAL COMPUTER FORENSICS INSTITUTE FOR OCTOBER 2019 - FEBRUARY 2020.","awardType":"DELIVERY ORDER","url":"https://www.usaspending.gov/award/CONT_AWD_70US0920F1DHS0001_7009_HSSS0116D0002_7009"},{"vendor":"Cellebrite","awardId":"70US0919F1DHS0001","recipient":"CELLEBRITE INC","amount":451308,"agency":"Department of Homeland Security","subAgency":"U.S. Secret Service","startDate":"2018-10-12","endDate":"2019-02-08","description":"IGF::OT::IGF (OCTOBER 2018 - FEBRUARY 2019 INSTRUCTIONAL SERVICES FOR THE NATIONAL COMPUTER FORENSICS INSTITUTE)","awardType":"DELIVERY ORDER","url":"https://www.usaspending.gov/award/CONT_AWD_70US0919F1DHS0001_7009_HSSS0116D0002_7009"},{"vendor":"Cellebrite","awardId":"70US0918C70090016","recipient":"CELLEBRITE INC","amount":428750,"agency":"Department of Homeland Security","subAgency":"U.S. Secret Service","startDate":"2018-07-20","endDate":"2019-07-19","description":"CAPABILITIES","awardType":"DEFINITIVE CONTRACT","url":"https://www.usaspending.gov/award/CONT_AWD_70US0918C70090016_7009_-NONE-_-NONE-"},{"vendor":"Cellebrite","awardId":"70US0918F3OTH0002","recipient":"CELLEBRITE INC","amount":387874,"agency":"Department of Homeland Security","subAgency":"U.S. Secret Service","startDate":"2017-12-29","endDate":"2018-02-16","description":"INSTRUCTIONAL SERVICES COURSES FOR THE NATIONAL COMPUTER FORENSICS INSTITUTE, HOOVER, AL (OCTOBER 2017 - FEBRUARY 2018)","awardType":"DELIVERY ORDER","url":"https://www.usaspending.gov/award/CONT_AWD_70US0918F3OTH0002_7009_HSSS0116D0002_7009"},{"vendor":"Cellebrite","awardId":"70US0921F1DHS0004","recipient":"CELLEBRITE INC","amount":309085,"agency":"Department of Homeland Security","subAgency":"U.S. Secret Service","startDate":"2020-11-13","endDate":"2020-12-31","description":"INSTRUCTIONAL SERVICES FOR THE NATIONAL COMPUTER FORENSICS INSTITUTE","awardType":"DELIVERY ORDER","url":"https://www.usaspending.gov/award/CONT_AWD_70US0921F1DHS0004_7009_HSSS0116D0002_7009"}]},"geometry":{"type":"Point","coordinates":[-86.791,32.806]}},{"type":"Feature","properties":{"id":"usas-TX","state":"TX","totalAmount":18089182,"awardCount":49,"vendorCount":8,"topVendor":"Axon Enterprise","vendors":[{"name":"Axon Enterprise","amount":9820240,"count":2},{"name":"Motorola Solutions","amount":6872917,"count":5},{"name":"Cellebrite","amount":775051,"count":28},{"name":"Genetec","amount":445138,"count":3},{"name":"Magnet Forensics","amount":70265,"count":6},{"name":"Grayshift","amount":63075,"count":2},{"name":"Babel Street","amount":26746,"count":2},{"name":"Clearview AI","amount":15750,"count":1}],"awards":[{"vendor":"Axon Enterprise","awardId":"70B02C22P00000331","recipient":"AXON ENTERPRISE, INC.","amount":9818840,"agency":"Department of Homeland Security","subAgency":"U.S. Customs and Border Protection","startDate":"2022-08-18","endDate":"2023-08-17","description":"BODY WORN CAMERAS","awardType":"PURCHASE ORDER","url":"https://www.usaspending.gov/award/CONT_AWD_70B02C22P00000331_7014_-NONE-_-NONE-"},{"vendor":"Motorola Solutions","awardId":"70B02C21F00001484","recipient":"MOTOROLA SOLUTIONS, INC.","amount":4894479,"agency":"Department of Homeland Security","subAgency":"U.S. Customs and Border Protection","startDate":"2021-09-29","endDate":"2024-09-29","description":"MAINTENANCE SUPPORT SERVICES FOR INSTALLED COMMUNICATIONS HARDWARE AND SOFTWARE (INCLUDING NICE EQUIPMENT REPAIR/SUPPORT) FOR THE CONVENTIONAL SUBSYSTEM (CSUB) LOCATED IN EL PASO, TX AND ITS ASSOCIATED RADIO FREQUENCY (RF) SITES.","awardType":"DELIVERY ORDER","url":"https://www.usaspending.gov/award/CONT_AWD_70B02C21F00001484_7014_70B04C19D00000035_7014"},{"vendor":"Motorola Solutions","awardId":"15B51520FVPZ50001","recipient":"MOTOROLA SOLUTIONS, INC.","amount":1254936,"agency":"Department of Justice","subAgency":"Federal Prison System / Bureau of Prisons","startDate":"2019-11-19","endDate":"2020-05-18","description":"INSTALL A LAND MOBILE RADIO SYSTEM AT FCI TEXARKANA IN ACCORDANCE WITH 15B51519R00000005.","awardType":"DELIVERY ORDER","url":"https://www.usaspending.gov/award/CONT_AWD_15B51520FVPZ50001_1540_70B04C19D00000010_7014"},{"vendor":"Motorola Solutions","awardId":"70FA5025F00000071","recipient":"MOTOROLA SOLUTIONS, INC.","amount":389089,"agency":"Department of Homeland Security","subAgency":"Federal Emergency Management Agency","startDate":"2025-09-19","endDate":"2026-09-18","description":"MOTOROLA - NRN SERVICES","awardType":"DELIVERY ORDER","url":"https://www.usaspending.gov/award/CONT_AWD_70FA5025F00000071_7022_70B04C19D00000035_7014"},{"vendor":"Genetec","awardId":"15DDHQ23F00001000","recipient":"GENETEC INC","amount":275608,"agency":"Department of Justice","subAgency":"Drug Enforcement Administration","startDate":"2023-08-23","endDate":"2024-08-22","description":"LPR CAMERA SYSTEMS FOR DEAS NATIONAL LICENSE PLATE READER PROGRAM EXPANSION AND IMPROVEMENTS","awardType":"DELIVERY ORDER","url":"https://www.usaspending.gov/award/CONT_AWD_15DDHQ23F00001000_1524_47QSWA18D0050_4732"},{"vendor":"Motorola Solutions","awardId":"15UG1L20P00000466","recipient":"MOTOROLA SOLUTIONS, INC.","amount":179352,"agency":"Department of Justice","subAgency":"Federal Prison Industries / Unicor","startDate":"2020-07-06","endDate":"2020-09-06","description":"ELECTRONIC COMPONENTS FOR MOTOROLA RADIOS","awardType":"PURCHASE ORDER","url":"https://www.usaspending.gov/award/CONT_AWD_15UG1L20P00000466_1542_-NONE-_-NONE-"},{"vendor":"Motorola Solutions","awardId":"70B02C19F00000979","recipient":"MOTOROLA SOLUTIONS, INC.","amount":155061,"agency":"Department of Homeland Security","subAgency":"U.S. Customs and Border Protection","startDate":"2019-09-12","endDate":"2020-09-09","description":"LAREDO DISPATCH CONSOLE","awardType":"DELIVERY ORDER","url":"https://www.usaspending.gov/award/CONT_AWD_70B02C19F00000979_7014_70B04C19D00000010_7014"},{"vendor":"Cellebrite","awardId":"HSBP1013P00533","recipient":"CELLEBRITE INC","amount":128362,"agency":"Department of Homeland Security","subAgency":"U.S. Customs and Border Protection","startDate":"2013-08-29","endDate":"2013-09-05","description":"IGF::OT::IGF FORENSIC EXTRACTION DEVICES","awardType":"PURCHASE ORDER","url":"https://www.usaspending.gov/award/CONT_AWD_HSBP1013P00533_7014_-NONE-_-NONE-"},{"vendor":"Cellebrite","awardId":"70B03C24P00000281","recipient":"CELLEBRITE INC","amount":124864,"agency":"Department of Homeland Security","subAgency":"U.S. Customs and Border Protection","startDate":"2024-07-31","endDate":"2025-07-30","description":"UFED LICENSE AND EQUIPMENT","awardType":"PURCHASE ORDER","url":"https://www.usaspending.gov/award/CONT_AWD_70B03C24P00000281_7014_-NONE-_-NONE-"},{"vendor":"Genetec","awardId":"15DDHQ22F00000837","recipient":"GENETEC INC","amount":88278,"agency":"Department of Justice","subAgency":"Drug Enforcement Administration","startDate":"2022-07-21","endDate":"2022-11-30","description":"LPR CAMERA SYSTEMS FOR EPIC NLPR & DEA STL HUB EXPANSION/PROGRAM IMPROVEMENTS.","awardType":"DELIVERY ORDER","url":"https://www.usaspending.gov/award/CONT_AWD_15DDHQ22F00000837_1524_47QSWA18D0050_4732"},{"vendor":"Genetec","awardId":"15DDHQ20F00001482","recipient":"GENETEC INC","amount":81252,"agency":"Department of Justice","subAgency":"Drug Enforcement Administration","startDate":"2020-09-02","endDate":"2021-09-29","description":"PURCHASE OF SHARPV FIXED  ALPR CAMERA AND EQUIPMENT TO SUPPORT DEA INVESTIGATIONS AND REGIONAL SPECIAL EVENTS.","awardType":"DELIVERY ORDER","url":"https://www.usaspending.gov/award/CONT_AWD_15DDHQ20F00001482_1524_47QSWA18D0050_4732"},{"vendor":"Cellebrite","awardId":"HSCEMD13J00068","recipient":"CELLEBRITE INC","amount":78873,"agency":"Department of Homeland Security","subAgency":"U.S. Immigration and Customs Enforcement","startDate":"2013-09-21","endDate":"2013-10-21","description":"THE HSI SAN ANTONIO OFFICES REQUIRE THE CELLEBRITE SYSTEM TO GATHER EVIDENCE FROM SEIZED EQUIPMENT.  THE EQUIPMENT IS MISSION CRITICAL.","awardType":"DELIVERY ORDER","url":"https://www.usaspending.gov/award/CONT_AWD_HSCEMD13J00068_7012_HSCEMD13D00001_7012"},{"vendor":"Cellebrite","awardId":"DJD16HQP0007","recipient":"CELLEBRITE INC","amount":55782,"agency":"Department of Justice","subAgency":"Drug Enforcement Administration","startDate":"2015-09-04","endDate":"2016-10-22","description":"IGF::OT::IGF SOFTWARERENEWAL","awardType":"PURCHASE ORDER","url":"https://www.usaspending.gov/award/CONT_AWD_DJD16HQP0007_1524_-NONE-_-NONE-"},{"vendor":"Magnet Forensics","awardId":"15DDHQ20P00001037","recipient":"MAGNET FORENSICS, LLC","amount":45000,"agency":"Department of Justice","subAgency":"Drug Enforcement Administration","startDate":"2020-09-30","endDate":"2021-09-29","description":"GRAYKEY LICENSE RENEWAL","awardType":"PURCHASE ORDER","url":"https://www.usaspending.gov/award/CONT_AWD_15DDHQ20P00001037_1524_-NONE-_-NONE-"},{"vendor":"Grayshift","awardId":"15DDHQ20P00001037","recipient":"MAGNET FORENSICS, LLC","amount":45000,"agency":"Department of Justice","subAgency":"Drug Enforcement Administration","startDate":"2020-09-30","endDate":"2021-09-29","description":"GRAYKEY LICENSE RENEWAL","awardType":"PURCHASE ORDER","url":"https://www.usaspending.gov/award/CONT_AWD_15DDHQ20P00001037_1524_-NONE-_-NONE-"},{"vendor":"Cellebrite","awardId":"DJD14HOP0092","recipient":"CELLEBRITE INC","amount":24300,"agency":"Department of Justice","subAgency":"Drug Enforcement Administration","startDate":"2014-03-20","endDate":"2015-03-11","description":"IGF::CL::IGF - SOFTWARE UPGRADE AND SUPPORT","awardType":"PO","url":"https://www.usaspending.gov/award/CONT_AWD_DJD14HOP0092_1524_-NONE-_-NONE-"},{"vendor":"Cellebrite","awardId":"15DDH019P00000042","recipient":"CELLEBRITE INC","amount":24170,"agency":"Department of Justice","subAgency":"Drug Enforcement Administration","startDate":"2019-05-02","endDate":"2020-05-06","description":"IGF::OT::IGF - TOUCH2 ULTIMATE RUGGEDIZED DEVICE","awardType":"PURCHASE ORDER","url":"https://www.usaspending.gov/award/CONT_AWD_15DDH019P00000042_1524_-NONE-_-NONE-"},{"vendor":"Cellebrite","awardId":"HSCEMD15J00019","recipient":"CELLEBRITE INC","amount":23976,"agency":"Department of Homeland Security","subAgency":"U.S. Immigration and Customs Enforcement","startDate":"2015-02-01","endDate":"2020-01-31","description":"UNIVERSAL FORENSIC EXTRACTION DEVICE ANNUAL LICENSES FOR SOFTWARE UPGRADES","awardType":"DELIVERY ORDER","url":"https://www.usaspending.gov/award/CONT_AWD_HSCEMD15J00019_7012_HSCEMD13D00001_7012"},{"vendor":"Cellebrite","awardId":"70B03C18P00000626","recipient":"CELLEBRITE INC","amount":23107,"agency":"Department of Homeland Security","subAgency":"U.S. Customs and Border Protection","startDate":"2018-08-30","endDate":"2018-09-30","description":"FORENSIC DEVICES","awardType":"PURCHASE ORDER","url":"https://www.usaspending.gov/award/CONT_AWD_70B03C18P00000626_7014_-NONE-_-NONE-"},{"vendor":"Cellebrite","awardId":"HSCEMD11J00152","recipient":"CELLEBRITE INC","amount":22221,"agency":"Department of Homeland Security","subAgency":"U.S. Immigration and Customs Enforcement","startDate":"2011-08-29","endDate":"2011-09-28","description":"RUGGEDIZED UFED KIT","awardType":"DELIVERY ORDER","url":"https://www.usaspending.gov/award/CONT_AWD_HSCEMD11J00152_7012_HSCEMD10D00003_7012"},{"vendor":"Cellebrite","awardId":"DJD16ELP0050","recipient":"CELLEBRITE INC","amount":21466,"agency":"Department of Justice","subAgency":"Drug Enforcement Administration","startDate":"2016-08-23","endDate":"2016-10-23","description":"IGF::OT::IGF - EP EQUIPMENT","awardType":"PURCHASE ORDER","url":"https://www.usaspending.gov/award/CONT_AWD_DJD16ELP0050_1524_-NONE-_-NONE-"},{"vendor":"Cellebrite","awardId":"HSBP20100018701731","recipient":"CELLEBRITE INC","amount":21222,"agency":"Department of Homeland Security","subAgency":"U.S. Customs and Border Protection","startDate":"2010-08-26","endDate":"2010-09-16","description":"UFED DEVICES FOR EL PASO SPECIAL OPS GROUPS","awardType":"PURCHASE ORDER","url":"https://www.usaspending.gov/award/CONT_AWD_HSBP20100018701731_7014_-NONE-_-NONE-"},{"vendor":"Cellebrite","awardId":"HSCETE10P00007","recipient":"CELLEBRITE INC","amount":21192,"agency":"Department of Homeland Security","subAgency":"U.S. Immigration and Customs Enforcement","startDate":"2010-03-25","endDate":"2010-04-25","description":"THE EQUIPMENT IS CRITICAL TO THE SUCCESSFUL EXTRACTION OF EVIDENCE NORMALLY CONTAINED IN SEVERAL MEDIUMS USED BY TARGETS OF INVESTIGATIONS. THESE UNITS WILL BE USED TO COMPLIMENT ONGOING INVESTIGATIONS.","awardType":"PURCHASE ORDER","url":"https://www.usaspending.gov/award/CONT_AWD_HSCETE10P00007_7012_-NONE-_-NONE-"},{"vendor":"Cellebrite","awardId":"HSCEMD13P00064","recipient":"CELLEBRITE INC","amount":20612,"agency":"Department of Homeland Security","subAgency":"U.S. Immigration and Customs Enforcement","startDate":"2013-06-13","endDate":"2013-07-13","description":"DATA EXTRACTION DEVICES","awardType":"PURCHASE ORDER","url":"https://www.usaspending.gov/award/CONT_AWD_HSCEMD13P00064_7012_-NONE-_-NONE-"},{"vendor":"Cellebrite","awardId":"15DDDA19P00000016","recipient":"CELLEBRITE INC","amount":20170,"agency":"Department of Justice","subAgency":"Drug Enforcement Administration","startDate":"2019-06-07","endDate":"2019-07-07","description":"IGF::CT::IGF -(2) UFED DEVICES","awardType":"PURCHASE ORDER","url":"https://www.usaspending.gov/award/CONT_AWD_15DDDA19P00000016_1524_-NONE-_-NONE-"}]},"geometry":{"type":"Point","coordinates":[-97.563,31.054]}},{"type":"Feature","properties":{"id":"usas-AK","state":"AK","totalAmount":14030587,"awardCount":5,"vendorCount":3,"topVendor":"Motorola Solutions","vendors":[{"name":"Motorola Solutions","amount":13996397,"count":3},{"name":"Cellebrite","amount":24166,"count":1},{"name":"Magnet Forensics","amount":10024,"count":1}],"awards":[{"vendor":"Motorola Solutions","awardId":"HSCG2312JAAK146","recipient":"MOTOROLA SOLUTIONS, INC.","amount":7988764,"agency":"Department of Homeland Security","subAgency":"U.S. Coast Guard","startDate":"2012-10-01","endDate":"2019-07-15","description":"MISSION SUPPORT FOR R21 PRO ALASKA:  PURCHASE AND INSTALLATION OF THE RESCUE 21 ALASKA REMOTE RADIO CONTROL SYSTEM.","awardType":"DELIVERY ORDER","url":"https://www.usaspending.gov/award/CONT_AWD_HSCG2312JAAK146_7008_HSSS0112D0002_7009"},{"vendor":"Motorola Solutions","awardId":"HSCG2315CANS020","recipient":"MOTOROLA SOLUTIONS, INC.","amount":4186325,"agency":"Department of Homeland Security","subAgency":"U.S. Coast Guard","startDate":"2015-08-28","endDate":"2020-02-27","description":"RESCUE 21 ALASKA RRCS SYSTEM UPGRADE AGREEMENT (SUA) II IGF::OT::IGF","awardType":"DEFINITIVE CONTRACT","url":"https://www.usaspending.gov/award/CONT_AWD_HSCG2315CANS020_7008_-NONE-_-NONE-"},{"vendor":"Motorola Solutions","awardId":"HSCG2316JANS004","recipient":"MOTOROLA SOLUTIONS, INC.","amount":1821307,"agency":"Department of Homeland Security","subAgency":"U.S. Coast Guard","startDate":"2016-03-14","endDate":"2021-01-31","description":"TECHNICAL SOLUTIONS INVOLVING A COMBINATION OF MANAGEMENT, TECHNICAL ENGINEERING, AND INSTALLATION SERVICES TO PROVIDE ECHO MITIGATION FOR THE USCG RESCUE 21 VERY HIGH FREQUENCY (VHF) RADIO SYSTEM.","awardType":"DELIVERY ORDER","url":"https://www.usaspending.gov/award/CONT_AWD_HSCG2316JANS004_7008_HSSS0112D0002_7009"},{"vendor":"Cellebrite","awardId":"DJF153030P0006162","recipient":"CELLEBRITE INC","amount":24166,"agency":"Department of Justice","subAgency":"Federal Bureau of Investigation","startDate":"2015-05-06","endDate":"2015-09-30","description":"STAND ALONE DEVICES UTILIZED FOR EXTRACTING DIGITAL INFORMATION FROM MOBILE DEVICES.","awardType":"PO","url":"https://www.usaspending.gov/award/CONT_AWD_DJF153030P0006162_1549_-NONE-_-NONE-"},{"vendor":"Magnet Forensics","awardId":"15F06721P0002720","recipient":"MAGNET FORENSICS USA INC","amount":10024,"agency":"Department of Justice","subAgency":"Federal Bureau of Investigation","startDate":"2021-02-08","endDate":"2022-02-07","description":"MAGNET AXIOM CYBER BUNDLETERM DONGLE","awardType":"PURCHASE ORDER","url":"https://www.usaspending.gov/award/CONT_AWD_15F06721P0002720_1549_-NONE-_-NONE-"}]},"geometry":{"type":"Point","coordinates":[-152.404,61.37]}},{"type":"Feature","properties":{"id":"usas-NY","state":"NY","totalAmount":11178588,"awardCount":20,"vendorCount":7,"topVendor":"Clearview AI","vendors":[{"name":"Clearview AI","amount":6430495,"count":5},{"name":"Palantir","amount":4206523,"count":2},{"name":"Motorola Solutions","amount":252057,"count":2},{"name":"Magnet Forensics","amount":96000,"count":4},{"name":"Cellebrite","amount":94214,"count":3},{"name":"Babel Street","amount":63298,"count":3},{"name":"Grayshift","amount":36000,"count":1}],"awards":[{"vendor":"Palantir","awardId":"DJJ13FEOA540145","recipient":"PALANTIR USG INC","amount":3751749,"agency":"Department of Justice","subAgency":"Offices, Boards and Divisions","startDate":"2013-09-27","endDate":"2016-09-26","description":"IGF::OT::IGF PALANTIR GOTHAM LICENSE AND MAINTENANCE FOR USAO IN SOUTHERN DISTRICT OF NY","awardType":"PO","url":"https://www.usaspending.gov/award/CONT_AWD_DJJ13FEOA540145_1501_-NONE-_-NONE-"},{"vendor":"Clearview AI","awardId":"70CMSD25P00000111","recipient":"CLEARVIEW AI, INC.","amount":3750000,"agency":"Department of Homeland Security","subAgency":"U.S. Immigration and Customs Enforcement","startDate":"2025-09-05","endDate":"2026-09-04","description":"THIS AWARD PROCURES FACIAL RECOGNITION SOFTWARE, WHICH SUPPORTS HOMELAND SECURITY INVESTIGATIONS WITH CAPABILITIES OF IDENTIFYING VICTIMS AND OFFENDERS IN CHILD SEXUAL EXPLOITATION CASES AND ASSAULTS AGAINST LAW ENFORCEMENT OFFICERS.","awardType":"PURCHASE ORDER","url":"https://www.usaspending.gov/award/CONT_AWD_70CMSD25P00000111_7012_-NONE-_-NONE-"},{"vendor":"Clearview AI","awardId":"70CMSD21P00000127","recipient":"CLEARVIEW AI, INC.","amount":2287500,"agency":"Department of Homeland Security","subAgency":"U.S. Immigration and Customs Enforcement","startDate":"2021-09-03","endDate":"2024-09-03","description":"CLEARVIEW FACIAL RECOGNITION ENTERPRISE LICENSES","awardType":"PURCHASE ORDER","url":"https://www.usaspending.gov/award/CONT_AWD_70CMSD21P00000127_7012_-NONE-_-NONE-"},{"vendor":"Palantir","awardId":"15JA5319F00000018","recipient":"PALANTIR TECHNOLOGIES INC.","amount":454774,"agency":"Department of Justice","subAgency":"Offices, Boards and Divisions","startDate":"2019-09-12","endDate":"2020-09-11","description":"PALANTIR GOTHAM PLATFORM.  PERIOD OF PERFORMANCE 12 SEPTEMBER 2019 THROUGH 11 SEPTEMBER 2020.  AFF FUNDED.","awardType":"DELIVERY ORDER","url":"https://www.usaspending.gov/award/CONT_AWD_15JA5319F00000018_1501_GS35F0086U_4730"},{"vendor":"Clearview AI","awardId":"15F06723P0001356","recipient":"CLEARVIEW AI, INC.","amount":359000,"agency":"Department of Justice","subAgency":"Federal Bureau of Investigation","startDate":"2023-01-26","endDate":"2026-01-25","description":"CLEARVIEW ACTS AS A SEARCH ENGINE OF PUBLICLY AVAILABLE IMAGES ON THE INTERNET.  ITS AN INVESTIGATIVE TOOL DESIGNED TO BE USED IN WAYS THAT ULTIMATELY REDUCE CRIME, FRAUD, AND RISK IN ORDER TO MAKE COMMUNITIES SAFER.  FOR CRIMES AGAINST CHI","awardType":"PURCHASE ORDER","url":"https://www.usaspending.gov/award/CONT_AWD_15F06723P0001356_1549_-NONE-_-NONE-"},{"vendor":"Motorola Solutions","awardId":"HSHQPD14J00006","recipient":"MOTOROLA SOLUTIONS, INC.","amount":164767,"agency":"Department of Homeland Security","subAgency":"Office of Procurement Operations","startDate":"2014-09-11","endDate":"2014-10-11","description":"QUANTITY OF 39 MOTOROLA APX 6000 VHF RADIOS","awardType":"DELIVERY ORDER","url":"https://www.usaspending.gov/award/CONT_AWD_HSHQPD14J00006_7001_HSSS0112D0002_7009"},{"vendor":"Motorola Solutions","awardId":"HSHQPD11J00006","recipient":"MOTOROLA SOLUTIONS, INC.","amount":87290,"agency":"Department of Homeland Security","subAgency":"Office of Procurement Operations","startDate":"2011-08-19","endDate":"2012-03-31","description":"MOTOROLA EQUIPMENT (VHF RADIOS)","awardType":"DO","url":"https://www.usaspending.gov/award/CONT_AWD_HSHQPD11J00006_7001_HSSS0106D0005_7009"},{"vendor":"Cellebrite","awardId":"70B03C19P00000633","recipient":"CELLEBRITE INC","amount":63630,"agency":"Department of Homeland Security","subAgency":"U.S. Customs and Border Protection","startDate":"2019-09-21","endDate":"2020-09-20","description":"SOFTWARE","awardType":"PURCHASE ORDER","url":"https://www.usaspending.gov/award/CONT_AWD_70B03C19P00000633_7014_-NONE-_-NONE-"},{"vendor":"Magnet Forensics","awardId":"15DDHQ21P00000349","recipient":"MAGNET FORENSICS, LLC","amount":36000,"agency":"Department of Justice","subAgency":"Drug Enforcement Administration","startDate":"2021-03-10","endDate":"2022-03-09","description":"GRAYSHIFT, LLC-THOMAS PANZITTA 02/14/2021 TO 02/13/2022","awardType":"PURCHASE ORDER","url":"https://www.usaspending.gov/award/CONT_AWD_15DDHQ21P00000349_1524_-NONE-_-NONE-"},{"vendor":"Grayshift","awardId":"15DDHQ21P00000349","recipient":"MAGNET FORENSICS, LLC","amount":36000,"agency":"Department of Justice","subAgency":"Drug Enforcement Administration","startDate":"2021-03-10","endDate":"2022-03-09","description":"GRAYSHIFT, LLC-THOMAS PANZITTA 02/14/2021 TO 02/13/2022","awardType":"PURCHASE ORDER","url":"https://www.usaspending.gov/award/CONT_AWD_15DDHQ21P00000349_1524_-NONE-_-NONE-"},{"vendor":"Magnet Forensics","awardId":"15F06725P0001033","recipient":"MAGNET FORENSICS, LLC","amount":26375,"agency":"Department of Justice","subAgency":"Federal Bureau of Investigation","startDate":"2025-09-10","endDate":"2025-10-31","description":"HARDWARE","awardType":"PURCHASE ORDER","url":"https://www.usaspending.gov/award/CONT_AWD_15F06725P0001033_1549_-NONE-_-NONE-"},{"vendor":"Babel Street","awardId":"15DDNY24P00000040","recipient":"BABEL STREET, INC.","amount":25000,"agency":"Department of Justice","subAgency":"Drug Enforcement Administration","startDate":"2024-09-30","endDate":"2025-09-29","description":"TITLE: BABEL STREET-ADRIAN CASTRO REQUESTOR: ADRIAN  CASTRO","awardType":"PURCHASE ORDER","url":"https://www.usaspending.gov/award/CONT_AWD_15DDNY24P00000040_1524_-NONE-_-NONE-"},{"vendor":"Babel Street","awardId":"15DDNY23P00000070","recipient":"BABEL STREET, INC.","amount":24530,"agency":"Department of Justice","subAgency":"Drug Enforcement Administration","startDate":"2023-09-21","endDate":"2023-09-30","description":"BABEL STREET INC- DUO D.CHEN","awardType":"PURCHASE ORDER","url":"https://www.usaspending.gov/award/CONT_AWD_15DDNY23P00000070_1524_-NONE-_-NONE-"},{"vendor":"Magnet Forensics","awardId":"15F06725P0000650","recipient":"MAGNET FORENSICS, LLC","amount":20160,"agency":"Department of Justice","subAgency":"Federal Bureau of Investigation","startDate":"2025-06-25","endDate":"2026-06-24","description":"SOFTWARE RENEWAL","awardType":"PURCHASE ORDER","url":"https://www.usaspending.gov/award/CONT_AWD_15F06725P0000650_1549_-NONE-_-NONE-"},{"vendor":"Cellebrite","awardId":"HSCEMD10P00215","recipient":"CELLEBRITE INC","amount":20000,"agency":"Department of Homeland Security","subAgency":"U.S. Immigration and Customs Enforcement","startDate":"2010-06-30","endDate":"2010-07-13","description":"PURCHASE ORDER FOR UNIVERSAL FORENSIC EXTRACTION DEVICE FOR GENERAL INVESTIGATIONS.","awardType":"PURCHASE ORDER","url":"https://www.usaspending.gov/award/CONT_AWD_HSCEMD10P00215_7012_-NONE-_-NONE-"},{"vendor":"Clearview AI","awardId":"15F06722P0000068","recipient":"CLEARVIEW AI, INC.","amount":18000,"agency":"Department of Justice","subAgency":"Federal Bureau of Investigation","startDate":"2022-01-01","endDate":"2022-12-31","description":"ONE YR SUBSCR TO WEB-BASED PLATFORM.","awardType":"PURCHASE ORDER","url":"https://www.usaspending.gov/award/CONT_AWD_15F06722P0000068_1549_-NONE-_-NONE-"},{"vendor":"Clearview AI","awardId":"15JA5421P00000020","recipient":"CLEARVIEW AI, INC.","amount":15995,"agency":"Department of Justice","subAgency":"Offices, Boards and Divisions","startDate":"2020-11-01","endDate":"2021-10-31","description":"AI TECHNOLOGY, DATABASE SUBSCRIPTION, INVESTIGATIVE TOOLKIT AND ANY FUTURE PRODUCT UPGRADES AND FEATURES WITHIN THE CLEARVIEW AI SEARCH APPLICATION 1-YR","awardType":"PURCHASE ORDER","url":"https://www.usaspending.gov/award/CONT_AWD_15JA5421P00000020_1501_-NONE-_-NONE-"},{"vendor":"Babel Street","awardId":"15DDNY21F00000032","recipient":"BABEL STREET, INC.","amount":13768,"agency":"Department of Justice","subAgency":"Drug Enforcement Administration","startDate":"2021-04-08","endDate":"2022-04-12","description":"BABEL STREET, INC.-TIMOTHY S. FLAHERTY","awardType":"BPA CALL","url":"https://www.usaspending.gov/award/CONT_AWD_15DDNY21F00000032_1524_DJF161200S0009106_1549"},{"vendor":"Magnet Forensics","awardId":"15JA5326P00000085","recipient":"MAGNET FORENSICS, LLC","amount":13465,"agency":"Department of Justice","subAgency":"Offices, Boards and Divisions","startDate":"2026-02-11","endDate":"2027-02-10","description":"AXIOM SOFTWARE","awardType":"PURCHASE ORDER","url":"https://www.usaspending.gov/award/CONT_AWD_15JA5326P00000085_1501_-NONE-_-NONE-"},{"vendor":"Cellebrite","awardId":"15DDNY18P00000049","recipient":"CELLEBRITE INC","amount":10584,"agency":"Department of Justice","subAgency":"Drug Enforcement Administration","startDate":"2018-08-02","endDate":"2018-08-31","description":"IGF::OT::IGF","awardType":"PURCHASE ORDER","url":"https://www.usaspending.gov/award/CONT_AWD_15DDNY18P00000049_1524_-NONE-_-NONE-"}]},"geometry":{"type":"Point","coordinates":[-74.948,42.165]}},{"type":"Feature","properties":{"id":"usas-MA","state":"MA","totalAmount":1687819,"awardCount":17,"vendorCount":4,"topVendor":"Babel Street","vendors":[{"name":"Babel Street","amount":1075635,"count":2},{"name":"Magnet Forensics","amount":439181,"count":8},{"name":"Cellebrite","amount":112973,"count":5},{"name":"Grayshift","amount":60030,"count":2}],"awards":[{"vendor":"Babel Street","awardId":"HSHQDC17CB0011","recipient":"BABEL STREET ROSETTE LTD.","amount":1026135,"agency":"Department of Homeland Security","subAgency":"Office of Procurement Operations","startDate":"2017-08-01","endDate":"2020-07-31","description":"IGF::OT::IGF THE PURPOSE OF THIS REQUISITION IS FOR THE ENABLING LAW ENFORCEMENT WITH OPEN SOURCE DIGITAL FORENSICS SOFTWARE PROJECT THROUGH OPO.  THE FUNDED VALUE OF THIS PR IS $345,044.99.","awardType":"DEFINITIVE CONTRACT","url":"https://www.usaspending.gov/award/CONT_AWD_HSHQDC17CB0011_7001_-NONE-_-NONE-"},{"vendor":"Magnet Forensics","awardId":"15F06719P0003696","recipient":"MAGNET FORENSICS USA INC","amount":314895,"agency":"Department of Justice","subAgency":"Federal Bureau of Investigation","startDate":"2019-09-04","endDate":"2019-09-29","description":"SOFTWARE LICENSE","awardType":"PURCHASE ORDER","url":"https://www.usaspending.gov/award/CONT_AWD_15F06719P0003696_1549_-NONE-_-NONE-"},{"vendor":"Cellebrite","awardId":"70Z02420P14A02900","recipient":"CELLEBRITE INC","amount":54948,"agency":"Department of Homeland Security","subAgency":"U.S. Coast Guard","startDate":"2020-06-02","endDate":"2021-06-01","description":"SERVICE","awardType":"PURCHASE ORDER","url":"https://www.usaspending.gov/award/CONT_AWD_70Z02420P14A02900_7008_-NONE-_-NONE-"},{"vendor":"Babel Street","awardId":"HSSS0116P0289","recipient":"BABEL STREET ROSETTE LTD.","amount":49500,"agency":"Department of Homeland Security","subAgency":"U.S. Secret Service","startDate":"2016-07-21","endDate":"2017-07-20","description":"CYBER TRIAGE","awardType":"PURCHASE ORDER","url":"https://www.usaspending.gov/award/CONT_AWD_HSSS0116P0289_7009_-NONE-_-NONE-"},{"vendor":"Magnet Forensics","awardId":"70Z02418P14A04700","recipient":"MAGNET FORENSICS, LLC","amount":30030,"agency":"Department of Homeland Security","subAgency":"U.S. Coast Guard","startDate":"2018-04-10","endDate":"2018-05-10","description":"IGF::OT::IGF DOMEX PURCHASE","awardType":"PURCHASE ORDER","url":"https://www.usaspending.gov/award/CONT_AWD_70Z02418P14A04700_7008_-NONE-_-NONE-"},{"vendor":"Grayshift","awardId":"70Z02418P14A04700","recipient":"MAGNET FORENSICS, LLC","amount":30030,"agency":"Department of Homeland Security","subAgency":"U.S. Coast Guard","startDate":"2018-04-10","endDate":"2018-05-10","description":"IGF::OT::IGF DOMEX PURCHASE","awardType":"PURCHASE ORDER","url":"https://www.usaspending.gov/award/CONT_AWD_70Z02418P14A04700_7008_-NONE-_-NONE-"},{"vendor":"Magnet Forensics","awardId":"70Z02419P14A01100","recipient":"MAGNET FORENSICS, LLC","amount":30000,"agency":"Department of Homeland Security","subAgency":"U.S. Coast Guard","startDate":"2019-03-15","endDate":"2019-04-14","description":"PRIORTY #3","awardType":"PURCHASE ORDER","url":"https://www.usaspending.gov/award/CONT_AWD_70Z02419P14A01100_7008_-NONE-_-NONE-"},{"vendor":"Grayshift","awardId":"70Z02419P14A01100","recipient":"MAGNET FORENSICS, LLC","amount":30000,"agency":"Department of Homeland Security","subAgency":"U.S. Coast Guard","startDate":"2019-03-15","endDate":"2019-04-14","description":"PRIORTY #3","awardType":"PURCHASE ORDER","url":"https://www.usaspending.gov/award/CONT_AWD_70Z02419P14A01100_7008_-NONE-_-NONE-"},{"vendor":"Magnet Forensics","awardId":"15DDB024P00000057","recipient":"MAGNET FORENSICS, LLC","amount":19485,"agency":"Department of Justice","subAgency":"Drug Enforcement Administration","startDate":"2024-07-22","endDate":"2025-07-21","description":"MAGNET FORENSICS TRAINING ANNUAL PASS./MAGNET FORENSICS","awardType":"PURCHASE ORDER","url":"https://www.usaspending.gov/award/CONT_AWD_15DDB024P00000057_1524_-NONE-_-NONE-"},{"vendor":"Cellebrite","awardId":"15DDB019P00000074","recipient":"CELLEBRITE INC","amount":18199,"agency":"Department of Justice","subAgency":"Drug Enforcement Administration","startDate":"2018-10-01","endDate":"2019-09-30","description":"CELLEBRITE DEVICE UFD TK, TOUGHBOOK, CF-19 AND TRAINING/CELLEBRITE INC","awardType":"PURCHASE ORDER","url":"https://www.usaspending.gov/award/CONT_AWD_15DDB019P00000074_1524_-NONE-_-NONE-"},{"vendor":"Magnet Forensics","awardId":"15DDB023P00000101","recipient":"MAGNET FORENSICS, LLC","amount":16455,"agency":"Department of Justice","subAgency":"Drug Enforcement Administration","startDate":"2023-09-29","endDate":"2023-09-30","description":"GRAYKEY LICENSE - ESSENTIAL UNLIMITED CONSENT AND BFU EXTRACTIONS. GRAYKEY UNIT RAYKEY LICENSE - EXPANSION PACK AND SHIPPING AND HANDLING/GRAYSHIF","awardType":"PURCHASE ORDER","url":"https://www.usaspending.gov/award/CONT_AWD_15DDB023P00000101_1524_-NONE-_-NONE-"},{"vendor":"Cellebrite","awardId":"HSCETE09P00029","recipient":"CELLEBRITE INC","amount":14148,"agency":"Department of Homeland Security","subAgency":"U.S. Immigration and Customs Enforcement","startDate":"2009-07-14","endDate":"2009-08-16","description":"THIS DEVICE WILL BE USED BY FORENSICS UNIT. SOLE SOURCE JUSTIFICATION ATTACHED, ITSR APPROVAL","awardType":"PURCHASE ORDER","url":"https://www.usaspending.gov/award/CONT_AWD_HSCETE09P00029_7012_-NONE-_-NONE-"},{"vendor":"Cellebrite","awardId":"HSCETE10P00009","recipient":"CELLEBRITE INC","amount":14128,"agency":"Department of Homeland Security","subAgency":"U.S. Immigration and Customs Enforcement","startDate":"2010-03-29","endDate":"2010-04-29","description":"THE DEVICE WILL BE WITH THE OCDEFT STRIKE FORCE FOR FORENSICS USES., SOLE SOURCE JUSTIFICATION ATTACHED, ITSR #","awardType":"PURCHASE ORDER","url":"https://www.usaspending.gov/award/CONT_AWD_HSCETE10P00009_7012_-NONE-_-NONE-"},{"vendor":"Magnet Forensics","awardId":"15DDB025P00000046","recipient":"MAGNET FORENSICS, LLC","amount":12410,"agency":"Department of Justice","subAgency":"Drug Enforcement Administration","startDate":"2025-09-20","endDate":"2026-09-19","description":"TITLE: RURR_DAC MAGNET FORSENSICS/MDO/9-20-25&GT;9-19-26 REQUESTOR: GARTH J HAMELIN ITJA#: ITJA0016404 POP DATES: 09/20/2025 TO 09/19/2026 DELIVERY DATE: 09/19/2025","awardType":"PURCHASE ORDER","url":"https://www.usaspending.gov/award/CONT_AWD_15DDB025P00000046_1524_-NONE-_-NONE-"},{"vendor":"Cellebrite","awardId":"DJD17BOP0046","recipient":"CELLEBRITE INC","amount":11550,"agency":"Department of Justice","subAgency":"Drug Enforcement Administration","startDate":"2017-03-07","endDate":"2017-09-30","description":"INITIAL TRAINING FOR CELLEBRITE CELLPHONE EXTRACTION SOFTWARE/CELLEBRITE IGF::OT::IGF","awardType":"PURCHASE ORDER","url":"https://www.usaspending.gov/award/CONT_AWD_DJD17BOP0046_1524_-NONE-_-NONE-"},{"vendor":"Magnet Forensics","awardId":"15DDB024P00000056","recipient":"MAGNET FORENSICS, LLC","amount":11380,"agency":"Department of Justice","subAgency":"Drug Enforcement Administration","startDate":"2024-07-22","endDate":"2025-09-28","description":"GRAYKEY LICENSE - ESSENTIALS RENEWAL, UNLIMITED CONSENT AND BFU EXTRACTIONS, 30 AFU INSTANT UNLOCK OR BRUTE FORCE ADVANCED ACTION, ACTION CREDITS INCLUDED: 30 12 SMS UPDATES./MAGNET FORENSICS","awardType":"PURCHASE ORDER","url":"https://www.usaspending.gov/award/CONT_AWD_15DDB024P00000056_1524_-NONE-_-NONE-"},{"vendor":"Magnet Forensics","awardId":"HSCG2417P14A057","recipient":"MAGNET FORENSICS USA INC","amount":4525,"agency":"Department of Homeland Security","subAgency":"U.S. Coast Guard","startDate":"2017-04-21","endDate":"2017-04-24","description":"IGF::OT::IGF DOMEX","awardType":"PURCHASE ORDER","url":"https://www.usaspending.gov/award/CONT_AWD_HSCG2417P14A057_7008_-NONE-_-NONE-"}]},"geometry":{"type":"Point","coordinates":[-71.53,42.23]}},{"type":"Feature","properties":{"id":"usas-WA","state":"WA","totalAmount":1156370,"awardCount":7,"vendorCount":3,"topVendor":"Motorola Solutions","vendors":[{"name":"Motorola Solutions","amount":998957,"count":1},{"name":"Cellebrite","amount":156825,"count":5},{"name":"Magnet Forensics","amount":588,"count":1}],"awards":[{"vendor":"Motorola Solutions","awardId":"HSBP1016J00241","recipient":"MOTOROLA SOLUTIONS, INC.","amount":998957,"agency":"Department of Homeland Security","subAgency":"U.S. Customs and Border Protection","startDate":"2016-04-26","endDate":"2017-06-16","description":"IGF::CT::IGF TO PROVIDE A CONSOLE AND LOGGING RECORDER REPLACEMENT SOLUTION THAT SHALL PROVIDE EQUIPMENT COMMONALITY WITH EXISTING EQUIPMENT AND CONFIGURATIONS OF THE FBI IWN NW SYSTEM. REPLACES CONTRACT HSBP1015J00764","awardType":"DELIVERY ORDER","url":"https://www.usaspending.gov/award/CONT_AWD_HSBP1016J00241_7014_HSSS0112D0002_7009"},{"vendor":"Cellebrite","awardId":"15DDHQ19P00001008","recipient":"CELLEBRITE INC","amount":59200,"agency":"Department of Justice","subAgency":"Drug Enforcement Administration","startDate":"2019-10-01","endDate":"2019-09-18","description":"SEATTLE FD/CELLEBRITE/SOFTWARE RENEWAL/RURR","awardType":"PURCHASE ORDER","url":"https://www.usaspending.gov/award/CONT_AWD_15DDHQ19P00001008_1524_-NONE-_-NONE-"},{"vendor":"Cellebrite","awardId":"15DDHQ18P00000852","recipient":"CELLEBRITE INC","amount":48800,"agency":"Department of Justice","subAgency":"Drug Enforcement Administration","startDate":"2018-09-21","endDate":"2019-09-29","description":"IGF::CL::IGF SEATTLE FD/CELLEBRITE/SOFTWARE RENEWAL/RURR","awardType":"PURCHASE ORDER","url":"https://www.usaspending.gov/award/CONT_AWD_15DDHQ18P00000852_1524_-NONE-_-NONE-"},{"vendor":"Cellebrite","awardId":"DJD15SEP0073","recipient":"CELLEBRITE INC","amount":19208,"agency":"Department of Justice","subAgency":"Drug Enforcement Administration","startDate":"2015-08-18","endDate":"2015-09-30","description":"IGF::CL::IGF","awardType":"PO","url":"https://www.usaspending.gov/award/CONT_AWD_DJD15SEP0073_1524_-NONE-_-NONE-"},{"vendor":"Cellebrite","awardId":"DJF153840P0008157","recipient":"CELLEBRITE INC","amount":15500,"agency":"Department of Justice","subAgency":"Federal Bureau of Investigation","startDate":"2015-07-28","endDate":"2015-08-31","description":"CYBER TASK FORCE CELLEBRITE LICEENSE RENEWAL OF CELLEBRITE; A RESOURCE NECESSARY FOR THE OPERATIONAL NEEDS OF TASK FORCE.","awardType":"PO","url":"https://www.usaspending.gov/award/CONT_AWD_DJF153840P0008157_1549_-NONE-_-NONE-"},{"vendor":"Cellebrite","awardId":"HSBP20110029701601","recipient":"CELLEBRITE INC","amount":14117,"agency":"Department of Homeland Security","subAgency":"U.S. Customs and Border Protection","startDate":"2011-08-11","endDate":"2011-09-11","description":"UNIVERSAL FORENSIC EXTRACTION DEVICE","awardType":"PURCHASE ORDER","url":"https://www.usaspending.gov/award/CONT_AWD_HSBP20110029701601_7014_-NONE-_-NONE-"},{"vendor":"Magnet Forensics","awardId":"DJF143840P0011353","recipient":"MAGNET FORENSICS INC","amount":588,"agency":"Department of Justice","subAgency":"Federal Bureau of Investigation","startDate":"2014-08-22","endDate":"2015-06-10","description":"INTERNET EVIDENCE FINDER SOFTWARE ADDONS NOT ORIGINALLY ORDERED","awardType":"PO","url":"https://www.usaspending.gov/award/CONT_AWD_DJF143840P0011353_1549_-NONE-_-NONE-"}]},"geometry":{"type":"Point","coordinates":[-121.49,47.4]}},{"type":"Feature","properties":{"id":"usas-WY","state":"WY","totalAmount":1120016,"awardCount":1,"vendorCount":1,"topVendor":"Motorola Solutions","vendors":[{"name":"Motorola Solutions","amount":1120016,"count":1}],"awards":[{"vendor":"Motorola Solutions","awardId":"HSFE5016P0057","recipient":"MOTOROLA SOLUTIONS CONNECTIVITY, INC.","amount":1120016,"agency":"Department of Homeland Security","subAgency":"Federal Emergency Management Agency","startDate":"2016-03-18","endDate":"2021-03-01","description":"ENS MAINTENANCE AND SUPPORT","awardType":"PURCHASE ORDER","url":"https://www.usaspending.gov/award/CONT_AWD_HSFE5016P0057_7022_-NONE-_-NONE-"}]},"geometry":{"type":"Point","coordinates":[-107.302,42.756]}},{"type":"Feature","properties":{"id":"usas-HI","state":"HI","totalAmount":886243,"awardCount":1,"vendorCount":1,"topVendor":"Motorola Solutions","vendors":[{"name":"Motorola Solutions","amount":886243,"count":1}],"awards":[{"vendor":"Motorola Solutions","awardId":"DJBP0603PPZ50001","recipient":"MOTOROLA SOLUTIONS, INC.","amount":886243,"agency":"Department of Justice","subAgency":"Federal Prison System / Bureau of Prisons","startDate":"2015-05-12","endDate":"2016-06-30","description":"IGF::OT::IGF OTHER FUNCTIONS TRUNKED LAND/MOBILE RADIO SYSTEM EQUIPMENT&MAINTENANCE MODIFICATION FOR THE SYSTEM UPGRADE AGREEMENT","awardType":"DELIVERY ORDER","url":"https://www.usaspending.gov/award/CONT_AWD_DJBP0603PPZ50001_1540_DJBP070000000003_1540"}]},"geometry":{"type":"Point","coordinates":[-157.498,21.094]}},{"type":"Feature","properties":{"id":"usas-MI","state":"MI","totalAmount":698072,"awardCount":15,"vendorCount":3,"topVendor":"Motorola Solutions","vendors":[{"name":"Motorola Solutions","amount":354338,"count":2},{"name":"Magnet Forensics","amount":181775,"count":3},{"name":"Cellebrite","amount":161959,"count":10}],"awards":[{"vendor":"Motorola Solutions","awardId":"HSTS0515JORC011","recipient":"MOTOROLA SOLUTIONS, INC.","amount":269211,"agency":"Department of Homeland Security","subAgency":"Transportation Security Administration","startDate":"2015-09-22","endDate":"2016-05-30","description":"IGF::OT::IGF  PROVIDE 2 MCC 7500 DISPATCH CONSOLES","awardType":"DELIVERY ORDER","url":"https://www.usaspending.gov/award/CONT_AWD_HSTS0515JORC011_7013_HSSS0112D0002_7009"},{"vendor":"Magnet Forensics","awardId":"70CMSD24P00000151","recipient":"MAGNET FORENSICS, LLC","amount":168650,"agency":"Department of Homeland Security","subAgency":"U.S. Immigration and Customs Enforcement","startDate":"2024-09-30","endDate":"2025-09-29","description":"MAGNET FORENSICS SOFTWARE.","awardType":"PURCHASE ORDER","url":"https://www.usaspending.gov/award/CONT_AWD_70CMSD24P00000151_7012_-NONE-_-NONE-"},{"vendor":"Motorola Solutions","awardId":"HSCEMD11J00118","recipient":"MOTOROLA SOLUTIONS, INC.","amount":85127,"agency":"Department of Homeland Security","subAgency":"U.S. Immigration and Customs Enforcement","startDate":"2011-08-18","endDate":"2011-11-18","description":"TEOAF FUNDING - PORTABLE RADIOS IN SUPPORT OF BEST IN HSI-SAC DETROIT. DETROIT POC FOR QUESTIONS IS: GS DOUG PANNING - 313-580-2161","awardType":"DELIVERY ORDER","url":"https://www.usaspending.gov/award/CONT_AWD_HSCEMD11J00118_7012_HSSS0106D0005_7009"},{"vendor":"Cellebrite","awardId":"15DDDT18P00000119","recipient":"CELLEBRITE INC","amount":21496,"agency":"Department of Justice","subAgency":"Drug Enforcement Administration","startDate":"2018-09-25","endDate":"2020-04-29","description":"CELLEBRITE -UFED 4PC TK-CF54","awardType":"PURCHASE ORDER","url":"https://www.usaspending.gov/award/CONT_AWD_15DDDT18P00000119_1524_-NONE-_-NONE-"},{"vendor":"Cellebrite","awardId":"15DDDT20F00000019","recipient":"CELLEBRITE INC","amount":21021,"agency":"Department of Justice","subAgency":"Drug Enforcement Administration","startDate":"2020-09-24","endDate":"2021-09-01","description":"CELLEBRITE TRAINING","awardType":"DELIVERY ORDER","url":"https://www.usaspending.gov/award/CONT_AWD_15DDDT20F00000019_1524_15DDHQ19D00000026_1524"},{"vendor":"Cellebrite","awardId":"DJD13DTP0145","recipient":"CELLEBRITE INC","amount":18201,"agency":"Department of Justice","subAgency":"Drug Enforcement Administration","startDate":"2013-09-03","endDate":"2013-09-30","description":"LAW ENFORCMENT MOBILE ELECTRONIC FORENSIC EQUIPMENT","awardType":"PURCHASE ORDER","url":"https://www.usaspending.gov/award/CONT_AWD_DJD13DTP0145_1524_-NONE-_-NONE-"},{"vendor":"Cellebrite","awardId":"DJD16DTP0123","recipient":"CELLEBRITE INC","amount":17385,"agency":"Department of Justice","subAgency":"Drug Enforcement Administration","startDate":"2016-09-21","endDate":"2018-03-14","description":"IGF::OT::IGF - UFED TOUCH ULTIMATE STANDARD: CINCINNATI RO AND CLOUD SOLUTION SET","awardType":"PURCHASE ORDER","url":"https://www.usaspending.gov/award/CONT_AWD_DJD16DTP0123_1524_-NONE-_-NONE-"},{"vendor":"Cellebrite","awardId":"DJD16DTP0114","recipient":"CELLEBRITE INC","amount":17385,"agency":"Department of Justice","subAgency":"Drug Enforcement Administration","startDate":"2016-09-12","endDate":"2018-03-06","description":"IGF::OT::IGF - A-UME-05-033  UFED TOUCH ULTIMATE STANDARD: LEXINGTON RO AND CLOUD SOLUTION SET U-TRN-02-003","awardType":"PURCHASE ORDER","url":"https://www.usaspending.gov/award/CONT_AWD_DJD16DTP0114_1524_-NONE-_-NONE-"},{"vendor":"Cellebrite","awardId":"DJD17DTP0095","recipient":"CELLEBRITE INC","amount":17084,"agency":"Department of Justice","subAgency":"Drug Enforcement Administration","startDate":"2017-06-29","endDate":"2018-04-30","description":"IGF::OT::IGF - CELLBRITE EQUIPMENT AND SOFTWARE","awardType":"PURCHASE ORDER","url":"https://www.usaspending.gov/award/CONT_AWD_DJD17DTP0095_1524_-NONE-_-NONE-"},{"vendor":"Cellebrite","awardId":"DJD17DTP0129","recipient":"CELLEBRITE INC","amount":13085,"agency":"Department of Justice","subAgency":"Drug Enforcement Administration","startDate":"2017-09-23","endDate":"2018-04-30","description":"IGF::OT::IGF - CELLEBRITE INC. -TELEPHONE READER","awardType":"PURCHASE ORDER","url":"https://www.usaspending.gov/award/CONT_AWD_DJD17DTP0129_1524_-NONE-_-NONE-"},{"vendor":"Cellebrite","awardId":"15DDDT18P00000121","recipient":"CELLEBRITE INC","amount":12584,"agency":"Department of Justice","subAgency":"Drug Enforcement Administration","startDate":"2018-09-25","endDate":"2020-04-29","description":"UFED TOUCH 2 ULTIMATE RUGGEDIZED","awardType":"PURCHASE ORDER","url":"https://www.usaspending.gov/award/CONT_AWD_15DDDT18P00000121_1524_-NONE-_-NONE-"},{"vendor":"Cellebrite","awardId":"15DDDT18P00000085","recipient":"CELLEBRITE INC","amount":12584,"agency":"Department of Justice","subAgency":"Drug Enforcement Administration","startDate":"2018-06-28","endDate":"2020-02-28","description":"CELLEBRITE -UFED TOUCH ULTIMATE STANDARD RUGGEDIZED","awardType":"PURCHASE ORDER","url":"https://www.usaspending.gov/award/CONT_AWD_15DDDT18P00000085_1524_-NONE-_-NONE-"},{"vendor":"Cellebrite","awardId":"HSBP1011P00939","recipient":"CELLEBRITE INC","amount":11134,"agency":"Department of Homeland Security","subAgency":"U.S. Customs and Border Protection","startDate":"2011-08-23","endDate":"2011-10-03","description":"HAND-HELD CELLULAR EXPLOITATION DEVICE.","awardType":"PURCHASE ORDER","url":"https://www.usaspending.gov/award/CONT_AWD_HSBP1011P00939_7014_-NONE-_-NONE-"},{"vendor":"Magnet Forensics","awardId":"DJF151200P0005792","recipient":"MAGNET FORENSICS INC","amount":8000,"agency":"Department of Justice","subAgency":"Federal Bureau of Investigation","startDate":"2015-04-23","endDate":"2015-05-01","description":"5 IEF MODULES BUSINESS APPLICATGION AND OS ARTIFACTS, 5 IEF MODULE MOBILE ARTIFACTS, 5 SMS IEF FOR 12 MONTHS","awardType":"PO","url":"https://www.usaspending.gov/award/CONT_AWD_DJF151200P0005792_1549_-NONE-_-NONE-"},{"vendor":"Magnet Forensics","awardId":"DJF161200P0004743","recipient":"MAGNET FORENSICS USA INC","amount":5125,"agency":"Department of Justice","subAgency":"Federal Bureau of Investigation","startDate":"2016-04-05","endDate":"2016-05-30","description":"2 COPIES OF THE INTERNET EVIDENCE FINDER SOFTWARE","awardType":"PURCHASE ORDER","url":"https://www.usaspending.gov/award/CONT_AWD_DJF161200P0004743_1549_-NONE-_-NONE-"}]},"geometry":{"type":"Point","coordinates":[-84.536,43.326]}},{"type":"Feature","properties":{"id":"usas-CO","state":"CO","totalAmount":570379,"awardCount":8,"vendorCount":4,"topVendor":"Palantir","vendors":[{"name":"Palantir","amount":256998,"count":2},{"name":"Motorola Solutions","amount":232029,"count":2},{"name":"Cellebrite","amount":66277,"count":2},{"name":"Magnet Forensics","amount":15075,"count":2}],"awards":[{"vendor":"Palantir","awardId":"70FBR424C00000007","recipient":"PALANTIR TECHNOLOGIES INC.","amount":250000,"agency":"Department of Homeland Security","subAgency":"Federal Emergency Management Agency","startDate":"2024-09-04","endDate":"2025-01-05","description":"BOC 2596 STUDIES, ANALYSES AND EVALUATION HEALTHCA","awardType":"DEFINITIVE CONTRACT","url":"https://www.usaspending.gov/award/CONT_AWD_70FBR424C00000007_7022_-NONE-_-NONE-"},{"vendor":"Motorola Solutions","awardId":"HSCECA06FF00026","recipient":"MOTOROLA SOLUTIONS, INC.","amount":117054,"agency":"Department of Homeland Security","subAgency":"U.S. Immigration and Customs Enforcement","startDate":"2006-03-30","endDate":"2006-03-30","description":"RADIOS","awardType":"DELIVERY ORDER","url":"https://www.usaspending.gov/award/CONT_AWD_HSCECA06FF00026_7012_GS35F0004L_4730"},{"vendor":"Motorola Solutions","awardId":"DJMS09F0616","recipient":"MOTOROLA SOLUTIONS, INC.","amount":114975,"agency":"Department of Justice","subAgency":"U.S. Marshals Service","startDate":"2009-06-23","endDate":"2015-11-12","description":"CONSOLETTE W/ JUNCTION BOX&MC3000 EQUIPMENT","awardType":"DELIVERY ORDER","url":"https://www.usaspending.gov/award/CONT_AWD_DJMS09F0616_1544_GS35F0004L_4730"},{"vendor":"Cellebrite","awardId":"15DDHQ18P00000806","recipient":"CELLEBRITE INC","amount":48064,"agency":"Department of Justice","subAgency":"Drug Enforcement Administration","startDate":"2018-09-14","endDate":"2018-10-15","description":"IGF::OT::IGFLL CELLEBRITE UFED KIOSK ULTIMATE SOFTWARE PACKAGE AND INFIELD TK ULTIMATE LAPTOP","awardType":"PURCHASE ORDER","url":"https://www.usaspending.gov/award/CONT_AWD_15DDHQ18P00000806_1524_-NONE-_-NONE-"},{"vendor":"Cellebrite","awardId":"HSCEMD09P00342","recipient":"CELLEBRITE INC","amount":18213,"agency":"Department of Homeland Security","subAgency":"U.S. Immigration and Customs Enforcement","startDate":"2009-09-03","endDate":"2009-10-03","description":"PER NGU UNIT CHIEF - SAC DENVER SHOULD HAVE THIS FORENSIC SYSTEM TO CONDUCT GANG OPERATIONS.  THIS IS A SOLE SOURCE PURCHASE REQUEST.","awardType":"PURCHASE ORDER","url":"https://www.usaspending.gov/award/CONT_AWD_HSCEMD09P00342_7012_-NONE-_-NONE-"},{"vendor":"Magnet Forensics","awardId":"HSCETE17P00018","recipient":"MAGNET FORENSICS USA INC","amount":8600,"agency":"Department of Homeland Security","subAgency":"U.S. Immigration and Customs Enforcement","startDate":"2017-03-09","endDate":"2018-03-09","description":"SOFTWARE TO BE USED FOR IN-DEPTH FORENSICE P2P CASE  POC:  CHRISTINA PADILLA/303-721-3025 SECONDARY:  MELISSA NELSON/303-721-3008","awardType":"PURCHASE ORDER","url":"https://www.usaspending.gov/award/CONT_AWD_HSCETE17P00018_7012_-NONE-_-NONE-"},{"vendor":"Palantir","awardId":"DJJ17PUSA130045","recipient":"PALANTIR TECHNOLOGIES INC.","amount":6998,"agency":"Department of Justice","subAgency":"Offices, Boards and Divisions","startDate":"2017-04-10","endDate":"2017-09-30","description":"SOFTWARE","awardType":"PURCHASE ORDER","url":"https://www.usaspending.gov/award/CONT_AWD_DJJ17PUSA130045_1501_-NONE-_-NONE-"},{"vendor":"Magnet Forensics","awardId":"DJF161200P0009069","recipient":"MAGNET FORENSICS USA INC","amount":6475,"agency":"Department of Justice","subAgency":"Federal Bureau of Investigation","startDate":"2016-09-25","endDate":"2016-11-30","description":"MAGNET FORENSICS","awardType":"PURCHASE ORDER","url":"https://www.usaspending.gov/award/CONT_AWD_DJF161200P0009069_1549_-NONE-_-NONE-"}]},"geometry":{"type":"Point","coordinates":[-105.311,39.059]}},{"type":"Feature","properties":{"id":"usas-MO","state":"MO","totalAmount":368565,"awardCount":13,"vendorCount":2,"topVendor":"Genetec","vendors":[{"name":"Genetec","amount":227329,"count":5},{"name":"Cellebrite","amount":141236,"count":8}],"awards":[{"vendor":"Genetec","awardId":"15DDHQ20F00001425","recipient":"GENETEC INC","amount":93026,"agency":"Department of Justice","subAgency":"Drug Enforcement Administration","startDate":"2020-08-18","endDate":"2021-01-05","description":"LPR CAMERAS","awardType":"DELIVERY ORDER","url":"https://www.usaspending.gov/award/CONT_AWD_15DDHQ20F00001425_1524_47QSWA18D0050_4732"},{"vendor":"Genetec","awardId":"15DDHQ22F00000758","recipient":"GENETEC INC","amount":72722,"agency":"Department of Justice","subAgency":"Drug Enforcement Administration","startDate":"2022-07-01","endDate":"2023-06-30","description":"LPR CAMERAS AND SERVERS","awardType":"DELIVERY ORDER","url":"https://www.usaspending.gov/award/CONT_AWD_15DDHQ22F00000758_1524_47QSWA18D0050_4732"},{"vendor":"Cellebrite","awardId":"DJD15HQP0468","recipient":"CELLEBRITE INC","amount":41425,"agency":"Department of Justice","subAgency":"Drug Enforcement Administration","startDate":"2015-06-22","endDate":"2016-06-16","description":"IGF::CT::IGF CELLEBRITE TOUCH ULTIMATE SOFTWARE RENEWAL","awardType":"PO","url":"https://www.usaspending.gov/award/CONT_AWD_DJD15HQP0468_1524_-NONE-_-NONE-"},{"vendor":"Genetec","awardId":"15DDHQ22F00001014","recipient":"GENETEC INC","amount":24608,"agency":"Department of Justice","subAgency":"Drug Enforcement Administration","startDate":"2022-08-19","endDate":"2022-12-31","description":"INSTALLATION OF TWO (2) LPR CAMERAS PROVIDED BY STLDO TO MONITOR VEHICULAR TRAFFIC NORTHBOUND AND SOUTHBOUND ON I-55 AT THE GOSHEN ROAD OVERPASS IN EDWARDSVILLE, ILLINOIS. 0 @ $0 INSTALLATION DONE BY SUBCONTRACTOR - JF ELECTRIC","awardType":"DELIVERY ORDER","url":"https://www.usaspending.gov/award/CONT_AWD_15DDHQ22F00001014_1524_47QSWA18D0050_4732"},{"vendor":"Genetec","awardId":"15DDSL21F00000069","recipient":"GENETEC INC","amount":24351,"agency":"Department of Justice","subAgency":"Drug Enforcement Administration","startDate":"2021-09-25","endDate":"2022-09-24","description":"LPR CAMERAS","awardType":"DELIVERY ORDER","url":"https://www.usaspending.gov/award/CONT_AWD_15DDSL21F00000069_1524_47QSWA18D0050_4732"},{"vendor":"Cellebrite","awardId":"DJD16SLP0091","recipient":"CELLEBRITE INC","amount":18594,"agency":"Department of Justice","subAgency":"Drug Enforcement Administration","startDate":"2016-06-17","endDate":"2017-06-16","description":"IGF::OT::IGF - SOFTWARE RENEWAL","awardType":"PURCHASE ORDER","url":"https://www.usaspending.gov/award/CONT_AWD_DJD16SLP0091_1524_-NONE-_-NONE-"},{"vendor":"Cellebrite","awardId":"15DDSL18P00000096","recipient":"CELLEBRITE INC","amount":18170,"agency":"Department of Justice","subAgency":"Drug Enforcement Administration","startDate":"2018-09-19","endDate":"2018-10-19","description":"IGF::OT::IGF - CELLEBRITE UNIT","awardType":"PURCHASE ORDER","url":"https://www.usaspending.gov/award/CONT_AWD_15DDSL18P00000096_1524_-NONE-_-NONE-"},{"vendor":"Cellebrite","awardId":"DJF151200P0003309","recipient":"CELLEBRITE INC","amount":15793,"agency":"Department of Justice","subAgency":"Federal Bureau of Investigation","startDate":"2015-02-10","endDate":"2015-05-01","description":"UFED  DONGLE AND UFED SOFTWARE RENEWAL","awardType":"PO","url":"https://www.usaspending.gov/award/CONT_AWD_DJF151200P0003309_1549_-NONE-_-NONE-"},{"vendor":"Cellebrite","awardId":"DJD17SLP0093","recipient":"CELLEBRITE INC","amount":13570,"agency":"Department of Justice","subAgency":"Drug Enforcement Administration","startDate":"2017-09-14","endDate":"2017-09-30","description":"IGF::OT::IGF - CELLBRITE UNITS","awardType":"PURCHASE ORDER","url":"https://www.usaspending.gov/award/CONT_AWD_DJD17SLP0093_1524_-NONE-_-NONE-"},{"vendor":"Genetec","awardId":"15DDSL20F00000048","recipient":"GENETEC INC","amount":12622,"agency":"Department of Justice","subAgency":"Drug Enforcement Administration","startDate":"2020-07-14","endDate":"2020-09-30","description":"LPR CAMERAS","awardType":"DELIVERY ORDER","url":"https://www.usaspending.gov/award/CONT_AWD_15DDSL20F00000048_1524_47QSWA18D0050_4732"},{"vendor":"Cellebrite","awardId":"15DDSL19P00000013","recipient":"CELLEBRITE INC","amount":11550,"agency":"Department of Justice","subAgency":"Drug Enforcement Administration","startDate":"2018-12-03","endDate":"2018-12-07","description":"IGF::OT::IGF - CERTIFICATION TRAINING","awardType":"PURCHASE ORDER","url":"https://www.usaspending.gov/award/CONT_AWD_15DDSL19P00000013_1524_-NONE-_-NONE-"},{"vendor":"Cellebrite","awardId":"15DD0N19P00000008","recipient":"CELLEBRITE INC","amount":11550,"agency":"Department of Justice","subAgency":"Drug Enforcement Administration","startDate":"2018-11-19","endDate":"2018-12-07","description":"IGF::CT::IGF - FORENSICS TRAINING","awardType":"PURCHASE ORDER","url":"https://www.usaspending.gov/award/CONT_AWD_15DD0N19P00000008_1524_-NONE-_-NONE-"},{"vendor":"Cellebrite","awardId":"DJD15SLP0091","recipient":"CELLEBRITE INC","amount":10584,"agency":"Department of Justice","subAgency":"Drug Enforcement Administration","startDate":"2015-07-28","endDate":"2015-08-21","description":"IGF::OT::IGF - UFED CELLEBRITE UNIT AND SOFTWARE UPDATES","awardType":"PO","url":"https://www.usaspending.gov/award/CONT_AWD_DJD15SLP0091_1524_-NONE-_-NONE-"}]},"geometry":{"type":"Point","coordinates":[-92.288,38.456]}},{"type":"Feature","properties":{"id":"usas-DE","state":"DE","totalAmount":334634,"awardCount":6,"vendorCount":2,"topVendor":"Magnet Forensics","vendors":[{"name":"Magnet Forensics","amount":320190,"count":5},{"name":"Cellebrite","amount":14444,"count":1}],"awards":[{"vendor":"Magnet Forensics","awardId":"HSFLGL17P00097","recipient":"MAGNET FORENSICS USA INC","amount":142525,"agency":"Department of Homeland Security","subAgency":"Federal Law Enforcement Training Center","startDate":"2017-02-13","endDate":"2017-09-30","description":"MAGNET IEF-USB - PRODUCT CODE 1S100","awardType":"PURCHASE ORDER","url":"https://www.usaspending.gov/award/CONT_AWD_HSFLGL17P00097_7015_-NONE-_-NONE-"},{"vendor":"Magnet Forensics","awardId":"HSSS0117P0269","recipient":"MAGNET FORENSICS USA INC","amount":110925,"agency":"Department of Homeland Security","subAgency":"U.S. Secret Service","startDate":"2017-07-20","endDate":"2017-09-01","description":"IGF::OT::IGF AXIOM LICENSES","awardType":"PURCHASE ORDER","url":"https://www.usaspending.gov/award/CONT_AWD_HSSS0117P0269_7009_-NONE-_-NONE-"},{"vendor":"Magnet Forensics","awardId":"HSBP1017P00175","recipient":"MAGNET FORENSICS USA INC","amount":40867,"agency":"Department of Homeland Security","subAgency":"U.S. Customs and Border Protection","startDate":"2017-04-03","endDate":"2018-08-30","description":"IGF::OT::IGF AXIOM SOFTWARE LICENSES","awardType":"PURCHASE ORDER","url":"https://www.usaspending.gov/award/CONT_AWD_HSBP1017P00175_7014_-NONE-_-NONE-"},{"vendor":"Magnet Forensics","awardId":"DJF171800P0003307","recipient":"MAGNET FORENSICS USA INC","amount":21875,"agency":"Department of Justice","subAgency":"Federal Bureau of Investigation","startDate":"2017-02-16","endDate":"2018-04-30","description":"IGF::OT::IGF","awardType":"PURCHASE ORDER","url":"https://www.usaspending.gov/award/CONT_AWD_DJF171800P0003307_1549_-NONE-_-NONE-"},{"vendor":"Cellebrite","awardId":"DJD17PHP0053","recipient":"CELLEBRITE INC","amount":14444,"agency":"Department of Justice","subAgency":"Drug Enforcement Administration","startDate":"2017-07-31","endDate":"2018-07-30","description":"IGF::CT::IGF - TRADE IN OF UFED TOUCH1 FOR A TOUCH2, CLOUD SOLUTION SET, AND LICENSE RENEWAL","awardType":"PURCHASE ORDER","url":"https://www.usaspending.gov/award/CONT_AWD_DJD17PHP0053_1524_-NONE-_-NONE-"},{"vendor":"Magnet Forensics","awardId":"DJF161800P0005077","recipient":"MAGNET FORENSICS USA INC","amount":3998,"agency":"Department of Justice","subAgency":"Federal Bureau of Investigation","startDate":"2016-04-18","endDate":"2016-08-04","description":"IGF::OT::IGF","awardType":"PURCHASE ORDER","url":"https://www.usaspending.gov/award/CONT_AWD_DJF161800P0005077_1549_-NONE-_-NONE-"}]},"geometry":{"type":"Point","coordinates":[-75.507,39.318]}},{"type":"Feature","properties":{"id":"usas-VT","state":"VT","totalAmount":242972,"awardCount":6,"vendorCount":3,"topVendor":"Cellebrite","vendors":[{"name":"Cellebrite","amount":180058,"count":3},{"name":"Magnet Forensics","amount":34919,"count":2},{"name":"Grayshift","amount":27995,"count":1}],"awards":[{"vendor":"Cellebrite","awardId":"HSCEMD11J00028","recipient":"CELLEBRITE INC","amount":129980,"agency":"Department of Homeland Security","subAgency":"U.S. Immigration and Customs Enforcement","startDate":"2011-05-23","endDate":"2013-09-21","description":"CELLEBRITE USA, CORP., STRATEGIC SOURCED CONTRACT HSCEMD-10-D-00003. ATTACHED ARE COPIES OF CELLEBRITE CONTRACT, ORDERING GUIDE AND QUOTE FROM CELLEBRITE FOR THIS REQUISITION.","awardType":"DELIVERY ORDER","url":"https://www.usaspending.gov/award/CONT_AWD_HSCEMD11J00028_7012_HSCEMD10D00003_7012"},{"vendor":"Magnet Forensics","awardId":"70B03C22P00000289","recipient":"MAGNET FORENSICS, LLC","amount":27995,"agency":"Department of Homeland Security","subAgency":"U.S. Customs and Border Protection","startDate":"2022-09-30","endDate":"2023-09-29","description":"GRAYKEY LICENSE RENEWAL (1)","awardType":"PURCHASE ORDER","url":"https://www.usaspending.gov/award/CONT_AWD_70B03C22P00000289_7014_-NONE-_-NONE-"},{"vendor":"Grayshift","awardId":"70B03C22P00000289","recipient":"MAGNET FORENSICS, LLC","amount":27995,"agency":"Department of Homeland Security","subAgency":"U.S. Customs and Border Protection","startDate":"2022-09-30","endDate":"2023-09-29","description":"GRAYKEY LICENSE RENEWAL (1)","awardType":"PURCHASE ORDER","url":"https://www.usaspending.gov/award/CONT_AWD_70B03C22P00000289_7014_-NONE-_-NONE-"},{"vendor":"Cellebrite","awardId":"70B03C24P00000561","recipient":"CELLEBRITE INC","amount":27600,"agency":"Department of Homeland Security","subAgency":"U.S. Customs and Border Protection","startDate":"2024-09-26","endDate":"2025-09-25","description":"LICENSE RENEWAL","awardType":"PURCHASE ORDER","url":"https://www.usaspending.gov/award/CONT_AWD_70B03C24P00000561_7014_-NONE-_-NONE-"},{"vendor":"Cellebrite","awardId":"HSCEMD12J00075","recipient":"CELLEBRITE INC","amount":22478,"agency":"Department of Homeland Security","subAgency":"U.S. Immigration and Customs Enforcement","startDate":"2012-08-13","endDate":"2013-08-31","description":"UNIVERSAL FORENSIC EXTRACTION DEVICE (UFED) LICENSES","awardType":"DELIVERY ORDER","url":"https://www.usaspending.gov/award/CONT_AWD_HSCEMD12J00075_7012_HSCEMD10D00003_7012"},{"vendor":"Magnet Forensics","awardId":"HSBP1017P00784","recipient":"MAGNET FORENSICS USA INC","amount":6924,"agency":"Department of Homeland Security","subAgency":"U.S. Customs and Border Protection","startDate":"2017-09-29","endDate":"2018-09-28","description":"IGF::OT::IGF AXIOM DIGITAL FORENSICS SOFTWARE FOR SWANTON SECTOR DIGITAL FORENSICS UNIT","awardType":"PURCHASE ORDER","url":"https://www.usaspending.gov/award/CONT_AWD_HSBP1017P00784_7014_-NONE-_-NONE-"}]},"geometry":{"type":"Point","coordinates":[-72.71,44.045]}},{"type":"Feature","properties":{"id":"usas-NE","state":"NE","totalAmount":223765,"awardCount":16,"vendorCount":4,"topVendor":"Magnet Forensics","vendors":[{"name":"Magnet Forensics","amount":88760,"count":7},{"name":"Grayshift","amount":75640,"count":5},{"name":"Cellebrite","amount":36255,"count":3},{"name":"Axon Enterprise","amount":23110,"count":1}],"awards":[{"vendor":"Axon Enterprise","awardId":"15DD0N24P00000041","recipient":"AXON ENTERPRISE, INC.","amount":23110,"agency":"Department of Justice","subAgency":"Drug Enforcement Administration","startDate":"2024-09-01","endDate":"2024-10-31","description":"SKY HERO ROBOT KIT","awardType":"PURCHASE ORDER","url":"https://www.usaspending.gov/award/CONT_AWD_15DD0N24P00000041_1524_-NONE-_-NONE-"},{"vendor":"Cellebrite","awardId":"15DD0N18P00000002","recipient":"CELLEBRITE INC","amount":18085,"agency":"Department of Justice","subAgency":"Drug Enforcement Administration","startDate":"2018-08-02","endDate":"2019-08-07","description":"IGF::OT::IGF - CELLEBRITE DEVICE","awardType":"PURCHASE ORDER","url":"https://www.usaspending.gov/award/CONT_AWD_15DD0N18P00000002_1524_-NONE-_-NONE-"},{"vendor":"Magnet Forensics","awardId":"15DD0N20P00000003","recipient":"MAGNET FORENSICS, LLC","amount":18075,"agency":"Department of Justice","subAgency":"Drug Enforcement Administration","startDate":"2020-05-15","endDate":"2021-05-14","description":"PURCHASE OF AN IPHONE EXTRACTION DEVICE TO DEFEAT IPHONE ENCRYPTION TO BE USED FOR ENFORCEMENT OPERATIONS BY THE TDS GROUP.  A DEVICE OF THIS TYPE IS SOLE SOURCED BY GRAYSHIFT.","awardType":"PURCHASE ORDER","url":"https://www.usaspending.gov/award/CONT_AWD_15DD0N20P00000003_1524_-NONE-_-NONE-"},{"vendor":"Grayshift","awardId":"15DD0N20P00000003","recipient":"MAGNET FORENSICS, LLC","amount":18075,"agency":"Department of Justice","subAgency":"Drug Enforcement Administration","startDate":"2020-05-15","endDate":"2021-05-14","description":"PURCHASE OF AN IPHONE EXTRACTION DEVICE TO DEFEAT IPHONE ENCRYPTION TO BE USED FOR ENFORCEMENT OPERATIONS BY THE TDS GROUP.  A DEVICE OF THIS TYPE IS SOLE SOURCED BY GRAYSHIFT.","awardType":"PURCHASE ORDER","url":"https://www.usaspending.gov/award/CONT_AWD_15DD0N20P00000003_1524_-NONE-_-NONE-"},{"vendor":"Magnet Forensics","awardId":"15DD0N20P00000013","recipient":"MAGNET FORENSICS, LLC","amount":18000,"agency":"Department of Justice","subAgency":"Drug Enforcement Administration","startDate":"2020-09-23","endDate":"2021-09-22","description":"PURCHASE OF LICENSE RENEWAL FOR IPHONE EXTRACTION DEVICE TO DEFEAT IPHONE ENCRYPTION.","awardType":"PURCHASE ORDER","url":"https://www.usaspending.gov/award/CONT_AWD_15DD0N20P00000013_1524_-NONE-_-NONE-"},{"vendor":"Magnet Forensics","awardId":"15DD0N20P00000012","recipient":"MAGNET FORENSICS, LLC","amount":18000,"agency":"Department of Justice","subAgency":"Drug Enforcement Administration","startDate":"2020-09-27","endDate":"2021-09-26","description":"ANNUAL RENEWAL OF LICENSE AGREEMENT FOR IPHONE EXTRACTION DEVICE TO DEFEAT IPHONE ENCRYPTION.  THIS DEVICE IS SOLE SOURCED BY GRAY SHIFT.","awardType":"PURCHASE ORDER","url":"https://www.usaspending.gov/award/CONT_AWD_15DD0N20P00000012_1524_-NONE-_-NONE-"},{"vendor":"Grayshift","awardId":"15DD0N20P00000013","recipient":"MAGNET FORENSICS, LLC","amount":18000,"agency":"Department of Justice","subAgency":"Drug Enforcement Administration","startDate":"2020-09-23","endDate":"2021-09-22","description":"PURCHASE OF LICENSE RENEWAL FOR IPHONE EXTRACTION DEVICE TO DEFEAT IPHONE ENCRYPTION.","awardType":"PURCHASE ORDER","url":"https://www.usaspending.gov/award/CONT_AWD_15DD0N20P00000013_1524_-NONE-_-NONE-"},{"vendor":"Grayshift","awardId":"15DD0N20P00000012","recipient":"MAGNET FORENSICS, LLC","amount":18000,"agency":"Department of Justice","subAgency":"Drug Enforcement Administration","startDate":"2020-09-27","endDate":"2021-09-26","description":"ANNUAL RENEWAL OF LICENSE AGREEMENT FOR IPHONE EXTRACTION DEVICE TO DEFEAT IPHONE ENCRYPTION.  THIS DEVICE IS SOLE SOURCED BY GRAY SHIFT.","awardType":"PURCHASE ORDER","url":"https://www.usaspending.gov/award/CONT_AWD_15DD0N20P00000012_1524_-NONE-_-NONE-"},{"vendor":"Magnet Forensics","awardId":"15DD0N23P00000029","recipient":"MAGNET FORENSICS, LLC","amount":10995,"agency":"Department of Justice","subAgency":"Drug Enforcement Administration","startDate":"2023-09-12","endDate":"2024-09-11","description":"RENEWAL LICENSE","awardType":"PURCHASE ORDER","url":"https://www.usaspending.gov/award/CONT_AWD_15DD0N23P00000029_1524_-NONE-_-NONE-"},{"vendor":"Grayshift","awardId":"15DD0N23P00000029","recipient":"MAGNET FORENSICS, LLC","amount":10995,"agency":"Department of Justice","subAgency":"Drug Enforcement Administration","startDate":"2023-09-12","endDate":"2024-09-11","description":"RENEWAL LICENSE","awardType":"PURCHASE ORDER","url":"https://www.usaspending.gov/award/CONT_AWD_15DD0N23P00000029_1524_-NONE-_-NONE-"},{"vendor":"Magnet Forensics","awardId":"15DD0N22P00000026","recipient":"MAGNET FORENSICS, LLC","amount":10570,"agency":"Department of Justice","subAgency":"Drug Enforcement Administration","startDate":"2022-08-31","endDate":"2022-08-31","description":"GRAYKEY UNIT & LICENSE","awardType":"PURCHASE ORDER","url":"https://www.usaspending.gov/award/CONT_AWD_15DD0N22P00000026_1524_-NONE-_-NONE-"},{"vendor":"Grayshift","awardId":"15DD0N22P00000026","recipient":"MAGNET FORENSICS, LLC","amount":10570,"agency":"Department of Justice","subAgency":"Drug Enforcement Administration","startDate":"2022-08-31","endDate":"2022-08-31","description":"GRAYKEY UNIT & LICENSE","awardType":"PURCHASE ORDER","url":"https://www.usaspending.gov/award/CONT_AWD_15DD0N22P00000026_1524_-NONE-_-NONE-"},{"vendor":"Cellebrite","awardId":"15DD0N18P00000019","recipient":"CELLEBRITE INC","amount":9085,"agency":"Department of Justice","subAgency":"Drug Enforcement Administration","startDate":"2018-09-22","endDate":"2019-10-03","description":"IGF::CT::IGF - CELLEBRITE EQUIPMENT","awardType":"PURCHASE ORDER","url":"https://www.usaspending.gov/award/CONT_AWD_15DD0N18P00000019_1524_-NONE-_-NONE-"},{"vendor":"Cellebrite","awardId":"15DD0N18P00000014","recipient":"CELLEBRITE INC","amount":9085,"agency":"Department of Justice","subAgency":"Drug Enforcement Administration","startDate":"2018-09-06","endDate":"2019-09-05","description":"IGF::OT::IGF - CELLEBRITE EQUIPMENT","awardType":"PURCHASE ORDER","url":"https://www.usaspending.gov/award/CONT_AWD_15DD0N18P00000014_1524_-NONE-_-NONE-"},{"vendor":"Magnet Forensics","awardId":"15DD0N25P00000017","recipient":"MAGNET FORENSICS, LLC","amount":6720,"agency":"Department of Justice","subAgency":"Drug Enforcement Administration","startDate":"2025-10-01","endDate":"2026-09-30","description":"AXIOM LICENSE","awardType":"PURCHASE ORDER","url":"https://www.usaspending.gov/award/CONT_AWD_15DD0N25P00000017_1524_-NONE-_-NONE-"},{"vendor":"Magnet Forensics","awardId":"15DD0N24P00000030","recipient":"MAGNET FORENSICS, LLC","amount":6400,"agency":"Department of Justice","subAgency":"Drug Enforcement Administration","startDate":"2024-10-01","endDate":"2025-09-30","description":"MAGNET FORENSICS AXIOM BUNDLE","awardType":"PURCHASE ORDER","url":"https://www.usaspending.gov/award/CONT_AWD_15DD0N24P00000030_1524_-NONE-_-NONE-"}]},"geometry":{"type":"Point","coordinates":[-98.268,41.125]}},{"type":"Feature","properties":{"id":"usas-KY","state":"KY","totalAmount":147998,"awardCount":4,"vendorCount":3,"topVendor":"Magnet Forensics","vendors":[{"name":"Magnet Forensics","amount":70189,"count":2},{"name":"Grayshift","amount":61974,"count":1},{"name":"Cellebrite","amount":15835,"count":1}],"awards":[{"vendor":"Magnet Forensics","awardId":"15DDHQ21P00000619","recipient":"MAGNET FORENSICS, LLC","amount":61974,"agency":"Department of Justice","subAgency":"Drug Enforcement Administration","startDate":"2021-07-01","endDate":"2022-06-21","description":"THE GRAYKEY FORENSIC DEVICE AND SOFTWARE WILL ALLOW THE LOUISVILLE DIVISION TO BETTER SUPPORT INVESTIGATIONS BY ACHIEVING FULL FILE SYSTEM DOWNLOADS OF LOCKED IOS AND ANDROID DEVICES, ALLOWING INVESTIGATORS TO OBTAIN INTELLIGENCE AND EVIDEN","awardType":"PURCHASE ORDER","url":"https://www.usaspending.gov/award/CONT_AWD_15DDHQ21P00000619_1524_-NONE-_-NONE-"},{"vendor":"Grayshift","awardId":"15DDHQ21P00000619","recipient":"MAGNET FORENSICS, LLC","amount":61974,"agency":"Department of Justice","subAgency":"Drug Enforcement Administration","startDate":"2021-07-01","endDate":"2022-06-21","description":"THE GRAYKEY FORENSIC DEVICE AND SOFTWARE WILL ALLOW THE LOUISVILLE DIVISION TO BETTER SUPPORT INVESTIGATIONS BY ACHIEVING FULL FILE SYSTEM DOWNLOADS OF LOCKED IOS AND ANDROID DEVICES, ALLOWING INVESTIGATORS TO OBTAIN INTELLIGENCE AND EVIDEN","awardType":"PURCHASE ORDER","url":"https://www.usaspending.gov/award/CONT_AWD_15DDHQ21P00000619_1524_-NONE-_-NONE-"},{"vendor":"Cellebrite","awardId":"15DDL022P00000005","recipient":"CELLEBRITE INC","amount":15835,"agency":"Department of Justice","subAgency":"Drug Enforcement Administration","startDate":"2022-06-10","endDate":"2022-12-31","description":"TRAINING AND CERTIFICATION","awardType":"PURCHASE ORDER","url":"https://www.usaspending.gov/award/CONT_AWD_15DDL022P00000005_1524_-NONE-_-NONE-"},{"vendor":"Magnet Forensics","awardId":"15DDL025P00000010","recipient":"MAGNET FORENSICS, LLC","amount":8215,"agency":"Department of Justice","subAgency":"Drug Enforcement Administration","startDate":"2025-05-01","endDate":"2026-04-30","description":"SOFTWARE","awardType":"PURCHASE ORDER","url":"https://www.usaspending.gov/award/CONT_AWD_15DDL025P00000010_1524_-NONE-_-NONE-"}]},"geometry":{"type":"Point","coordinates":[-84.67,37.668]}},{"type":"Feature","properties":{"id":"usas-TN","state":"TN","totalAmount":145872,"awardCount":1,"vendorCount":1,"topVendor":"Motorola Solutions","vendors":[{"name":"Motorola Solutions","amount":145872,"count":1}],"awards":[{"vendor":"Motorola Solutions","awardId":"DJA12SPO0319","recipient":"MOTOROLA SOLUTIONS CONNECTIVITY, INC.","amount":145872,"agency":"Department of Justice","subAgency":"Bureau of Alcohol, Tobacco, Firearms and Explosives Acquisition and Property Management Division","startDate":"2012-05-15","endDate":"2017-05-14","description":"IGF::OT::IGF FOR OTHER FUNCTIONS CASSIDIAN 117 SEABOARD LANE, SUITE D-100 FRANKLIN, TN 37067 POC: KATHY RITCHER 800/723-3207 MAINTENANCE RENEWAL OF COMMUNICATOR SOFTWARE SUPPORT SERVICES, SUPPORTING ATF ENS, SS025","awardType":"PURCHASE ORDER","url":"https://www.usaspending.gov/award/CONT_AWD_DJA12SPO0319_1560_-NONE-_-NONE-"}]},"geometry":{"type":"Point","coordinates":[-86.692,35.747]}},{"type":"Feature","properties":{"id":"usas-IA","state":"IA","totalAmount":128530,"awardCount":9,"vendorCount":2,"topVendor":"Magnet Forensics","vendors":[{"name":"Magnet Forensics","amount":70175,"count":5},{"name":"Grayshift","amount":58355,"count":4}],"awards":[{"vendor":"Magnet Forensics","awardId":"15DD0N21P00000018","recipient":"MAGNET FORENSICS, LLC","amount":18290,"agency":"Department of Justice","subAgency":"Drug Enforcement Administration","startDate":"2021-06-17","endDate":"2022-06-16","description":"RENEWAL OF GREYKEY LICENSE IPHONE EXTRACTION DEVICE TO DEFEAT IPHONE ENCRYPTION USED BY ENFORCEMENT OPERATIONS.  A DEVICE OF THIS TYPE IS SOLE SOURCED BY GRAYSHIFT.","awardType":"PURCHASE ORDER","url":"https://www.usaspending.gov/award/CONT_AWD_15DD0N21P00000018_1524_-NONE-_-NONE-"},{"vendor":"Grayshift","awardId":"15DD0N21P00000018","recipient":"MAGNET FORENSICS, LLC","amount":18290,"agency":"Department of Justice","subAgency":"Drug Enforcement Administration","startDate":"2021-06-17","endDate":"2022-06-16","description":"RENEWAL OF GREYKEY LICENSE IPHONE EXTRACTION DEVICE TO DEFEAT IPHONE ENCRYPTION USED BY ENFORCEMENT OPERATIONS.  A DEVICE OF THIS TYPE IS SOLE SOURCED BY GRAYSHIFT.","awardType":"PURCHASE ORDER","url":"https://www.usaspending.gov/award/CONT_AWD_15DD0N21P00000018_1524_-NONE-_-NONE-"},{"vendor":"Magnet Forensics","awardId":"15DDHQ19P00001070","recipient":"MAGNET FORENSICS, LLC","amount":18075,"agency":"Department of Justice","subAgency":"Drug Enforcement Administration","startDate":"2019-09-20","endDate":"2020-09-22","description":"GRAY KEY ANNUAL LICENSE FOR IPHONE EXTRACTION  POS: 09/15/2019-09/14/2020","awardType":"PURCHASE ORDER","url":"https://www.usaspending.gov/award/CONT_AWD_15DDHQ19P00001070_1524_-NONE-_-NONE-"},{"vendor":"Grayshift","awardId":"15DDHQ19P00001070","recipient":"MAGNET FORENSICS, LLC","amount":18075,"agency":"Department of Justice","subAgency":"Drug Enforcement Administration","startDate":"2019-09-20","endDate":"2020-09-22","description":"GRAY KEY ANNUAL LICENSE FOR IPHONE EXTRACTION  POS: 09/15/2019-09/14/2020","awardType":"PURCHASE ORDER","url":"https://www.usaspending.gov/award/CONT_AWD_15DDHQ19P00001070_1524_-NONE-_-NONE-"},{"vendor":"Magnet Forensics","awardId":"15DD0N24P00000017","recipient":"MAGNET FORENSICS, LLC","amount":11820,"agency":"Department of Justice","subAgency":"Drug Enforcement Administration","startDate":"2024-06-17","endDate":"2025-06-16","description":"RENEWAL OF GREYKEY LICENSE","awardType":"PURCHASE ORDER","url":"https://www.usaspending.gov/award/CONT_AWD_15DD0N24P00000017_1524_-NONE-_-NONE-"},{"vendor":"Magnet Forensics","awardId":"15DD0N23P00000032","recipient":"MAGNET FORENSICS, LLC","amount":10995,"agency":"Department of Justice","subAgency":"Drug Enforcement Administration","startDate":"2023-09-23","endDate":"2024-09-22","description":"GRAYKEY RENEWAL LICENSE","awardType":"PURCHASE ORDER","url":"https://www.usaspending.gov/award/CONT_AWD_15DD0N23P00000032_1524_-NONE-_-NONE-"},{"vendor":"Magnet Forensics","awardId":"15DD0N23P00000016","recipient":"MAGNET FORENSICS, LLC","amount":10995,"agency":"Department of Justice","subAgency":"Drug Enforcement Administration","startDate":"2023-06-17","endDate":"2024-06-16","description":"RENEWAL OF GREYSHIFT LICENSE","awardType":"PURCHASE ORDER","url":"https://www.usaspending.gov/award/CONT_AWD_15DD0N23P00000016_1524_-NONE-_-NONE-"},{"vendor":"Grayshift","awardId":"15DD0N23P00000032","recipient":"MAGNET FORENSICS, LLC","amount":10995,"agency":"Department of Justice","subAgency":"Drug Enforcement Administration","startDate":"2023-09-23","endDate":"2024-09-22","description":"GRAYKEY RENEWAL LICENSE","awardType":"PURCHASE ORDER","url":"https://www.usaspending.gov/award/CONT_AWD_15DD0N23P00000032_1524_-NONE-_-NONE-"},{"vendor":"Grayshift","awardId":"15DD0N23P00000016","recipient":"MAGNET FORENSICS, LLC","amount":10995,"agency":"Department of Justice","subAgency":"Drug Enforcement Administration","startDate":"2023-06-17","endDate":"2024-06-16","description":"RENEWAL OF GREYSHIFT LICENSE","awardType":"PURCHASE ORDER","url":"https://www.usaspending.gov/award/CONT_AWD_15DD0N23P00000016_1524_-NONE-_-NONE-"}]},"geometry":{"type":"Point","coordinates":[-93.21,42.011]}},{"type":"Feature","properties":{"id":"usas-MN","state":"MN","totalAmount":125673,"awardCount":4,"vendorCount":2,"topVendor":"Motorola Solutions","vendors":[{"name":"Motorola Solutions","amount":86248,"count":1},{"name":"Cellebrite","amount":39425,"count":3}],"awards":[{"vendor":"Motorola Solutions","awardId":"HSCEMD16J00050","recipient":"MOTOROLA SOLUTIONS, INC.","amount":86248,"agency":"Department of Homeland Security","subAgency":"U.S. Immigration and Customs Enforcement","startDate":"2016-08-31","endDate":"2016-11-15","description":"MOTOROLA RADIOS FOR SAC ST PAUL CONFIGURED FOR ARMER PROGRAM","awardType":"DELIVERY ORDER","url":"https://www.usaspending.gov/award/CONT_AWD_HSCEMD16J00050_7012_HSSS0112D0002_7009"},{"vendor":"Cellebrite","awardId":"HSCEMD10P00149","recipient":"CELLEBRITE INC","amount":17157,"agency":"Department of Homeland Security","subAgency":"U.S. Immigration and Customs Enforcement","startDate":"2010-04-22","endDate":"2010-05-30","description":"EQUIPMENT WILL BE USED TO EXTRACT VITAL DATA OUT OF CELL PHONES, PDA'S, ETC. FOR OCDETF CASE # GL-MNN-00213; WEBVIEW CERTIFIER - BARBARA GUCK; SOLE SOURCE VENDOR","awardType":"PURCHASE ORDER","url":"https://www.usaspending.gov/award/CONT_AWD_HSCEMD10P00149_7012_-NONE-_-NONE-"},{"vendor":"Cellebrite","awardId":"DJF153190P0010071","recipient":"CELLEBRITE INC","amount":12684,"agency":"Department of Justice","subAgency":"Federal Bureau of Investigation","startDate":"2015-09-19","endDate":"2015-10-19","description":"CELLEBRITE MACHINE","awardType":"PO","url":"https://www.usaspending.gov/award/CONT_AWD_DJF153190P0010071_1549_-NONE-_-NONE-"},{"vendor":"Cellebrite","awardId":"HSCEMD13J00003","recipient":"CELLEBRITE INC","amount":9584,"agency":"Department of Homeland Security","subAgency":"U.S. Immigration and Customs Enforcement","startDate":"2013-01-17","endDate":"2013-03-15","description":"UNIVERSAL FORENSIC EXTRACTION DEVICE","awardType":"DELIVERY ORDER","url":"https://www.usaspending.gov/award/CONT_AWD_HSCEMD13J00003_7012_HSCEMD10D00003_7012"}]},"geometry":{"type":"Point","coordinates":[-93.9,45.694]}},{"type":"Feature","properties":{"id":"usas-ND","state":"ND","totalAmount":113224,"awardCount":1,"vendorCount":1,"topVendor":"Motorola Solutions","vendors":[{"name":"Motorola Solutions","amount":113224,"count":1}],"awards":[{"vendor":"Motorola Solutions","awardId":"HSBP1014J00713","recipient":"MOTOROLA SOLUTIONS, INC.","amount":113224,"agency":"Department of Homeland Security","subAgency":"U.S. Customs and Border Protection","startDate":"2014-09-26","endDate":"2014-12-01","description":"MULTI-BAND HANDHELD RADIOS","awardType":"DELIVERY ORDER","url":"https://www.usaspending.gov/award/CONT_AWD_HSBP1014J00713_7014_HSSS0112D0002_7009"}]},"geometry":{"type":"Point","coordinates":[-99.784,47.528]}},{"type":"Feature","properties":{"id":"usas-SC","state":"SC","totalAmount":109545,"awardCount":1,"vendorCount":1,"topVendor":"Motorola Solutions","vendors":[{"name":"Motorola Solutions","amount":109545,"count":1}],"awards":[{"vendor":"Motorola Solutions","awardId":"15DDHQ19P00000004","recipient":"MOTOROLA SOLUTIONS, INC.","amount":109545,"agency":"Department of Justice","subAgency":"Drug Enforcement Administration","startDate":"2018-10-01","endDate":"2019-09-30","description":"USER AGREEMENT BETWEEN MOTOROLA AND DEA. ACCESS TO THE WIDE-AREA 800MHZ RADIO SYSTEM","awardType":"PURCHASE ORDER","url":"https://www.usaspending.gov/award/CONT_AWD_15DDHQ19P00000004_1524_-NONE-_-NONE-"}]},"geometry":{"type":"Point","coordinates":[-80.945,33.856]}},{"type":"Feature","properties":{"id":"usas-LA","state":"LA","totalAmount":75818,"awardCount":3,"vendorCount":1,"topVendor":"Cellebrite","vendors":[{"name":"Cellebrite","amount":75818,"count":3}],"awards":[{"vendor":"Cellebrite","awardId":"HSBP1016P00707","recipient":"CELLEBRITE INC","amount":49000,"agency":"Department of Homeland Security","subAgency":"U.S. Customs and Border Protection","startDate":"2016-09-15","endDate":"2016-09-30","description":"IGF::OT::IGF UFED SYSTEM","awardType":"PURCHASE ORDER","url":"https://www.usaspending.gov/award/CONT_AWD_HSBP1016P00707_7014_-NONE-_-NONE-"},{"vendor":"Cellebrite","awardId":"DJF153530P0004712","recipient":"CELLEBRITE INC","amount":17433,"agency":"Department of Justice","subAgency":"Federal Bureau of Investigation","startDate":"2015-03-18","endDate":"2015-04-18","description":"UFED TOUCH RUGGED ULIMATE","awardType":"PO","url":"https://www.usaspending.gov/award/CONT_AWD_DJF153530P0004712_1549_-NONE-_-NONE-"},{"vendor":"Cellebrite","awardId":"70Z02919P8PL15200","recipient":"CELLEBRITE INC","amount":9385,"agency":"Department of Homeland Security","subAgency":"U.S. Coast Guard","startDate":"2019-06-26","endDate":"2019-07-26","description":"PRI#3, DOMEX CELLEBRITE,  POC:BRYAN LUTZ (504)-671-2050, BRYAN.R.LUTZ@USCG.MIL","awardType":"PURCHASE ORDER","url":"https://www.usaspending.gov/award/CONT_AWD_70Z02919P8PL15200_7008_-NONE-_-NONE-"}]},"geometry":{"type":"Point","coordinates":[-91.867,31.169]}},{"type":"Feature","properties":{"id":"usas-OH","state":"OH","totalAmount":55485,"awardCount":3,"vendorCount":2,"topVendor":"Magnet Forensics","vendors":[{"name":"Magnet Forensics","amount":36000,"count":2},{"name":"Cellebrite","amount":19485,"count":1}],"awards":[{"vendor":"Cellebrite","awardId":"70Z08419PV4210600","recipient":"CELLEBRITE INC","amount":19485,"agency":"Department of Homeland Security","subAgency":"U.S. Coast Guard","startDate":"2019-08-01","endDate":"2019-09-02","description":"***CELLEBRITE FORENSICS UFED DEVICE&COURSES***","awardType":"PURCHASE ORDER","url":"https://www.usaspending.gov/award/CONT_AWD_70Z08419PV4210600_7008_-NONE-_-NONE-"},{"vendor":"Magnet Forensics","awardId":"70CMSD21P00000140","recipient":"MAGNET FORENSICS USA INC","amount":18000,"agency":"Department of Homeland Security","subAgency":"U.S. Immigration and Customs Enforcement","startDate":"2021-09-09","endDate":"2022-11-30","description":"SOFTWARE LICENSE RENEWAL","awardType":"PURCHASE ORDER","url":"https://www.usaspending.gov/award/CONT_AWD_70CMSD21P00000140_7012_-NONE-_-NONE-"},{"vendor":"Magnet Forensics","awardId":"70CMSD20P00000180","recipient":"MAGNET FORENSICS USA INC","amount":18000,"agency":"Department of Homeland Security","subAgency":"U.S. Immigration and Customs Enforcement","startDate":"2020-09-18","endDate":"2021-09-29","description":"SOFTWARE LICENSE RENEWAL","awardType":"PURCHASE ORDER","url":"https://www.usaspending.gov/award/CONT_AWD_70CMSD20P00000180_7012_-NONE-_-NONE-"}]},"geometry":{"type":"Point","coordinates":[-82.764,40.388]}},{"type":"Feature","properties":{"id":"usas-NH","state":"NH","totalAmount":54595,"awardCount":4,"vendorCount":3,"topVendor":"Magnet Forensics","vendors":[{"name":"Magnet Forensics","amount":22815,"count":2},{"name":"Cellebrite","amount":20785,"count":1},{"name":"Grayshift","amount":10995,"count":1}],"awards":[{"vendor":"Cellebrite","awardId":"DJD16BOP0088","recipient":"CELLEBRITE INC","amount":20785,"agency":"Department of Justice","subAgency":"Drug Enforcement Administration","startDate":"2016-08-10","endDate":"2016-11-01","description":"CELLEBRITE DEVICE FOR PORTSMOUTH TDS-IGF::OT::IGF.","awardType":"PURCHASE ORDER","url":"https://www.usaspending.gov/award/CONT_AWD_DJD16BOP0088_1524_-NONE-_-NONE-"},{"vendor":"Magnet Forensics","awardId":"15DDB024P00000084","recipient":"MAGNET FORENSICS, LLC","amount":11820,"agency":"Department of Justice","subAgency":"Drug Enforcement Administration","startDate":"2024-09-20","endDate":"2025-09-19","description":"TITLE: MAGNET FORSENSICS - GRAYKEY LICENSE REQUESTOR: JEAN  DROUIN ITJA#: ITJA0015690 POP DATES: 09/20/2024 TO 09/19/2025 DELIVERY DATE: 09/19/2024","awardType":"PURCHASE ORDER","url":"https://www.usaspending.gov/award/CONT_AWD_15DDB024P00000084_1524_-NONE-_-NONE-"},{"vendor":"Magnet Forensics","awardId":"15DDB023P00000091","recipient":"MAGNET FORENSICS, LLC","amount":10995,"agency":"Department of Justice","subAgency":"Drug Enforcement Administration","startDate":"2023-08-25","endDate":"2024-08-24","description":"GRAYKEY LICENSE - ESSENTIAL GRAYKEY OPERATOR CERTIFICATE VOUCHER AND SHIPPING/HANDLING/GRAYSHIFT LLC","awardType":"PURCHASE ORDER","url":"https://www.usaspending.gov/award/CONT_AWD_15DDB023P00000091_1524_-NONE-_-NONE-"},{"vendor":"Grayshift","awardId":"15DDB023P00000091","recipient":"MAGNET FORENSICS, LLC","amount":10995,"agency":"Department of Justice","subAgency":"Drug Enforcement Administration","startDate":"2023-08-25","endDate":"2024-08-24","description":"GRAYKEY LICENSE - ESSENTIAL GRAYKEY OPERATOR CERTIFICATE VOUCHER AND SHIPPING/HANDLING/GRAYSHIFT LLC","awardType":"PURCHASE ORDER","url":"https://www.usaspending.gov/award/CONT_AWD_15DDB023P00000091_1524_-NONE-_-NONE-"}]},"geometry":{"type":"Point","coordinates":[-71.563,43.452]}},{"type":"Feature","properties":{"id":"usas-NC","state":"NC","totalAmount":22585,"awardCount":1,"vendorCount":1,"topVendor":"Axon Enterprise","vendors":[{"name":"Axon Enterprise","amount":22585,"count":1}],"awards":[{"vendor":"Axon Enterprise","awardId":"15M10224PA4700256","recipient":"AXON ENTERPRISE, INC.","amount":22585,"agency":"Department of Justice","subAgency":"U.S. Marshals Service","startDate":"2024-09-02","endDate":"2025-09-01","description":"FY24 IOD-CRFTF AXON AIR SKY-HERO SIGYN GROUND ROBOT KITS CF: APC-FY24-000319","awardType":"PURCHASE ORDER","url":"https://www.usaspending.gov/award/CONT_AWD_15M10224PA4700256_1544_-NONE-_-NONE-"}]},"geometry":{"type":"Point","coordinates":[-79.806,35.63]}},{"type":"Feature","properties":{"id":"usas-SD","state":"SD","totalAmount":21990,"awardCount":2,"vendorCount":2,"topVendor":"Magnet Forensics","vendors":[{"name":"Magnet Forensics","amount":10995,"count":1},{"name":"Grayshift","amount":10995,"count":1}],"awards":[{"vendor":"Magnet Forensics","awardId":"15DD0N23P00000034","recipient":"MAGNET FORENSICS, LLC","amount":10995,"agency":"Department of Justice","subAgency":"Drug Enforcement Administration","startDate":"2023-09-27","endDate":"2024-09-26","description":"GRAYKEY RENEWAL LICENSE","awardType":"PURCHASE ORDER","url":"https://www.usaspending.gov/award/CONT_AWD_15DD0N23P00000034_1524_-NONE-_-NONE-"},{"vendor":"Grayshift","awardId":"15DD0N23P00000034","recipient":"MAGNET FORENSICS, LLC","amount":10995,"agency":"Department of Justice","subAgency":"Drug Enforcement Administration","startDate":"2023-09-27","endDate":"2024-09-26","description":"GRAYKEY RENEWAL LICENSE","awardType":"PURCHASE ORDER","url":"https://www.usaspending.gov/award/CONT_AWD_15DD0N23P00000034_1524_-NONE-_-NONE-"}]},"geometry":{"type":"Point","coordinates":[-99.438,44.299]}},{"type":"Feature","properties":{"id":"usas-NV","state":"NV","totalAmount":11443,"awardCount":1,"vendorCount":1,"topVendor":"Cellebrite","vendors":[{"name":"Cellebrite","amount":11443,"count":1}],"awards":[{"vendor":"Cellebrite","awardId":"DJJ16WUSA480026","recipient":"CELLEBRITE FEDERAL SOLUTIONS, INC.","amount":11443,"agency":"Department of Justice","subAgency":"Offices, Boards and Divisions","startDate":"2016-05-16","endDate":"2016-09-23","description":"IGF::OT::IGF EXPERT WITNESS","awardType":"PURCHASE ORDER","url":"https://www.usaspending.gov/award/CONT_AWD_DJJ16WUSA480026_1501_-NONE-_-NONE-"}]},"geometry":{"type":"Point","coordinates":[-117.055,38.313]}},{"type":"Feature","properties":{"id":"usas-OK","state":"OK","totalAmount":10495,"awardCount":1,"vendorCount":1,"topVendor":"Cellebrite","vendors":[{"name":"Cellebrite","amount":10495,"count":1}],"awards":[{"vendor":"Cellebrite","awardId":"HSCEMD14J00047","recipient":"CELLEBRITE INC","amount":10495,"agency":"Department of Homeland Security","subAgency":"U.S. Immigration and Customs Enforcement","startDate":"2014-04-29","endDate":"2014-05-29","description":"COMMUNICATION UPGRADES/LICENSING","awardType":"DELIVERY ORDER","url":"https://www.usaspending.gov/award/CONT_AWD_HSCEMD14J00047_7012_HSCEMD13D00001_7012"}]},"geometry":{"type":"Point","coordinates":[-96.928,35.565]}},{"type":"Feature","properties":{"id":"usas-KS","state":"KS","totalAmount":3974,"awardCount":1,"vendorCount":1,"topVendor":"Magnet Forensics","vendors":[{"name":"Magnet Forensics","amount":3974,"count":1}],"awards":[{"vendor":"Magnet Forensics","awardId":"DJF133650P0000771","recipient":"MAGNET FORENSICS INC","amount":3974,"agency":"Department of Justice","subAgency":"Federal Bureau of Investigation","startDate":"2015-01-07","endDate":"2015-01-07","description":"SUPPLIES","awardType":"PO","url":"https://www.usaspending.gov/award/CONT_AWD_DJF133650P0000771_1549_-NONE-_-NONE-"}]},"geometry":{"type":"Point","coordinates":[-96.726,38.526]}},{"type":"Feature","properties":{"id":"usas-CT","state":"CT","totalAmount":2470,"awardCount":1,"vendorCount":1,"topVendor":"Axon Enterprise","vendors":[{"name":"Axon Enterprise","amount":2470,"count":1}],"awards":[{"vendor":"Axon Enterprise","awardId":"HSCG3207PE46000","recipient":"AXON ENTERPRISE, INC.","amount":2470,"agency":"Department of Homeland Security","subAgency":"U.S. Coast Guard","startDate":"2006-11-20","endDate":"2006-11-22","description":"BUTTACAVOLI, SANTOS TASER UNITS","awardType":"PURCHASE ORDER","url":"https://www.usaspending.gov/award/CONT_AWD_HSCG3207PE46000_7008_-NONE-_-NONE-"}]},"geometry":{"type":"Point","coordinates":[-72.755,41.597]}}]}