{"type":"FeatureCollection","generatedAt":"2026-09-30T11:26:17.403Z","attribution":"Data from Wikidata (CC0) — https://www.wikidata.org/wiki/Wikidata:Licensing","license":"CC0 1.0","sourceName":"Wikidata (SPARQL / WDQS)","sourceUrl":"https://query.wikidata.org/","note":"Intelligence agencies (wd:Q47913) and law-enforcement agencies (wd:Q732717), incl. subclasses, with coordinates (P625).","features":[{"type":"Feature","properties":{"id":"wd-Q8333","name":"Federal Bureau of Investigation","kind":"intelligence","country":"United States","wikidata":"http://www.wikidata.org/entity/Q8333"},"geometry":{"type":"Point","coordinates":[-77.025,38.895277777]}},{"type":"Feature","properties":{"id":"wd-Q121194","name":"National Security Agency","kind":"intelligence","country":"United States","wikidata":"http://www.wikidata.org/entity/Q121194"},"geometry":{"type":"Point","coordinates":[-76.77139,39.10889]}},{"type":"Feature","properties":{"id":"wd-Q153559","name":"SD-Hauptamt","kind":"intelligence","country":"Nazi Germany","wikidata":"http://www.wikidata.org/entity/Q153559"},"geometry":{"type":"Point","coordinates":[13.38377778,52.50663889]}},{"type":"Feature","properties":{"id":"wd-Q220798","name":"Government Communications Headquarters","kind":"intelligence","country":"United Kingdom","wikidata":"http://www.wikidata.org/entity/Q220798"},"geometry":{"type":"Point","coordinates":[-2.123555,51.899367]}},{"type":"Feature","properties":{"id":"wd-Q382463","name":"Government Communications Security Bureau","kind":"intelligence","country":"New Zealand","wikidata":"http://www.wikidata.org/entity/Q382463"},"geometry":{"type":"Point","coordinates":[174.780758,-41.275693]}},{"type":"Feature","properties":{"id":"wd-Q427818","name":"National Reconnaissance Office","kind":"intelligence","country":"United States","wikidata":"http://www.wikidata.org/entity/Q427818"},"geometry":{"type":"Point","coordinates":[-77.450277777,38.881944444]}},{"type":"Feature","properties":{"id":"wd-Q431120","name":"Office of Intelligence and Counterintelligence","kind":"intelligence","country":"United States","wikidata":"http://www.wikidata.org/entity/Q431120"},"geometry":{"type":"Point","coordinates":[-77.025598,38.887018]}},{"type":"Feature","properties":{"id":"wd-Q622899","name":"Drug Enforcement Administration","kind":"intelligence","country":"United States","wikidata":"http://www.wikidata.org/entity/Q622899"},"geometry":{"type":"Point","coordinates":[-77.051667,38.842222]}},{"type":"Feature","properties":{"id":"wd-Q665682","name":"State Intelligence Services","kind":"intelligence","country":"The Gambia","wikidata":"http://www.wikidata.org/entity/Q665682"},"geometry":{"type":"Point","coordinates":[-16.58107786,13.461135]}},{"type":"Feature","properties":{"id":"wd-Q687114","name":"Direction générale de la surveillance du territoire","kind":"intelligence","country":"Morocco","wikidata":"http://www.wikidata.org/entity/Q687114"},"geometry":{"type":"Point","coordinates":[-6.863535,33.935027]}},{"type":"Feature","properties":{"id":"wd-Q773865","name":"General Intelligence Directorate","kind":"intelligence","country":"Jordan","wikidata":"http://www.wikidata.org/entity/Q773865"},"geometry":{"type":"Point","coordinates":[35.826545,31.969164]}},{"type":"Feature","properties":{"id":"wd-Q863254","name":"Foreign Intelligence Service","kind":"intelligence","country":"Russia","wikidata":"http://www.wikidata.org/entity/Q863254"},"geometry":{"type":"Point","coordinates":[37.5181,55.5847]}},{"type":"Feature","properties":{"id":"wd-Q1097071","name":"Information Office Hungary","kind":"intelligence","country":"Hungary","wikidata":"http://www.wikidata.org/entity/Q1097071"},"geometry":{"type":"Point","coordinates":[18.958696,47.526956]}},{"type":"Feature","properties":{"id":"wd-Q1112557","name":"Internal Security Department","kind":"intelligence","country":"Singapore","wikidata":"http://www.wikidata.org/entity/Q1112557"},"geometry":{"type":"Point","coordinates":[103.844166666,1.323611111]}},{"type":"Feature","properties":{"id":"wd-Q1164304","name":"Iraqi Intelligence Service","kind":"intelligence","country":"Iraq","wikidata":"http://www.wikidata.org/entity/Q1164304"},"geometry":{"type":"Point","coordinates":[44.359075,33.309651]}},{"type":"Feature","properties":{"id":"wd-Q1296491","name":"National Geospatial-Intelligence Agency","kind":"intelligence","country":"United States","wikidata":"http://www.wikidata.org/entity/Q1296491"},"geometry":{"type":"Point","coordinates":[-77.19703,38.753338]}},{"type":"Feature","properties":{"id":"wd-Q1426649","name":"Serviciul Român de Informații.","kind":"intelligence","country":"Romania","wikidata":"http://www.wikidata.org/entity/Q1426649"},"geometry":{"type":"Point","coordinates":[26.0927,44.4269]}},{"type":"Feature","properties":{"id":"wd-Q1537850","name":"General Security Directorate","kind":"intelligence","country":"Syria","wikidata":"http://www.wikidata.org/entity/Q1537850"},"geometry":{"type":"Point","coordinates":[36.311666666,33.520277777]}},{"type":"Feature","properties":{"id":"wd-Q1628883","name":"Service de Documentation Extérieure et de Contre-Espionnage","kind":"intelligence","country":"France","wikidata":"http://www.wikidata.org/entity/Q1628883"},"geometry":{"type":"Point","coordinates":[2.40709,48.8745]}},{"type":"Feature","properties":{"id":"wd-Q1866011","name":"General Intelligence and Security Service","kind":"intelligence","country":"Netherlands","wikidata":"http://www.wikidata.org/entity/Q1866011"},"geometry":{"type":"Point","coordinates":[4.487842,52.062964]}},{"type":"Feature","properties":{"id":"wd-Q2333786","name":"Station IX","kind":"intelligence","country":"United Kingdom","wikidata":"http://www.wikidata.org/entity/Q2333786"},"geometry":{"type":"Point","coordinates":[-0.223333333,51.82]}},{"type":"Feature","properties":{"id":"wd-Q2619338","name":"Indonesian State Intelligence Agency","kind":"intelligence","country":"Indonesia","wikidata":"http://www.wikidata.org/entity/Q2619338"},"geometry":{"type":"Point","coordinates":[106.851,-6.269]}},{"type":"Feature","properties":{"id":"wd-Q2917372","name":"Direction générale des études et de la documentation","kind":"intelligence","country":"Morocco","wikidata":"http://www.wikidata.org/entity/Q2917372"},"geometry":{"type":"Point","coordinates":[-6.82305556,33.92194444]}},{"type":"Feature","properties":{"id":"wd-Q3029491","name":"DPSD","kind":"intelligence","country":"France","wikidata":"http://www.wikidata.org/entity/Q3029491"},"geometry":{"type":"Point","coordinates":[2.407,48.8744]}},{"type":"Feature","properties":{"id":"wd-Q3442610","name":"Slovenian Intelligence and Security Agency","kind":"intelligence","country":"Slovenia","wikidata":"http://www.wikidata.org/entity/Q3442610"},"geometry":{"type":"Point","coordinates":[14.5057515,46.0569465]}},{"type":"Feature","properties":{"id":"wd-Q5351778","name":"El Paso Intelligence Center","kind":"intelligence","country":"United States","wikidata":"http://www.wikidata.org/entity/Q5351778"},"geometry":{"type":"Point","coordinates":[-106.3743,31.8302]}},{"type":"Feature","properties":{"id":"wd-Q5434471","name":"Far' Falastin","kind":"intelligence","country":"","wikidata":"http://www.wikidata.org/entity/Q5434471"},"geometry":{"type":"Point","coordinates":[36.31988,33.49147]}},{"type":"Feature","properties":{"id":"wd-Q7251339","name":"Protection and Guard Service","kind":"intelligence","country":"Romania","wikidata":"http://www.wikidata.org/entity/Q7251339"},"geometry":{"type":"Point","coordinates":[26.057361532,44.431449659]}},{"type":"Feature","properties":{"id":"wd-Q43250","name":"Gestapo","kind":"law-enforcement","country":"Nazi Germany","wikidata":"http://www.wikidata.org/entity/Q43250"},"geometry":{"type":"Point","coordinates":[13.3825,52.507222]}},{"type":"Feature","properties":{"id":"wd-Q58792","name":"Federal Security Service","kind":"intelligence","country":"Russia","wikidata":"http://www.wikidata.org/entity/Q58792"},"geometry":{"type":"Point","coordinates":[37.625833333,55.761111111]}},{"type":"Feature","properties":{"id":"wd-Q392916","name":"Agenzia Informazioni e Sicurezza Interna","kind":"intelligence","country":"Italy","wikidata":"http://www.wikidata.org/entity/Q392916"},"geometry":{"type":"Point","coordinates":[12.494094,41.894857]}},{"type":"Feature","properties":{"id":"wd-Q479948","name":"Carlingue","kind":"intelligence","country":"France","wikidata":"http://www.wikidata.org/entity/Q479948"},"geometry":{"type":"Point","coordinates":[2.288144444,48.867344444]}},{"type":"Feature","properties":{"id":"wd-Q1105630","name":"Q1105630","kind":"intelligence","country":"Hungary","wikidata":"http://www.wikidata.org/entity/Q1105630"},"geometry":{"type":"Point","coordinates":[19.026916666,47.485555555]}},{"type":"Feature","properties":{"id":"wd-Q1105634","name":"Military National Security Service","kind":"intelligence","country":"Hungary","wikidata":"http://www.wikidata.org/entity/Q1105634"},"geometry":{"type":"Point","coordinates":[18.944243,47.52728]}},{"type":"Feature","properties":{"id":"wd-Q1190182","name":"Departamento Administrativo de Seguridad","kind":"intelligence","country":"Colombia","wikidata":"http://www.wikidata.org/entity/Q1190182"},"geometry":{"type":"Point","coordinates":[-74.0873,4.615]}},{"type":"Feature","properties":{"id":"wd-Q3799334","name":"Directorate of Military Intelligence","kind":"intelligence","country":"Ireland","wikidata":"http://www.wikidata.org/entity/Q3799334"},"geometry":{"type":"Point","coordinates":[-6.81114,53.1869]}},{"type":"Feature","properties":{"id":"wd-Q4132864","name":"Taiwan Garrison Command","kind":"intelligence","country":"Republic of China","wikidata":"http://www.wikidata.org/entity/Q4132864"},"geometry":{"type":"Point","coordinates":[121.510838544,25.037363964]}},{"type":"Feature","properties":{"id":"wd-Q134966074","name":"Gestapo of Rue de la Pompe","kind":"intelligence","country":"France","wikidata":"http://www.wikidata.org/entity/Q134966074"},"geometry":{"type":"Point","coordinates":[2.279067516,48.865333557]}},{"type":"Feature","properties":{"id":"wd-Q7455876","name":"Serviciul de Telecomunicații Speciale","kind":"intelligence","country":"Romania","wikidata":"http://www.wikidata.org/entity/Q7455876"},"geometry":{"type":"Point","coordinates":[26.039186349,44.444286423]}},{"type":"Feature","properties":{"id":"wd-Q7603530","name":"State Security Agency","kind":"intelligence","country":"South Africa","wikidata":"http://www.wikidata.org/entity/Q7603530"},"geometry":{"type":"Point","coordinates":[28.30666667,-25.85055556]}},{"type":"Feature","properties":{"id":"wd-Q10940125","name":"Tianjin State Security Bureau","kind":"intelligence","country":"People's Republic of China","wikidata":"http://www.wikidata.org/entity/Q10940125"},"geometry":{"type":"Point","coordinates":[117.21359,39.06513]}},{"type":"Feature","properties":{"id":"wd-Q12206318","name":"General Intelligence Service","kind":"intelligence","country":"Sudan","wikidata":"http://www.wikidata.org/entity/Q12206318"},"geometry":{"type":"Point","coordinates":[32.541531042,15.597452183]}},{"type":"Feature","properties":{"id":"wd-Q15108894","name":"Consolidated Intelligence Center","kind":"intelligence","country":"Germany","wikidata":"http://www.wikidata.org/entity/Q15108894"},"geometry":{"type":"Point","coordinates":[8.32777778,50.04277778]}},{"type":"Feature","properties":{"id":"wd-Q16520017","name":"Vojenské spravodajstvo","kind":"intelligence","country":"Slovakia","wikidata":"http://www.wikidata.org/entity/Q16520017"},"geometry":{"type":"Point","coordinates":[17.130352,48.165457]}},{"type":"Feature","properties":{"id":"wd-Q20012936","name":"Federal Intelligence Agency","kind":"intelligence","country":"Argentina","wikidata":"http://www.wikidata.org/entity/Q20012936"},"geometry":{"type":"Point","coordinates":[-58.3706,-34.607]}},{"type":"Feature","properties":{"id":"wd-Q31360590","name":"Intelligence Agency of North Macedonia","kind":"intelligence","country":"North Macedonia","wikidata":"http://www.wikidata.org/entity/Q31360590"},"geometry":{"type":"Point","coordinates":[21.436662,41.987958]}},{"type":"Feature","properties":{"id":"wd-Q61313294","name":"Jiangsu State Security Department","kind":"intelligence","country":"People's Republic of China","wikidata":"http://www.wikidata.org/entity/Q61313294"},"geometry":{"type":"Point","coordinates":[118.76139,32.05944]}},{"type":"Feature","properties":{"id":"wd-Q9362215","name":"Third Section of His Imperial Majesty's Own Chancellery","kind":"intelligence","country":"Russian Empire","wikidata":"http://www.wikidata.org/entity/Q9362215"},"geometry":{"type":"Point","coordinates":[30.3431,59.9366]}},{"type":"Feature","properties":{"id":"wd-Q109313036","name":"National Intelligence Security Service","kind":"intelligence","country":"Ethiopia","wikidata":"http://www.wikidata.org/entity/Q109313036"},"geometry":{"type":"Point","coordinates":[38.762222222,9.018333333]}},{"type":"Feature","properties":{"id":"wd-Q109343982","name":"Hubei State Security Department","kind":"intelligence","country":"People's Republic of China","wikidata":"http://www.wikidata.org/entity/Q109343982"},"geometry":{"type":"Point","coordinates":[114.33385,30.51755]}},{"type":"Feature","properties":{"id":"wd-Q111903392","name":"Syrian General Intelligence Branch 251","kind":"intelligence","country":"Syria","wikidata":"http://www.wikidata.org/entity/Q111903392"},"geometry":{"type":"Point","coordinates":[36.3119,33.52054]}},{"type":"Feature","properties":{"id":"wd-Q127162817","name":"KGB Headquarters Karlshorst","kind":"intelligence","country":"Germany","wikidata":"http://www.wikidata.org/entity/Q127162817"},"geometry":{"type":"Point","coordinates":[13.540221944,52.487641111]}},{"type":"Feature","properties":{"id":"wd-Q140598198","name":"National Intelligence Bureau","kind":"intelligence","country":"Japan","wikidata":"http://www.wikidata.org/entity/Q140598198"},"geometry":{"type":"Point","coordinates":[139.745277777,35.6725]}},{"type":"Feature","properties":{"id":"wd-Q115782","name":"GRU","kind":"intelligence","country":"Russia","wikidata":"http://www.wikidata.org/entity/Q115782"},"geometry":{"type":"Point","coordinates":[37.524722222,55.7825]}},{"type":"Feature","properties":{"id":"wd-Q334481","name":"Military Intelligence Division (Syria)","kind":"intelligence","country":"Syria","wikidata":"http://www.wikidata.org/entity/Q334481"},"geometry":{"type":"Point","coordinates":[36.278611111,33.514166666]}},{"type":"Feature","properties":{"id":"wd-Q335827","name":"Directorate-General for External Security","kind":"intelligence","country":"France","wikidata":"http://www.wikidata.org/entity/Q335827"},"geometry":{"type":"Point","coordinates":[2.406722222,48.874388888]}},{"type":"Feature","properties":{"id":"wd-Q390342","name":"Serviciul de Informații Externe","kind":"intelligence","country":"Romania","wikidata":"http://www.wikidata.org/entity/Q390342"},"geometry":{"type":"Point","coordinates":[26.074513308,44.529311855]}},{"type":"Feature","properties":{"id":"wd-Q652871","name":"Constitution Protection Office","kind":"intelligence","country":"Hungary","wikidata":"http://www.wikidata.org/entity/Q652871"},"geometry":{"type":"Point","coordinates":[19.044659,47.466494]}},{"type":"Feature","properties":{"id":"wd-Q1054300","name":"Centro Intelligence Interforze","kind":"intelligence","country":"Italy","wikidata":"http://www.wikidata.org/entity/Q1054300"},"geometry":{"type":"Point","coordinates":[12.29158056,41.83939167]}},{"type":"Feature","properties":{"id":"wd-Q1216605","name":"Q1216605","kind":"intelligence","country":"Hungary","wikidata":"http://www.wikidata.org/entity/Q1216605"},"geometry":{"type":"Point","coordinates":[19.015943,47.522104]}},{"type":"Feature","properties":{"id":"wd-Q1384450","name":"Q1384450","kind":"intelligence","country":"Germany","wikidata":"http://www.wikidata.org/entity/Q1384450"},"geometry":{"type":"Point","coordinates":[13.5531,52.4492]}},{"type":"Feature","properties":{"id":"wd-Q1967781","name":"Office of Naval Intelligence","kind":"intelligence","country":"United States","wikidata":"http://www.wikidata.org/entity/Q1967781"},"geometry":{"type":"Point","coordinates":[-76.9317,38.8511]}},{"type":"Feature","properties":{"id":"wd-Q2497240","name":"Chief Directorate of Intelligence of the Ministry of Defence of Ukraine","kind":"intelligence","country":"Ukraine","wikidata":"http://www.wikidata.org/entity/Q2497240"},"geometry":{"type":"Point","coordinates":[30.52892,50.471432]}},{"type":"Feature","properties":{"id":"wd-Q12287922","name":"National Security Service","kind":"intelligence","country":"Bulgaria","wikidata":"http://www.wikidata.org/entity/Q12287922"},"geometry":{"type":"Point","coordinates":[23.319227,42.663512]}},{"type":"Feature","properties":{"id":"wd-Q60785353","name":"Border and Migration Police","kind":"law-enforcement","country":"Albania","wikidata":"http://www.wikidata.org/entity/Q60785353"},"geometry":{"type":"Point","coordinates":[19.79488,41.33934]}},{"type":"Feature","properties":{"id":"wd-Q61941046","name":"Mexican National Guard","kind":"law-enforcement","country":"Mexico","wikidata":"http://www.wikidata.org/entity/Q61941046"},"geometry":{"type":"Point","coordinates":[-99.2096,19.4484]}},{"type":"Feature","properties":{"id":"wd-Q63285038","name":"Malian National Gendarmerie","kind":"law-enforcement","country":"Mali","wikidata":"http://www.wikidata.org/entity/Q63285038"},"geometry":{"type":"Point","coordinates":[-7.93964,12.57778]}},{"type":"Feature","properties":{"id":"wd-Q65122473","name":"Clint Border Patrol Station","kind":"law-enforcement","country":"United States","wikidata":"http://www.wikidata.org/entity/Q65122473"},"geometry":{"type":"Point","coordinates":[-106.22825,31.58118]}},{"type":"Feature","properties":{"id":"wd-Q96839130","name":"Internal Troops of Belarus","kind":"law-enforcement","country":"Belarus","wikidata":"http://www.wikidata.org/entity/Q96839130"},"geometry":{"type":"Point","coordinates":[27.571111111,53.867777777]}},{"type":"Feature","properties":{"id":"wd-Q110096567","name":"Gendarmerie of Senegal","kind":"law-enforcement","country":"Senegal","wikidata":"http://www.wikidata.org/entity/Q110096567"},"geometry":{"type":"Point","coordinates":[-17.44747,14.676661]}},{"type":"Feature","properties":{"id":"wd-Q131382271","name":"Toby jeneraly Randrianasoavina","kind":"law-enforcement","country":"Madagascar","wikidata":"http://www.wikidata.org/entity/Q131382271"},"geometry":{"type":"Point","coordinates":[49.298125,-12.291018]}},{"type":"Feature","properties":{"id":"wd-Q335175","name":"Royal Canadian Mounted Police","kind":"law-enforcement","country":"Canada","wikidata":"http://www.wikidata.org/entity/Q335175"},"geometry":{"type":"Point","coordinates":[-75.66,45.42]}},{"type":"Feature","properties":{"id":"wd-Q993079","name":"European Gendarmerie Force","kind":"law-enforcement","country":"Kingdom of the Netherlands","wikidata":"http://www.wikidata.org/entity/Q993079"},"geometry":{"type":"Point","coordinates":[11.55,45.55]}},{"type":"Feature","properties":{"id":"wd-Q1280906","name":"National Republican Guard","kind":"law-enforcement","country":"Portugal","wikidata":"http://www.wikidata.org/entity/Q1280906"},"geometry":{"type":"Point","coordinates":[-9.140485,38.712597]}},{"type":"Feature","properties":{"id":"wd-Q3100401","name":"National Gendarmerie","kind":"law-enforcement","country":"Burkina Faso","wikidata":"http://www.wikidata.org/entity/Q3100401"},"geometry":{"type":"Point","coordinates":[-1.53,12.37]}},{"type":"Feature","properties":{"id":"wd-Q6972953","name":"Mauritanian National Guard","kind":"law-enforcement","country":"Mauritania","wikidata":"http://www.wikidata.org/entity/Q6972953"},"geometry":{"type":"Point","coordinates":[-15.97527778,18.08055556]}},{"type":"Feature","properties":{"id":"wd-Q18379477","name":"National Guard of Niger","kind":"law-enforcement","country":"Niger","wikidata":"http://www.wikidata.org/entity/Q18379477"},"geometry":{"type":"Point","coordinates":[2.085533553,13.525697538]}},{"type":"Feature","properties":{"id":"wd-Q23764150","name":"National Guard of Russia","kind":"law-enforcement","country":"Russia","wikidata":"http://www.wikidata.org/entity/Q23764150"},"geometry":{"type":"Point","coordinates":[37.697298,55.759263]}},{"type":"Feature","properties":{"id":"wd-Q56025","name":"Federal Constitutional Court","kind":"law-enforcement","country":"Germany","wikidata":"http://www.wikidata.org/entity/Q56025"},"geometry":{"type":"Point","coordinates":[8.401518847,49.012858812]}},{"type":"Feature","properties":{"id":"wd-Q138324","name":"Portuguese Constitutional Court","kind":"law-enforcement","country":"Portugal","wikidata":"http://www.wikidata.org/entity/Q138324"},"geometry":{"type":"Point","coordinates":[-9.147828055,38.714041944]}},{"type":"Feature","properties":{"id":"wd-Q252742","name":"Constitutional Court of Belarus","kind":"law-enforcement","country":"Belarus","wikidata":"http://www.wikidata.org/entity/Q252742"},"geometry":{"type":"Point","coordinates":[27.56614,53.90031]}},{"type":"Feature","properties":{"id":"wd-Q488491","name":"Constitutional Court of Korea","kind":"law-enforcement","country":"South Korea","wikidata":"http://www.wikidata.org/entity/Q488491"},"geometry":{"type":"Point","coordinates":[126.984722222,37.578055555]}},{"type":"Feature","properties":{"id":"wd-Q584759","name":"Constitutional Court of Russia","kind":"law-enforcement","country":"Russia","wikidata":"http://www.wikidata.org/entity/Q584759"},"geometry":{"type":"Point","coordinates":[30.301388888,59.935277777]}},{"type":"Feature","properties":{"id":"wd-Q593273","name":"Constitutional Court of Thailand","kind":"law-enforcement","country":"Thailand","wikidata":"http://www.wikidata.org/entity/Q593273"},"geometry":{"type":"Point","coordinates":[100.565,13.889444444]}},{"type":"Feature","properties":{"id":"wd-Q873868","name":"Constitutional Court of Austria","kind":"law-enforcement","country":"Austria","wikidata":"http://www.wikidata.org/entity/Q873868"},"geometry":{"type":"Point","coordinates":[16.366,48.2115]}},{"type":"Feature","properties":{"id":"wd-Q923292","name":"Constitutional Court of Hungary","kind":"law-enforcement","country":"Hungary","wikidata":"http://www.wikidata.org/entity/Q923292"},"geometry":{"type":"Point","coordinates":[19.0365,47.5037]}},{"type":"Feature","properties":{"id":"wd-Q925182","name":"Q925182","kind":"law-enforcement","country":"Ethiopia","wikidata":"http://www.wikidata.org/entity/Q925182"},"geometry":{"type":"Point","coordinates":[38.74,9.03]}},{"type":"Feature","properties":{"id":"wd-Q981005","name":"Constitutional Court of Italy","kind":"law-enforcement","country":"Italy","wikidata":"http://www.wikidata.org/entity/Q981005"},"geometry":{"type":"Point","coordinates":[12.48729956,41.899187803]}},{"type":"Feature","properties":{"id":"wd-Q1127180","name":"Constitutional Council (Lebanon)","kind":"law-enforcement","country":"Lebanon","wikidata":"http://www.wikidata.org/entity/Q1127180"},"geometry":{"type":"Point","coordinates":[35.5287,33.8415]}},{"type":"Feature","properties":{"id":"wd-Q1127218","name":"Constitutional Council of France","kind":"law-enforcement","country":"France","wikidata":"http://www.wikidata.org/entity/Q1127218"},"geometry":{"type":"Point","coordinates":[2.336944444,48.863333333]}},{"type":"Feature","properties":{"id":"wd-Q1128501","name":"Constitutional Court of the Czech Republic","kind":"law-enforcement","country":"Czech Republic","wikidata":"http://www.wikidata.org/entity/Q1128501"},"geometry":{"type":"Point","coordinates":[16.6044039,49.1977641]}},{"type":"Feature","properties":{"id":"wd-Q1133886","name":"Constitutional Court of South Africa","kind":"law-enforcement","country":"South Africa","wikidata":"http://www.wikidata.org/entity/Q1133886"},"geometry":{"type":"Point","coordinates":[28.043333333,-26.188611111]}},{"type":"Feature","properties":{"id":"wd-Q1247841","name":"Constitutional Court of Baden-Württemberg","kind":"law-enforcement","country":"Germany","wikidata":"http://www.wikidata.org/entity/Q1247841"},"geometry":{"type":"Point","coordinates":[9.18732,48.777]}},{"type":"Feature","properties":{"id":"wd-Q1349315","name":"Constitutional Court of Albania","kind":"law-enforcement","country":"Albania","wikidata":"http://www.wikidata.org/entity/Q1349315"},"geometry":{"type":"Point","coordinates":[19.81979,41.321915]}},{"type":"Feature","properties":{"id":"wd-Q1365190","name":"Constitutional Court of the Free State of Saxony","kind":"law-enforcement","country":"Germany","wikidata":"http://www.wikidata.org/entity/Q1365190"},"geometry":{"type":"Point","coordinates":[12.3715,51.3335]}},{"type":"Feature","properties":{"id":"wd-Q1566394","name":"Constitutional Court of Spain","kind":"law-enforcement","country":"Spain","wikidata":"http://www.wikidata.org/entity/Q1566394"},"geometry":{"type":"Point","coordinates":[-3.7176,40.4415]}},{"type":"Feature","properties":{"id":"wd-Q1573233","name":"Hamburg Constitutional Court","kind":"law-enforcement","country":"Germany","wikidata":"http://www.wikidata.org/entity/Q1573233"},"geometry":{"type":"Point","coordinates":[9.97638889,53.55666667]}},{"type":"Feature","properties":{"id":"wd-Q1583191","name":"Constitutional Court of Croatia","kind":"law-enforcement","country":"Croatia","wikidata":"http://www.wikidata.org/entity/Q1583191"},"geometry":{"type":"Point","coordinates":[15.9736184,45.8167794]}},{"type":"Feature","properties":{"id":"wd-Q1585377","name":"Constitutional Court of Slovenia","kind":"law-enforcement","country":"Slovenia","wikidata":"http://www.wikidata.org/entity/Q1585377"},"geometry":{"type":"Point","coordinates":[14.501944444,46.051944444]}},{"type":"Feature","properties":{"id":"wd-Q1636999","name":"Constitutional Tribunal of the Republic of Poland","kind":"law-enforcement","country":"Poland","wikidata":"http://www.wikidata.org/entity/Q1636999"},"geometry":{"type":"Point","coordinates":[21.0236,52.2156]}},{"type":"Feature","properties":{"id":"wd-Q1680969","name":"Constitutional Court of Slovakia","kind":"law-enforcement","country":"Slovakia","wikidata":"http://www.wikidata.org/entity/Q1680969"},"geometry":{"type":"Point","coordinates":[21.254983,48.725922]}},{"type":"Feature","properties":{"id":"wd-Q1802707","name":"State Constitutional Court of Mecklenburg-Vorpommern","kind":"law-enforcement","country":"Germany","wikidata":"http://www.wikidata.org/entity/Q1802707"},"geometry":{"type":"Point","coordinates":[13.37179,54.09514]}},{"type":"Feature","properties":{"id":"wd-Q1802708","name":"State Constitutional Court of Saxony-Anhalt","kind":"law-enforcement","country":"Germany","wikidata":"http://www.wikidata.org/entity/Q1802708"},"geometry":{"type":"Point","coordinates":[12.2369,51.8331]}},{"type":"Feature","properties":{"id":"wd-Q1861343","name":"Constitutional Court of Bulgaria","kind":"law-enforcement","country":"Bulgaria","wikidata":"http://www.wikidata.org/entity/Q1861343"},"geometry":{"type":"Point","coordinates":[23.3231484,42.6979986]}},{"type":"Feature","properties":{"id":"wd-Q1988613","name":"Constitutional Court of Lower Saxony","kind":"law-enforcement","country":"Germany","wikidata":"http://www.wikidata.org/entity/Q1988613"},"geometry":{"type":"Point","coordinates":[9.04972,52.2578]}},{"type":"Feature","properties":{"id":"wd-Q2037815","name":"Constitutional Court of Turkey","kind":"law-enforcement","country":"Turkey","wikidata":"http://www.wikidata.org/entity/Q2037815"},"geometry":{"type":"Point","coordinates":[32.79,39.845]}},{"type":"Feature","properties":{"id":"wd-Q2156821","name":"Supreme Constitutional Court of Egypt","kind":"law-enforcement","country":"Egypt","wikidata":"http://www.wikidata.org/entity/Q2156821"},"geometry":{"type":"Point","coordinates":[31.239645481,29.968542465]}},{"type":"Feature","properties":{"id":"wd-Q2324951","name":"Constitutional Court of the Free Hanseatic City of Bremen","kind":"law-enforcement","country":"Germany","wikidata":"http://www.wikidata.org/entity/Q2324951"},"geometry":{"type":"Point","coordinates":[8.81272,53.0737]}},{"type":"Feature","properties":{"id":"wd-Q2324954","name":"Constitutional Court of the State of Hesse","kind":"law-enforcement","country":"Germany","wikidata":"http://www.wikidata.org/entity/Q2324954"},"geometry":{"type":"Point","coordinates":[8.2425,50.0794]}},{"type":"Feature","properties":{"id":"wd-Q2348239","name":"Constitutional Court of North Macedonia","kind":"law-enforcement","country":"North Macedonia","wikidata":"http://www.wikidata.org/entity/Q2348239"},"geometry":{"type":"Point","coordinates":[21.434647222,41.9967]}},{"type":"Feature","properties":{"id":"wd-Q2515451","name":"Constitutional Court of the State of Brandenburg","kind":"law-enforcement","country":"Germany","wikidata":"http://www.wikidata.org/entity/Q2515451"},"geometry":{"type":"Point","coordinates":[13.0554,52.4049]}},{"type":"Feature","properties":{"id":"wd-Q2515454","name":"Constitutional Court of Rhineland-Palatinate","kind":"law-enforcement","country":"Germany","wikidata":"http://www.wikidata.org/entity/Q2515454"},"geometry":{"type":"Point","coordinates":[7.59944,50.3578]}},{"type":"Feature","properties":{"id":"wd-Q2515457","name":"Constitutional Court of the Saarland","kind":"law-enforcement","country":"Germany","wikidata":"http://www.wikidata.org/entity/Q2515457"},"geometry":{"type":"Point","coordinates":[6.99815,49.2279]}},{"type":"Feature","properties":{"id":"wd-Q2515499","name":"Constitutional Council","kind":"law-enforcement","country":"Ivory Coast","wikidata":"http://www.wikidata.org/entity/Q2515499"},"geometry":{"type":"Point","coordinates":[-4.00905556,5.3275]}},{"type":"Feature","properties":{"id":"wd-Q2714836","name":"Constitutional Court of Ukraine","kind":"law-enforcement","country":"Ukraine","wikidata":"http://www.wikidata.org/entity/Q2714836"},"geometry":{"type":"Point","coordinates":[30.51416667,50.43416667]}},{"type":"Feature","properties":{"id":"wd-Q2842477","name":"Constitutional Court of Peru","kind":"law-enforcement","country":"Peru","wikidata":"http://www.wikidata.org/entity/Q2842477"},"geometry":{"type":"Point","coordinates":[-71.5410695,-16.391475111]}},{"type":"Feature","properties":{"id":"wd-Q3000931","name":"Constitutional Court of Benin","kind":"law-enforcement","country":"Benin","wikidata":"http://www.wikidata.org/entity/Q3000931"},"geometry":{"type":"Point","coordinates":[2.432607,6.353291]}},{"type":"Feature","properties":{"id":"wd-Q3000934","name":"Constitutional Court of Morocco","kind":"law-enforcement","country":"Morocco","wikidata":"http://www.wikidata.org/entity/Q3000934"},"geometry":{"type":"Point","coordinates":[-6.834511148,34.014191112]}},{"type":"Feature","properties":{"id":"wd-Q3000938","name":"Constitutional Court of the Democratic Republic of the Congo","kind":"law-enforcement","country":"Democratic Republic of the Congo","wikidata":"http://www.wikidata.org/entity/Q3000938"},"geometry":{"type":"Point","coordinates":[15.280833333,-4.311388888]}},{"type":"Feature","properties":{"id":"wd-Q3000949","name":"Constitutional Court of the Republic of Indonesia","kind":"law-enforcement","country":"Indonesia","wikidata":"http://www.wikidata.org/entity/Q3000949"},"geometry":{"type":"Point","coordinates":[106.822479168,-6.173324827]}},{"type":"Feature","properties":{"id":"wd-Q3129220","name":"Constitutional Court of Armenia","kind":"law-enforcement","country":"Armenia","wikidata":"http://www.wikidata.org/entity/Q3129220"},"geometry":{"type":"Point","coordinates":[44.51307,40.19047]}},{"type":"Feature","properties":{"id":"wd-Q5789528","name":"Constitutional Court of Guatemala","kind":"law-enforcement","country":"Guatemala","wikidata":"http://www.wikidata.org/entity/Q5789528"},"geometry":{"type":"Point","coordinates":[-90.50834677,14.638998709]}},{"type":"Feature","properties":{"id":"wd-Q6152344","name":"Constitutional Court of Chile","kind":"law-enforcement","country":"Chile","wikidata":"http://www.wikidata.org/entity/Q6152344"},"geometry":{"type":"Point","coordinates":[-70.654252903,-33.440002039]}},{"type":"Feature","properties":{"id":"wd-Q20106643","name":"Andorra. Tribunal Constitucional","kind":"law-enforcement","country":"Andorra","wikidata":"http://www.wikidata.org/entity/Q20106643"},"geometry":{"type":"Point","coordinates":[1.5206255,42.5067261]}},{"type":"Feature","properties":{"id":"wd-Q25462993","name":"Constitutional Council of Algeria","kind":"law-enforcement","country":"Algeria","wikidata":"http://www.wikidata.org/entity/Q25462993"},"geometry":{"type":"Point","coordinates":[3.019722222,36.765]}},{"type":"Feature","properties":{"id":"wd-Q26678493","name":"Constitutional Court of Sint Maarten","kind":"law-enforcement","country":"Sint Maarten","wikidata":"http://www.wikidata.org/entity/Q26678493"},"geometry":{"type":"Point","coordinates":[-63.04571,18.02381]}},{"type":"Feature","properties":{"id":"wd-Q31200019","name":"Constitutional Court of the Federation of Bosnia and Herzegovina","kind":"law-enforcement","country":"Bosnia and Herzegovina","wikidata":"http://www.wikidata.org/entity/Q31200019"},"geometry":{"type":"Point","coordinates":[18.412703173,43.856571053]}},{"type":"Feature","properties":{"id":"wd-Q1009333","name":"Bundeszollverwaltung","kind":"law-enforcement","country":"Germany","wikidata":"http://www.wikidata.org/entity/Q1009333"},"geometry":{"type":"Point","coordinates":[7.067906063,50.736248954]}},{"type":"Feature","properties":{"id":"wd-Q2884905","name":"Aduana Taylor","kind":"law-enforcement","country":"Argentina","wikidata":"http://www.wikidata.org/entity/Q2884905"},"geometry":{"type":"Point","coordinates":[-58.36952778,-34.60827778]}},{"type":"Feature","properties":{"id":"wd-Q3125423","name":"Habur Border Crossing","kind":"law-enforcement","country":"Turkey","wikidata":"http://www.wikidata.org/entity/Q3125423"},"geometry":{"type":"Point","coordinates":[42.566977,37.147749]}},{"type":"Feature","properties":{"id":"wd-Q3306020","name":"Australian Customs and Border Protection Service","kind":"law-enforcement","country":"Australia","wikidata":"http://www.wikidata.org/entity/Q3306020"},"geometry":{"type":"Point","coordinates":[149.13194444,-35.28361111]}},{"type":"Feature","properties":{"id":"wd-Q11895136","name":"Finnish Customs","kind":"law-enforcement","country":"Finland","wikidata":"http://www.wikidata.org/entity/Q11895136"},"geometry":{"type":"Point","coordinates":[24.9350681,60.1992178]}},{"type":"Feature","properties":{"id":"wd-Q23996120","name":"Q23996120","kind":"law-enforcement","country":"South Korea","wikidata":"http://www.wikidata.org/entity/Q23996120"},"geometry":{"type":"Point","coordinates":[126.623138888,37.468527777]}},{"type":"Feature","properties":{"id":"wd-Q63792736","name":"Dogana austroungarica","kind":"law-enforcement","country":"Italy","wikidata":"http://www.wikidata.org/entity/Q63792736"},"geometry":{"type":"Point","coordinates":[8.71009,45.59065]}},{"type":"Feature","properties":{"id":"wd-Q67217073","name":"Q67217073","kind":"law-enforcement","country":"Sweden","wikidata":"http://www.wikidata.org/entity/Q67217073"},"geometry":{"type":"Point","coordinates":[18.111051,68.434523]}},{"type":"Feature","properties":{"id":"wd-Q97620129","name":"Aduana Nueva","kind":"law-enforcement","country":"Spain","wikidata":"http://www.wikidata.org/entity/Q97620129"},"geometry":{"type":"Point","coordinates":[-6.288837157,36.529665071]}},{"type":"Feature","properties":{"id":"wd-Q108862188","name":"Q108862188","kind":"law-enforcement","country":"France","wikidata":"http://www.wikidata.org/entity/Q108862188"},"geometry":{"type":"Point","coordinates":[-2.92972,47.584]}},{"type":"Feature","properties":{"id":"wd-Q110537999","name":"Ker Saint-Eugène","kind":"law-enforcement","country":"France","wikidata":"http://www.wikidata.org/entity/Q110537999"},"geometry":{"type":"Point","coordinates":[-2.28691,47.23785]}},{"type":"Feature","properties":{"id":"wd-Q111127154","name":"Directorate General of Customs","kind":"law-enforcement","country":"Benin","wikidata":"http://www.wikidata.org/entity/Q111127154"},"geometry":{"type":"Point","coordinates":[2.420649,6.3511164]}},{"type":"Feature","properties":{"id":"wd-Q8561","name":"Afghan Supreme Court","kind":"law-enforcement","country":"Afghanistan","wikidata":"http://www.wikidata.org/entity/Q8561"},"geometry":{"type":"Point","coordinates":[69.194099,34.537818]}},{"type":"Feature","properties":{"id":"wd-Q11201","name":"Supreme Court of the United States","kind":"law-enforcement","country":"United States","wikidata":"http://www.wikidata.org/entity/Q11201"},"geometry":{"type":"Point","coordinates":[-77.004444444,38.890555555]}},{"type":"Feature","properties":{"id":"wd-Q19746","name":"Supreme Court of Spain","kind":"law-enforcement","country":"Spain","wikidata":"http://www.wikidata.org/entity/Q19746"},"geometry":{"type":"Point","coordinates":[-3.693371,40.424328]}},{"type":"Feature","properties":{"id":"wd-Q31041","name":"Judicial Yuan","kind":"law-enforcement","country":"Taiwan","wikidata":"http://www.wikidata.org/entity/Q31041"},"geometry":{"type":"Point","coordinates":[121.5121027,25.0379496]}},{"type":"Feature","properties":{"id":"wd-Q113567","name":"Court of Bosnia and Herzegovina","kind":"law-enforcement","country":"Bosnia and Herzegovina","wikidata":"http://www.wikidata.org/entity/Q113567"},"geometry":{"type":"Point","coordinates":[18.3668,43.8447]}},{"type":"Feature","properties":{"id":"wd-Q136989","name":"Supreme Court of Cameroon","kind":"law-enforcement","country":"Cameroon","wikidata":"http://www.wikidata.org/entity/Q136989"},"geometry":{"type":"Point","coordinates":[11.52,3.87]}},{"type":"Feature","properties":{"id":"wd-Q153617","name":"Supreme Court of Ireland","kind":"law-enforcement","country":"Ireland","wikidata":"http://www.wikidata.org/entity/Q153617"},"geometry":{"type":"Point","coordinates":[-6.27353,53.3459]}},{"type":"Feature","properties":{"id":"wd-Q174776","name":"Supreme Court of Liberia","kind":"law-enforcement","country":"Liberia","wikidata":"http://www.wikidata.org/entity/Q174776"},"geometry":{"type":"Point","coordinates":[-10.7972,6.30222]}},{"type":"Feature","properties":{"id":"wd-Q176936","name":"Federal Labour Court of Germany","kind":"law-enforcement","country":"Germany","wikidata":"http://www.wikidata.org/entity/Q176936"},"geometry":{"type":"Point","coordinates":[11.01427,50.97742]}},{"type":"Feature","properties":{"id":"wd-Q213380","name":"Supreme Court of India","kind":"law-enforcement","country":"India","wikidata":"http://www.wikidata.org/entity/Q213380"},"geometry":{"type":"Point","coordinates":[77.239444444,28.6225]}},{"type":"Feature","properties":{"id":"wd-Q374398","name":"Supreme Court of Chile","kind":"law-enforcement","country":"Chile","wikidata":"http://www.wikidata.org/entity/Q374398"},"geometry":{"type":"Point","coordinates":[-70.653094444,-33.439147222]}},{"type":"Feature","properties":{"id":"wd-Q399798","name":"Israeli Supreme Court","kind":"law-enforcement","country":"Israel","wikidata":"http://www.wikidata.org/entity/Q399798"},"geometry":{"type":"Point","coordinates":[35.203611,31.780833]}},{"type":"Feature","properties":{"id":"wd-Q500459","name":"Supreme Court of Finland","kind":"law-enforcement","country":"Finland","wikidata":"http://www.wikidata.org/entity/Q500459"},"geometry":{"type":"Point","coordinates":[24.96,60.17]}},{"type":"Feature","properties":{"id":"wd-Q502531","name":"Madras High Court","kind":"law-enforcement","country":"India","wikidata":"http://www.wikidata.org/entity/Q502531"},"geometry":{"type":"Point","coordinates":[80.28812,13.08778]}},{"type":"Feature","properties":{"id":"wd-Q514212","name":"Supreme Court of the Philippines","kind":"law-enforcement","country":"Philippines","wikidata":"http://www.wikidata.org/entity/Q514212"},"geometry":{"type":"Point","coordinates":[120.984166666,14.579444444]}},{"type":"Feature","properties":{"id":"wd-Q519138","name":"Supreme Federal Court","kind":"law-enforcement","country":"Brazil","wikidata":"http://www.wikidata.org/entity/Q519138"},"geometry":{"type":"Point","coordinates":[-47.861944444,-15.802222222]}},{"type":"Feature","properties":{"id":"wd-Q600231","name":"Supreme Court of Poland","kind":"law-enforcement","country":"Poland","wikidata":"http://www.wikidata.org/entity/Q600231"},"geometry":{"type":"Point","coordinates":[21.005181,52.2498577]}},{"type":"Feature","properties":{"id":"wd-Q623906","name":"Supreme Court of Korea","kind":"law-enforcement","country":"South Korea","wikidata":"http://www.wikidata.org/entity/Q623906"},"geometry":{"type":"Point","coordinates":[127.005247222,37.492238888]}},{"type":"Feature","properties":{"id":"wd-Q630332","name":"Supreme Court of Lithuania","kind":"law-enforcement","country":"Lithuania","wikidata":"http://www.wikidata.org/entity/Q630332"},"geometry":{"type":"Point","coordinates":[25.265,54.69111111]}},{"type":"Feature","properties":{"id":"wd-Q676553","name":"Federal Supreme Court of Switzerland","kind":"law-enforcement","country":"Switzerland","wikidata":"http://www.wikidata.org/entity/Q676553"},"geometry":{"type":"Point","coordinates":[6.644166666,46.519444444]}},{"type":"Feature","properties":{"id":"wd-Q691994","name":"Supreme People's Court of the People's Republic of China","kind":"law-enforcement","country":"People's Republic of China","wikidata":"http://www.wikidata.org/entity/Q691994"},"geometry":{"type":"Point","coordinates":[116.40525,39.902972222]}},{"type":"Feature","properties":{"id":"wd-Q702424","name":"Federal Administrative Court","kind":"law-enforcement","country":"Germany","wikidata":"http://www.wikidata.org/entity/Q702424"},"geometry":{"type":"Point","coordinates":[12.36981,51.33301]}},{"type":"Feature","properties":{"id":"wd-Q722785","name":"Supreme Court of the Republic of China","kind":"law-enforcement","country":"Taiwan","wikidata":"http://www.wikidata.org/entity/Q722785"},"geometry":{"type":"Point","coordinates":[121.51,25.04]}},{"type":"Feature","properties":{"id":"wd-Q769657","name":"Conseil d'État","kind":"law-enforcement","country":"France","wikidata":"http://www.wikidata.org/entity/Q769657"},"geometry":{"type":"Point","coordinates":[2.336944444,48.863333333]}},{"type":"Feature","properties":{"id":"wd-Q837636","name":"Court of Final Appeal","kind":"law-enforcement","country":"People's Republic of China","wikidata":"http://www.wikidata.org/entity/Q837636"},"geometry":{"type":"Point","coordinates":[114.159722222,22.279444444]}},{"type":"Feature","properties":{"id":"wd-Q1122261","name":"Supreme Court of the United Kingdom","kind":"law-enforcement","country":"United Kingdom","wikidata":"http://www.wikidata.org/entity/Q1122261"},"geometry":{"type":"Point","coordinates":[-0.128055555,51.500277777]}},{"type":"Feature","properties":{"id":"wd-Q1138599","name":"Court of Cassation","kind":"law-enforcement","country":"France","wikidata":"http://www.wikidata.org/entity/Q1138599"},"geometry":{"type":"Point","coordinates":[2.344194444,48.856694444]}},{"type":"Feature","properties":{"id":"wd-Q1142255","name":"Supreme Court of Japan","kind":"law-enforcement","country":"Japan","wikidata":"http://www.wikidata.org/entity/Q1142255"},"geometry":{"type":"Point","coordinates":[139.743630555,35.680336111]}},{"type":"Feature","properties":{"id":"wd-Q1155243","name":"Council of State","kind":"law-enforcement","country":"Netherlands","wikidata":"http://www.wikidata.org/entity/Q1155243"},"geometry":{"type":"Point","coordinates":[4.308911,52.081482]}},{"type":"Feature","properties":{"id":"wd-Q1162018","name":"Curia Regia","kind":"law-enforcement","country":"Hungary","wikidata":"http://www.wikidata.org/entity/Q1162018"},"geometry":{"type":"Point","coordinates":[19.04844,47.50788]}},{"type":"Feature","properties":{"id":"wd-Q1355832","name":"Supreme Court of New Zealand","kind":"law-enforcement","country":"New Zealand","wikidata":"http://www.wikidata.org/entity/Q1355832"},"geometry":{"type":"Point","coordinates":[174.77684855,-41.28004389]}},{"type":"Feature","properties":{"id":"wd-Q1358798","name":"High Court of Australia","kind":"law-enforcement","country":"Australia","wikidata":"http://www.wikidata.org/entity/Q1358798"},"geometry":{"type":"Point","coordinates":[149.135833333,-35.298888888]}},{"type":"Feature","properties":{"id":"wd-Q1513611","name":"Supreme Court of Ghana","kind":"law-enforcement","country":"Ghana","wikidata":"http://www.wikidata.org/entity/Q1513611"},"geometry":{"type":"Point","coordinates":[-0.2048258,5.545502]}},{"type":"Feature","properties":{"id":"wd-Q1518827","name":"European Court of Justice","kind":"law-enforcement","country":"Luxembourg","wikidata":"http://www.wikidata.org/entity/Q1518827"},"geometry":{"type":"Point","coordinates":[6.141111111,49.621388888]}},{"type":"Feature","properties":{"id":"wd-Q1574420","name":"Supreme Court of Norway","kind":"law-enforcement","country":"Norway","wikidata":"http://www.wikidata.org/entity/Q1574420"},"geometry":{"type":"Point","coordinates":[10.744497,59.914342]}},{"type":"Feature","properties":{"id":"wd-Q1702908","name":"Supreme Court of Sri Lanka","kind":"law-enforcement","country":"Sri Lanka","wikidata":"http://www.wikidata.org/entity/Q1702908"},"geometry":{"type":"Point","coordinates":[79.860864,6.935404]}},{"type":"Feature","properties":{"id":"wd-Q1761425","name":"Council of State","kind":"law-enforcement","country":"Belgium","wikidata":"http://www.wikidata.org/entity/Q1761425"},"geometry":{"type":"Point","coordinates":[4.371944444,50.843333333]}},{"type":"Feature","properties":{"id":"wd-Q97657797","name":"Constitutional Chamber of the Supreme Court of Justice of Costa Rica","kind":"law-enforcement","country":"Costa Rica","wikidata":"http://www.wikidata.org/entity/Q97657797"},"geometry":{"type":"Point","coordinates":[-84.104064145,9.928606921]}},{"type":"Feature","properties":{"id":"wd-Q106898579","name":"Constitucional Court of the Supreme Court of El Salvador","kind":"law-enforcement","country":"El Salvador","wikidata":"http://www.wikidata.org/entity/Q106898579"},"geometry":{"type":"Point","coordinates":[-89.198273503,13.706389639]}},{"type":"Feature","properties":{"id":"wd-Q109616614","name":"Constitutional Court (Algeria)","kind":"law-enforcement","country":"Algeria","wikidata":"http://www.wikidata.org/entity/Q109616614"},"geometry":{"type":"Point","coordinates":[3.022976,36.761238]}},{"type":"Feature","properties":{"id":"wd-Q110163050","name":"Constitutional court of the Republic of Tatarstan","kind":"law-enforcement","country":"Russia","wikidata":"http://www.wikidata.org/entity/Q110163050"},"geometry":{"type":"Point","coordinates":[49.126444444,55.797666666]}},{"type":"Feature","properties":{"id":"wd-Q122955697","name":"Constitutional Court of North Rhine-Westphalia","kind":"law-enforcement","country":"Germany","wikidata":"http://www.wikidata.org/entity/Q122955697"},"geometry":{"type":"Point","coordinates":[7.62486,51.9597]}},{"type":"Feature","properties":{"id":"wd-Q113181228","name":"Kensington Police Department","kind":"law-enforcement","country":"United States","wikidata":"http://www.wikidata.org/entity/Q113181228"},"geometry":{"type":"Point","coordinates":[-122.2813,37.91285]}},{"type":"Feature","properties":{"id":"wd-Q113181230","name":"La Habra Police Department","kind":"law-enforcement","country":"United States","wikidata":"http://www.wikidata.org/entity/Q113181230"},"geometry":{"type":"Point","coordinates":[-117.9435,33.93187]}},{"type":"Feature","properties":{"id":"wd-Q113181252","name":"National City Police Department","kind":"law-enforcement","country":"United States","wikidata":"http://www.wikidata.org/entity/Q113181252"},"geometry":{"type":"Point","coordinates":[-117.1056,32.67218]}},{"type":"Feature","properties":{"id":"wd-Q113181253","name":"Novato Police Department","kind":"law-enforcement","country":"United States","wikidata":"http://www.wikidata.org/entity/Q113181253"},"geometry":{"type":"Point","coordinates":[-122.5679,38.10609]}},{"type":"Feature","properties":{"id":"wd-Q113181258","name":"Oceanside Police Department","kind":"law-enforcement","country":"United States","wikidata":"http://www.wikidata.org/entity/Q113181258"},"geometry":{"type":"Point","coordinates":[-117.3806,33.19715]}},{"type":"Feature","properties":{"id":"wd-Q113181261","name":"Ontario Police Department","kind":"law-enforcement","country":"United States","wikidata":"http://www.wikidata.org/entity/Q113181261"},"geometry":{"type":"Point","coordinates":[-117.6481,34.06457]}},{"type":"Feature","properties":{"id":"wd-Q113181297","name":"San Fernando Police Department","kind":"law-enforcement","country":"United States","wikidata":"http://www.wikidata.org/entity/Q113181297"},"geometry":{"type":"Point","coordinates":[-118.4384,34.28406]}},{"type":"Feature","properties":{"id":"wd-Q113181302","name":"San Joaquin County Probation Department","kind":"law-enforcement","country":"United States","wikidata":"http://www.wikidata.org/entity/Q113181302"},"geometry":{"type":"Point","coordinates":[-121.2905,37.95373]}},{"type":"Feature","properties":{"id":"wd-Q113181305","name":"San Pablo Police Department","kind":"law-enforcement","country":"United States","wikidata":"http://www.wikidata.org/entity/Q113181305"},"geometry":{"type":"Point","coordinates":[-122.3424,37.96033]}},{"type":"Feature","properties":{"id":"wd-Q113181306","name":"San Rafael Police Department","kind":"law-enforcement","country":"United States","wikidata":"http://www.wikidata.org/entity/Q113181306"},"geometry":{"type":"Point","coordinates":[-122.5329,37.97461]}},{"type":"Feature","properties":{"id":"wd-Q113181308","name":"San Ramon Police Department","kind":"law-enforcement","country":"United States","wikidata":"http://www.wikidata.org/entity/Q113181308"},"geometry":{"type":"Point","coordinates":[-121.969,37.77945]}},{"type":"Feature","properties":{"id":"wd-Q113181309","name":"Sand City Police Department","kind":"law-enforcement","country":"United States","wikidata":"http://www.wikidata.org/entity/Q113181309"},"geometry":{"type":"Point","coordinates":[-121.8506,36.61405]}},{"type":"Feature","properties":{"id":"wd-Q113181325","name":"Val Verde Unified School District Police Department","kind":"law-enforcement","country":"United States","wikidata":"http://www.wikidata.org/entity/Q113181325"},"geometry":{"type":"Point","coordinates":[-117.2283,33.78241]}},{"type":"Feature","properties":{"id":"wd-Q113181326","name":"Vallejo Police Department","kind":"law-enforcement","country":"United States","wikidata":"http://www.wikidata.org/entity/Q113181326"},"geometry":{"type":"Point","coordinates":[-122.2549,38.10095]}},{"type":"Feature","properties":{"id":"wd-Q113181328","name":"Ventura County Community College District Police Department","kind":"law-enforcement","country":"United States","wikidata":"http://www.wikidata.org/entity/Q113181328"},"geometry":{"type":"Point","coordinates":[-119.0507,34.2234]}},{"type":"Feature","properties":{"id":"wd-Q113181331","name":"Ventura Police Department","kind":"law-enforcement","country":"United States","wikidata":"http://www.wikidata.org/entity/Q113181331"},"geometry":{"type":"Point","coordinates":[-119.2923,34.28082]}},{"type":"Feature","properties":{"id":"wd-Q113181332","name":"Vernon Police Department","kind":"law-enforcement","country":"United States","wikidata":"http://www.wikidata.org/entity/Q113181332"},"geometry":{"type":"Point","coordinates":[-118.2302,34.00513]}},{"type":"Feature","properties":{"id":"wd-Q113181333","name":"Walnut Creek Police Department","kind":"law-enforcement","country":"United States","wikidata":"http://www.wikidata.org/entity/Q113181333"},"geometry":{"type":"Point","coordinates":[-122.0619,37.90162]}},{"type":"Feature","properties":{"id":"wd-Q113181336","name":"Weed Police Department","kind":"law-enforcement","country":"United States","wikidata":"http://www.wikidata.org/entity/Q113181336"},"geometry":{"type":"Point","coordinates":[-122.3843,41.42507]}},{"type":"Feature","properties":{"id":"wd-Q113575905","name":"Chiayi City Police Bureau","kind":"law-enforcement","country":"Taiwan","wikidata":"http://www.wikidata.org/entity/Q113575905"},"geometry":{"type":"Point","coordinates":[120.454552187,23.481189344]}},{"type":"Feature","properties":{"id":"wd-Q115804827","name":"Special Investigating Unit","kind":"law-enforcement","country":"South Africa","wikidata":"http://www.wikidata.org/entity/Q115804827"},"geometry":{"type":"Point","coordinates":[28.2955328,-25.7435138]}},{"type":"Feature","properties":{"id":"wd-Q117654413","name":"Penghu County Government Police Bureau","kind":"law-enforcement","country":"Taiwan","wikidata":"http://www.wikidata.org/entity/Q117654413"},"geometry":{"type":"Point","coordinates":[119.565859168,23.570332235]}},{"type":"Feature","properties":{"id":"wd-Q120751286","name":"Baldwin Park Police Department","kind":"law-enforcement","country":"United States","wikidata":"http://www.wikidata.org/entity/Q120751286"},"geometry":{"type":"Point","coordinates":[-117.9603,34.08536]}},{"type":"Feature","properties":{"id":"wd-Q120751287","name":"Bell Police Department","kind":"law-enforcement","country":"United States","wikidata":"http://www.wikidata.org/entity/Q120751287"},"geometry":{"type":"Point","coordinates":[-118.1888,33.97977]}},{"type":"Feature","properties":{"id":"wd-Q120751288","name":"Burbank-Glendale-Pasadena Airport Authority Police Department","kind":"law-enforcement","country":"United States","wikidata":"http://www.wikidata.org/entity/Q120751288"},"geometry":{"type":"Point","coordinates":[-118.3078,34.18182]}},{"type":"Feature","properties":{"id":"wd-Q120751290","name":"Crescent City Police Department","kind":"law-enforcement","country":"United States","wikidata":"http://www.wikidata.org/entity/Q120751290"},"geometry":{"type":"Point","coordinates":[-124.201667,41.756111]}},{"type":"Feature","properties":{"id":"wd-Q120751291","name":"San Carlos Police Department","kind":"law-enforcement","country":"United States","wikidata":"http://www.wikidata.org/entity/Q120751291"},"geometry":{"type":"Point","coordinates":[-122.2628,37.50494]}},{"type":"Feature","properties":{"id":"wd-Q120751295","name":"American River College Police Department","kind":"law-enforcement","country":"United States","wikidata":"http://www.wikidata.org/entity/Q120751295"},"geometry":{"type":"Point","coordinates":[-121.4908,38.57944]}},{"type":"Feature","properties":{"id":"wd-Q120751296","name":"Anderson Police Department","kind":"law-enforcement","country":"United States","wikidata":"http://www.wikidata.org/entity/Q120751296"},"geometry":{"type":"Point","coordinates":[-122.3012,40.45056]}},{"type":"Feature","properties":{"id":"wd-Q120751297","name":"Angels Camp Police Department","kind":"law-enforcement","country":"United States","wikidata":"http://www.wikidata.org/entity/Q120751297"},"geometry":{"type":"Point","coordinates":[-120.5408,38.07009]}},{"type":"Feature","properties":{"id":"wd-Q120751299","name":"Arcata Police Department","kind":"law-enforcement","country":"United States","wikidata":"http://www.wikidata.org/entity/Q120751299"},"geometry":{"type":"Point","coordinates":[-124.0851,40.86766]}},{"type":"Feature","properties":{"id":"wd-Q120751300","name":"Arroyo Grande Police Department","kind":"law-enforcement","country":"United States","wikidata":"http://www.wikidata.org/entity/Q120751300"},"geometry":{"type":"Point","coordinates":[-120.5768,35.12435]}},{"type":"Feature","properties":{"id":"wd-Q120751301","name":"Arvin Police Department","kind":"law-enforcement","country":"United States","wikidata":"http://www.wikidata.org/entity/Q120751301"},"geometry":{"type":"Point","coordinates":[-118.8289,35.20902]}},{"type":"Feature","properties":{"id":"wd-Q120751302","name":"Atascadero Police Department","kind":"law-enforcement","country":"United States","wikidata":"http://www.wikidata.org/entity/Q120751302"},"geometry":{"type":"Point","coordinates":[-120.6693,35.4888]}},{"type":"Feature","properties":{"id":"wd-Q120751303","name":"Atherton Police Department","kind":"law-enforcement","country":"United States","wikidata":"http://www.wikidata.org/entity/Q120751303"},"geometry":{"type":"Point","coordinates":[-122.1978,37.46248]}},{"type":"Feature","properties":{"id":"wd-Q120751304","name":"Atwater Police Department","kind":"law-enforcement","country":"United States","wikidata":"http://www.wikidata.org/entity/Q120751304"},"geometry":{"type":"Point","coordinates":[-120.6088,37.34584]}},{"type":"Feature","properties":{"id":"wd-Q120751305","name":"Avenal Police Department","kind":"law-enforcement","country":"United States","wikidata":"http://www.wikidata.org/entity/Q120751305"},"geometry":{"type":"Point","coordinates":[-120.1298,36.0039]}},{"type":"Feature","properties":{"id":"wd-Q120751306","name":"Azusa Police Department","kind":"law-enforcement","country":"United States","wikidata":"http://www.wikidata.org/entity/Q120751306"},"geometry":{"type":"Point","coordinates":[-117.906,34.13361]}},{"type":"Feature","properties":{"id":"wd-Q120751308","name":"Banning Police Department","kind":"law-enforcement","country":"United States","wikidata":"http://www.wikidata.org/entity/Q120751308"},"geometry":{"type":"Point","coordinates":[-116.8765,33.92544]}},{"type":"Feature","properties":{"id":"wd-Q120751309","name":"Barstow Police Department","kind":"law-enforcement","country":"United States","wikidata":"http://www.wikidata.org/entity/Q120751309"},"geometry":{"type":"Point","coordinates":[-117.0255,34.89308]}},{"type":"Feature","properties":{"id":"wd-Q120751314","name":"Bear Valley Police Department","kind":"law-enforcement","country":"United States","wikidata":"http://www.wikidata.org/entity/Q120751314"},"geometry":{"type":"Point","coordinates":[-118.4491,35.13224]}},{"type":"Feature","properties":{"id":"wd-Q120751315","name":"Beaumont Police Department","kind":"law-enforcement","country":"United States","wikidata":"http://www.wikidata.org/entity/Q120751315"},"geometry":{"type":"Point","coordinates":[-116.9746,33.92938]}},{"type":"Feature","properties":{"id":"wd-Q120751316","name":"Bell Gardens Police Department","kind":"law-enforcement","country":"United States","wikidata":"http://www.wikidata.org/entity/Q120751316"},"geometry":{"type":"Point","coordinates":[-118.149,33.96998]}},{"type":"Feature","properties":{"id":"wd-Q120751317","name":"Belmont Police Department","kind":"law-enforcement","country":"United States","wikidata":"http://www.wikidata.org/entity/Q120751317"},"geometry":{"type":"Point","coordinates":[-122.2763,37.51842]}},{"type":"Feature","properties":{"id":"wd-Q120751318","name":"Belvedere Police Department","kind":"law-enforcement","country":"United States","wikidata":"http://www.wikidata.org/entity/Q120751318"},"geometry":{"type":"Point","coordinates":[-122.4674,37.87494]}},{"type":"Feature","properties":{"id":"wd-Q120751319","name":"Benicia Police Department","kind":"law-enforcement","country":"United States","wikidata":"http://www.wikidata.org/entity/Q120751319"},"geometry":{"type":"Point","coordinates":[-122.1535,38.05285]}},{"type":"Feature","properties":{"id":"wd-Q120751320","name":"Blythe Police Department","kind":"law-enforcement","country":"United States","wikidata":"http://www.wikidata.org/entity/Q120751320"},"geometry":{"type":"Point","coordinates":[-114.5985,33.6104]}},{"type":"Feature","properties":{"id":"wd-Q120751321","name":"Brawley Police Department","kind":"law-enforcement","country":"United States","wikidata":"http://www.wikidata.org/entity/Q120751321"},"geometry":{"type":"Point","coordinates":[-115.534,32.97863]}},{"type":"Feature","properties":{"id":"wd-Q120751322","name":"Brentwood Police Department","kind":"law-enforcement","country":"United States","wikidata":"http://www.wikidata.org/entity/Q120751322"},"geometry":{"type":"Point","coordinates":[-121.6927,37.93406]}},{"type":"Feature","properties":{"id":"wd-Q120751323","name":"Brisbane Police Department","kind":"law-enforcement","country":"United States","wikidata":"http://www.wikidata.org/entity/Q120751323"},"geometry":{"type":"Point","coordinates":[-122.419167,37.680833]}},{"type":"Feature","properties":{"id":"wd-Q120751324","name":"Broadmoor Police Department","kind":"law-enforcement","country":"United States","wikidata":"http://www.wikidata.org/entity/Q120751324"},"geometry":{"type":"Point","coordinates":[-122.4724,37.69109]}},{"type":"Feature","properties":{"id":"wd-Q120751325","name":"Buena Park Police Department","kind":"law-enforcement","country":"United States","wikidata":"http://www.wikidata.org/entity/Q120751325"},"geometry":{"type":"Point","coordinates":[-117.998,33.8652]}},{"type":"Feature","properties":{"id":"wd-Q120751326","name":"Burbank Police Department","kind":"law-enforcement","country":"United States","wikidata":"http://www.wikidata.org/entity/Q120751326"},"geometry":{"type":"Point","coordinates":[-118.3078,34.18182]}},{"type":"Feature","properties":{"id":"wd-Q120751327","name":"Burlingame Police Department","kind":"law-enforcement","country":"United States","wikidata":"http://www.wikidata.org/entity/Q120751327"},"geometry":{"type":"Point","coordinates":[-122.3509,37.58037]}},{"type":"Feature","properties":{"id":"wd-Q120751330","name":"Calexico Police Department","kind":"law-enforcement","country":"United States","wikidata":"http://www.wikidata.org/entity/Q120751330"},"geometry":{"type":"Point","coordinates":[-115.4987,32.67864]}},{"type":"Feature","properties":{"id":"wd-Q120751331","name":"California City Police Department","kind":"law-enforcement","country":"United States","wikidata":"http://www.wikidata.org/entity/Q120751331"},"geometry":{"type":"Point","coordinates":[-117.9593351,35.1278384]}},{"type":"Feature","properties":{"id":"wd-Q120751332","name":"Calistoga Police Department","kind":"law-enforcement","country":"United States","wikidata":"http://www.wikidata.org/entity/Q120751332"},"geometry":{"type":"Point","coordinates":[-122.5795,38.57878]}},{"type":"Feature","properties":{"id":"wd-Q120751344","name":"Cal Poly Humboldt Police Department","kind":"law-enforcement","country":"United States","wikidata":"http://www.wikidata.org/entity/Q120751344"},"geometry":{"type":"Point","coordinates":[-124.0851,40.86766]}},{"type":"Feature","properties":{"id":"wd-Q120751352","name":"Fairfax Police Department","kind":"law-enforcement","country":"United States","wikidata":"http://www.wikidata.org/entity/Q120751352"},"geometry":{"type":"Point","coordinates":[-122.5904,37.98517]}},{"type":"Feature","properties":{"id":"wd-Q120751361","name":"Glendale Police Department","kind":"law-enforcement","country":"United States","wikidata":"http://www.wikidata.org/entity/Q120751361"},"geometry":{"type":"Point","coordinates":[-118.2486,34.14633]}},{"type":"Feature","properties":{"id":"wd-Q120751371","name":"Lincoln Police Department","kind":"law-enforcement","country":"California","wikidata":"http://www.wikidata.org/entity/Q120751371"},"geometry":{"type":"Point","coordinates":[-121.293888888,38.895]}},{"type":"Feature","properties":{"id":"wd-Q120751391","name":"Palo Alto Police Department","kind":"law-enforcement","country":"United States","wikidata":"http://www.wikidata.org/entity/Q120751391"},"geometry":{"type":"Point","coordinates":[-122.1608,37.44466]}},{"type":"Feature","properties":{"id":"wd-Q120751427","name":"Westminster Police Department","kind":"law-enforcement","country":"United States","wikidata":"http://www.wikidata.org/entity/Q120751427"},"geometry":{"type":"Point","coordinates":[-117.9858,33.75931]}},{"type":"Feature","properties":{"id":"wd-Q120751564","name":"Cerritos Community College District Police Department","kind":"law-enforcement","country":"United States","wikidata":"http://www.wikidata.org/entity/Q120751564"},"geometry":{"type":"Point","coordinates":[-118.0637,33.86866]}},{"type":"Feature","properties":{"id":"wd-Q120751566","name":"Coast Community College District Police Department","kind":"law-enforcement","country":"United States","wikidata":"http://www.wikidata.org/entity/Q120751566"},"geometry":{"type":"Point","coordinates":[-117.9024,33.66389]}},{"type":"Feature","properties":{"id":"wd-Q120751567","name":"Compton Community College Police Department","kind":"law-enforcement","country":"United States","wikidata":"http://www.wikidata.org/entity/Q120751567"},"geometry":{"type":"Point","coordinates":[-118.2244,33.89569]}},{"type":"Feature","properties":{"id":"wd-Q120751568","name":"Corning Police Department","kind":"law-enforcement","country":"United States","wikidata":"http://www.wikidata.org/entity/Q120751568"},"geometry":{"type":"Point","coordinates":[-122.1791,39.92791]}},{"type":"Feature","properties":{"id":"wd-Q120751569","name":"CSU Maritime Academy Police Department","kind":"law-enforcement","country":"United States","wikidata":"http://www.wikidata.org/entity/Q120751569"},"geometry":{"type":"Point","coordinates":[-122.2549,38.10095]}},{"type":"Feature","properties":{"id":"wd-Q120751570","name":"CSU San Francisco Police Department","kind":"law-enforcement","country":"United States","wikidata":"http://www.wikidata.org/entity/Q120751570"},"geometry":{"type":"Point","coordinates":[-122.4428,37.7557]}},{"type":"Feature","properties":{"id":"wd-Q120751571","name":"CSU Stanislaus University Police Department","kind":"law-enforcement","country":"United States","wikidata":"http://www.wikidata.org/entity/Q120751571"},"geometry":{"type":"Point","coordinates":[-120.99,37.56]}},{"type":"Feature","properties":{"id":"wd-Q120751572","name":"El Rancho Unified School District Police Department","kind":"law-enforcement","country":"United States","wikidata":"http://www.wikidata.org/entity/Q120751572"},"geometry":{"type":"Point","coordinates":[-118.089167,33.988889]}},{"type":"Feature","properties":{"id":"wd-Q120751573","name":"Fontana Unified School District Police Department","kind":"law-enforcement","country":"United States","wikidata":"http://www.wikidata.org/entity/Q120751573"},"geometry":{"type":"Point","coordinates":[-117.4358,34.10261]}},{"type":"Feature","properties":{"id":"wd-Q120751574","name":"Foothill De-Anza Community College District Police Department","kind":"law-enforcement","country":"United States","wikidata":"http://www.wikidata.org/entity/Q120751574"},"geometry":{"type":"Point","coordinates":[-122.1142,37.38308]}},{"type":"Feature","properties":{"id":"wd-Q120751575","name":"Fulton-El Camino Park Police Department","kind":"law-enforcement","country":"United States","wikidata":"http://www.wikidata.org/entity/Q120751575"},"geometry":{"type":"Point","coordinates":[-121.4908,38.57944]}},{"type":"Feature","properties":{"id":"wd-Q120751576","name":"Glendale Police Department Park Rangers","kind":"law-enforcement","country":"United States","wikidata":"http://www.wikidata.org/entity/Q120751576"},"geometry":{"type":"Point","coordinates":[-118.2486,34.14633]}},{"type":"Feature","properties":{"id":"wd-Q120751578","name":"Lake Shastina District Police Department","kind":"law-enforcement","country":"United States","wikidata":"http://www.wikidata.org/entity/Q120751578"},"geometry":{"type":"Point","coordinates":[-122.386127,41.42265]}},{"type":"Feature","properties":{"id":"wd-Q120751579","name":"Lathrop Police Department","kind":"law-enforcement","country":"United States","wikidata":"http://www.wikidata.org/entity/Q120751579"},"geometry":{"type":"Point","coordinates":[-121.3026,37.80439]}},{"type":"Feature","properties":{"id":"wd-Q120751581","name":"Montebello Police Department","kind":"law-enforcement","country":"United States","wikidata":"http://www.wikidata.org/entity/Q120751581"},"geometry":{"type":"Point","coordinates":[-118.1164,34.01958]}},{"type":"Feature","properties":{"id":"wd-Q120751582","name":"Oakland City Housing Authority Police Department","kind":"law-enforcement","country":"United States","wikidata":"http://www.wikidata.org/entity/Q120751582"},"geometry":{"type":"Point","coordinates":[-122.2731,37.80508]}},{"type":"Feature","properties":{"id":"wd-Q120751583","name":"Oakley Police Department","kind":"law-enforcement","country":"United States","wikidata":"http://www.wikidata.org/entity/Q120751583"},"geometry":{"type":"Point","coordinates":[-121.713,37.99638]}},{"type":"Feature","properties":{"id":"wd-Q120751584","name":"Port San Luis Harbor District Harbor Patrol Department","kind":"law-enforcement","country":"United States","wikidata":"http://www.wikidata.org/entity/Q120751584"},"geometry":{"type":"Point","coordinates":[-120.7354,35.17931]}},{"type":"Feature","properties":{"id":"wd-Q120751585","name":"Salinas Police Department","kind":"law-enforcement","country":"United States","wikidata":"http://www.wikidata.org/entity/Q120751585"},"geometry":{"type":"Point","coordinates":[-121.6548,36.67087]}},{"type":"Feature","properties":{"id":"wd-Q120751586","name":"San Bernardino Community College District Police Department","kind":"law-enforcement","country":"United States","wikidata":"http://www.wikidata.org/entity/Q120751586"},"geometry":{"type":"Point","coordinates":[-117.3,34.1]}},{"type":"Feature","properties":{"id":"wd-Q120751588","name":"San Bernardino Unified School District Police Department","kind":"law-enforcement","country":"United States","wikidata":"http://www.wikidata.org/entity/Q120751588"},"geometry":{"type":"Point","coordinates":[-117.3,34.1]}},{"type":"Feature","properties":{"id":"wd-Q120751589","name":"San Diego Community College District Police Department","kind":"law-enforcement","country":"United States","wikidata":"http://www.wikidata.org/entity/Q120751589"},"geometry":{"type":"Point","coordinates":[-117.1617,32.71568]}},{"type":"Feature","properties":{"id":"wd-Q120751590","name":"San Francisco Community College District Police Department","kind":"law-enforcement","country":"United States","wikidata":"http://www.wikidata.org/entity/Q120751590"},"geometry":{"type":"Point","coordinates":[-122.4428,37.7557]}},{"type":"Feature","properties":{"id":"wd-Q120751591","name":"San José Evergreen Community College District Police Department","kind":"law-enforcement","country":"United States","wikidata":"http://www.wikidata.org/entity/Q120751591"},"geometry":{"type":"Point","coordinates":[-121.8854,37.33865]}},{"type":"Feature","properties":{"id":"wd-Q120751592","name":"Solano Community College District Department of Public Safety","kind":"law-enforcement","country":"United States","wikidata":"http://www.wikidata.org/entity/Q120751592"},"geometry":{"type":"Point","coordinates":[-117.5725,34.42605]}},{"type":"Feature","properties":{"id":"wd-Q120751593","name":"Stallion Springs Police Department","kind":"law-enforcement","country":"United States","wikidata":"http://www.wikidata.org/entity/Q120751593"},"geometry":{"type":"Point","coordinates":[-118.6362,35.08237]}},{"type":"Feature","properties":{"id":"wd-Q120751594","name":"State Center Community College District Police Department","kind":"law-enforcement","country":"United States","wikidata":"http://www.wikidata.org/entity/Q120751594"},"geometry":{"type":"Point","coordinates":[-119.7855,36.74084]}},{"type":"Feature","properties":{"id":"wd-Q120751595","name":"Susanville Police Department","kind":"law-enforcement","country":"United States","wikidata":"http://www.wikidata.org/entity/Q120751595"},"geometry":{"type":"Point","coordinates":[-120.6498,40.4157]}},{"type":"Feature","properties":{"id":"wd-Q120751596","name":"Sutter Creek Police Department","kind":"law-enforcement","country":"United States","wikidata":"http://www.wikidata.org/entity/Q120751596"},"geometry":{"type":"Point","coordinates":[-120.803,38.39341]}},{"type":"Feature","properties":{"id":"wd-Q120751597","name":"Tulare County Probation Department","kind":"law-enforcement","country":"United States","wikidata":"http://www.wikidata.org/entity/Q120751597"},"geometry":{"type":"Point","coordinates":[-119.2926,36.33377]}},{"type":"Feature","properties":{"id":"wd-Q120751598","name":"Tulelake Police Department","kind":"law-enforcement","country":"United States","wikidata":"http://www.wikidata.org/entity/Q120751598"},"geometry":{"type":"Point","coordinates":[-121.4767,41.95422]}},{"type":"Feature","properties":{"id":"wd-Q120751599","name":"Yuba Community College District Police Department","kind":"law-enforcement","country":"United States","wikidata":"http://www.wikidata.org/entity/Q120751599"},"geometry":{"type":"Point","coordinates":[-121.6198,39.14094]}},{"type":"Feature","properties":{"id":"wd-Q120751600","name":"Capitola Police Department","kind":"law-enforcement","country":"United States","wikidata":"http://www.wikidata.org/entity/Q120751600"},"geometry":{"type":"Point","coordinates":[-121.9537,36.97472]}},{"type":"Feature","properties":{"id":"wd-Q120751601","name":"Carlsbad Police Department","kind":"law-enforcement","country":"United States","wikidata":"http://www.wikidata.org/entity/Q120751601"},"geometry":{"type":"Point","coordinates":[-117.3382,33.16588]}},{"type":"Feature","properties":{"id":"wd-Q120751602","name":"Cathedral City Police Department","kind":"law-enforcement","country":"United States","wikidata":"http://www.wikidata.org/entity/Q120751602"},"geometry":{"type":"Point","coordinates":[-116.4643,33.78101]}},{"type":"Feature","properties":{"id":"wd-Q120751603","name":"Claremont Police Department","kind":"law-enforcement","country":"United States","wikidata":"http://www.wikidata.org/entity/Q120751603"},"geometry":{"type":"Point","coordinates":[-117.7164,34.09641]}},{"type":"Feature","properties":{"id":"wd-Q250433","name":"United States Court of Appeals for the Eighth Circuit","kind":"law-enforcement","country":"United States","wikidata":"http://www.wikidata.org/entity/Q250433"},"geometry":{"type":"Point","coordinates":[-90.197091834,38.625557326]}},{"type":"Feature","properties":{"id":"wd-Q250438","name":"United States Court of Appeals for the Third Circuit","kind":"law-enforcement","country":"United States","wikidata":"http://www.wikidata.org/entity/Q250438"},"geometry":{"type":"Point","coordinates":[-75.151126725,39.951464945]}},{"type":"Feature","properties":{"id":"wd-Q250446","name":"United States Court of Appeals for the Eleventh Circuit","kind":"law-enforcement","country":"United States","wikidata":"http://www.wikidata.org/entity/Q250446"},"geometry":{"type":"Point","coordinates":[-84.3903,33.7564]}},{"type":"Feature","properties":{"id":"wd-Q250451","name":"United States Court of Appeals for the Seventh Circuit","kind":"law-enforcement","country":"United States","wikidata":"http://www.wikidata.org/entity/Q250451"},"geometry":{"type":"Point","coordinates":[-87.629080771,41.878760919]}},{"type":"Feature","properties":{"id":"wd-Q250456","name":"United States Court of Appeals for the Fifth Circuit","kind":"law-enforcement","country":"United States","wikidata":"http://www.wikidata.org/entity/Q250456"},"geometry":{"type":"Point","coordinates":[-90.070474979,29.947514252]}},{"type":"Feature","properties":{"id":"wd-Q250463","name":"United States Court of Appeals for the Fourth Circuit","kind":"law-enforcement","country":"United States","wikidata":"http://www.wikidata.org/entity/Q250463"},"geometry":{"type":"Point","coordinates":[-77.43481,37.53769]}},{"type":"Feature","properties":{"id":"wd-Q250472","name":"United States Court of Appeals for the Sixth Circuit","kind":"law-enforcement","country":"United States","wikidata":"http://www.wikidata.org/entity/Q250472"},"geometry":{"type":"Point","coordinates":[-84.510606519,39.101960888]}},{"type":"Feature","properties":{"id":"wd-Q250479","name":"United States Court of Appeals for the Second Circuit","kind":"law-enforcement","country":"United States","wikidata":"http://www.wikidata.org/entity/Q250479"},"geometry":{"type":"Point","coordinates":[-74.002679858,40.713780671]}},{"type":"Feature","properties":{"id":"wd-Q250492","name":"United States Court of Appeals for the First Circuit","kind":"law-enforcement","country":"United States","wikidata":"http://www.wikidata.org/entity/Q250492"},"geometry":{"type":"Point","coordinates":[-71.047070803,42.354109732]}},{"type":"Feature","properties":{"id":"wd-Q286918","name":"United States Court of Appeals for the Tenth Circuit","kind":"law-enforcement","country":"United States","wikidata":"http://www.wikidata.org/entity/Q286918"},"geometry":{"type":"Point","coordinates":[-104.990535843,39.748552237]}},{"type":"Feature","properties":{"id":"wd-Q812387","name":"Bayerischer Verwaltungsgerichtshof","kind":"law-enforcement","country":"Germany","wikidata":"http://www.wikidata.org/entity/Q812387"},"geometry":{"type":"Point","coordinates":[11.579671,48.147902]}},{"type":"Feature","properties":{"id":"wd-Q1095017","name":"Royal Chancellery of Granada","kind":"law-enforcement","country":"Spain","wikidata":"http://www.wikidata.org/entity/Q1095017"},"geometry":{"type":"Point","coordinates":[-3.59562,37.17724]}},{"type":"Feature","properties":{"id":"wd-Q1301850","name":"Q1301850","kind":"law-enforcement","country":"Germany","wikidata":"http://www.wikidata.org/entity/Q1301850"},"geometry":{"type":"Point","coordinates":[6.74837,49.311]}},{"type":"Feature","properties":{"id":"wd-Q1316203","name":"Rhineland-Palatinate (Germany). Oberverwaltungsgericht","kind":"law-enforcement","country":"Germany","wikidata":"http://www.wikidata.org/entity/Q1316203"},"geometry":{"type":"Point","coordinates":[7.59886,50.3579]}},{"type":"Feature","properties":{"id":"wd-Q1325134","name":"Verwaltungsgerichtshof Baden-Württemberg","kind":"law-enforcement","country":"Germany","wikidata":"http://www.wikidata.org/entity/Q1325134"},"geometry":{"type":"Point","coordinates":[8.49259,49.4793]}},{"type":"Feature","properties":{"id":"wd-Q1418495","name":"Q1418495","kind":"law-enforcement","country":"Germany","wikidata":"http://www.wikidata.org/entity/Q1418495"},"geometry":{"type":"Point","coordinates":[7.62486,51.96]}},{"type":"Feature","properties":{"id":"wd-Q1457541","name":"Schleswig-Holsteinisches Oberverwaltungsgericht","kind":"law-enforcement","country":"Germany","wikidata":"http://www.wikidata.org/entity/Q1457541"},"geometry":{"type":"Point","coordinates":[9.53508,54.5056]}},{"type":"Feature","properties":{"id":"wd-Q1562870","name":"Niedersächsisches Oberverwaltungsgericht","kind":"law-enforcement","country":"Germany","wikidata":"http://www.wikidata.org/entity/Q1562870"},"geometry":{"type":"Point","coordinates":[10.405,53.2373]}},{"type":"Feature","properties":{"id":"wd-Q1573232","name":"Q1573232","kind":"law-enforcement","country":"Germany","wikidata":"http://www.wikidata.org/entity/Q1573232"},"geometry":{"type":"Point","coordinates":[10.02166667,53.55722222]}},{"type":"Feature","properties":{"id":"wd-Q1615961","name":"Hessischer Verwaltungsgerichtshof","kind":"law-enforcement","country":"Germany","wikidata":"http://www.wikidata.org/entity/Q1615961"},"geometry":{"type":"Point","coordinates":[9.48972,51.3116]}},{"type":"Feature","properties":{"id":"wd-Q1759249","name":"Real Audiencia de Quito","kind":"law-enforcement","country":"Spanish Empire","wikidata":"http://www.wikidata.org/entity/Q1759249"},"geometry":{"type":"Point","coordinates":[-78.583333333,-0.25]}},{"type":"Feature","properties":{"id":"wd-Q2011361","name":"Oberverwaltungsgericht Mecklenburg-Vorpommern","kind":"law-enforcement","country":"Germany","wikidata":"http://www.wikidata.org/entity/Q2011361"},"geometry":{"type":"Point","coordinates":[13.3718,54.0951]}},{"type":"Feature","properties":{"id":"wd-Q2011367","name":"Oberverwaltungsgericht der Freien Hansestadt Bremen","kind":"law-enforcement","country":"Germany","wikidata":"http://www.wikidata.org/entity/Q2011367"},"geometry":{"type":"Point","coordinates":[8.81269,53.0736]}},{"type":"Feature","properties":{"id":"wd-Q2011370","name":"Q2011370","kind":"law-enforcement","country":"Germany","wikidata":"http://www.wikidata.org/entity/Q2011370"},"geometry":{"type":"Point","coordinates":[11.6315,52.1269]}},{"type":"Feature","properties":{"id":"wd-Q2358778","name":"United States Court of Appeals for the Ninth Circuit","kind":"law-enforcement","country":"United States","wikidata":"http://www.wikidata.org/entity/Q2358778"},"geometry":{"type":"Point","coordinates":[-122.411030568,37.779924285]}},{"type":"Feature","properties":{"id":"wd-Q2430876","name":"Q2430876","kind":"law-enforcement","country":"Germany","wikidata":"http://www.wikidata.org/entity/Q2430876"},"geometry":{"type":"Point","coordinates":[11.33485,50.98215]}},{"type":"Feature","properties":{"id":"wd-Q2918178","name":"United States Court of Appeals for the District of Columbia Circuit","kind":"law-enforcement","country":"United States","wikidata":"http://www.wikidata.org/entity/Q2918178"},"geometry":{"type":"Point","coordinates":[-77.016466964,38.892770192]}},{"type":"Feature","properties":{"id":"wd-Q3001004","name":"Supreme Court of Morocco","kind":"law-enforcement","country":"Morocco","wikidata":"http://www.wikidata.org/entity/Q3001004"},"geometry":{"type":"Point","coordinates":[-6.87111,33.9554]}},{"type":"Feature","properties":{"id":"wd-Q3428539","name":"Østre Landsret","kind":"law-enforcement","country":"Denmark","wikidata":"http://www.wikidata.org/entity/Q3428539"},"geometry":{"type":"Point","coordinates":[12.5933,55.7121]}},{"type":"Feature","properties":{"id":"wd-Q4233720","name":"Real Audiencia de Guatemala","kind":"law-enforcement","country":"Spanish Empire","wikidata":"http://www.wikidata.org/entity/Q4233720"},"geometry":{"type":"Point","coordinates":[-90.733266666,14.556433333]}},{"type":"Feature","properties":{"id":"wd-Q4249375","name":"Borgarting Court of Appeal","kind":"law-enforcement","country":"Norway","wikidata":"http://www.wikidata.org/entity/Q4249375"},"geometry":{"type":"Point","coordinates":[10.74161889,59.916715]}},{"type":"Feature","properties":{"id":"wd-Q4584962","name":"Gulating Court of Appeal","kind":"law-enforcement","country":"Norway","wikidata":"http://www.wikidata.org/entity/Q4584962"},"geometry":{"type":"Point","coordinates":[5.3274434,60.391976]}},{"type":"Feature","properties":{"id":"wd-Q4709366","name":"Albany Police Department","kind":"law-enforcement","country":"United States","wikidata":"http://www.wikidata.org/entity/Q4709366"},"geometry":{"type":"Point","coordinates":[-122.2981,37.88769]}},{"type":"Feature","properties":{"id":"wd-Q4768129","name":"Anne Arundel County Police Department","kind":"law-enforcement","country":"United States","wikidata":"http://www.wikidata.org/entity/Q4768129"},"geometry":{"type":"Point","coordinates":[-76.62345833,39.08903611]}},{"type":"Feature","properties":{"id":"wd-Q4775027","name":"Antioch Police Department","kind":"law-enforcement","country":"United States","wikidata":"http://www.wikidata.org/entity/Q4775027"},"geometry":{"type":"Point","coordinates":[-121.8197,38.01583]}},{"type":"Feature","properties":{"id":"wd-Q4804922","name":"Asheville Police Department","kind":"law-enforcement","country":"United States","wikidata":"http://www.wikidata.org/entity/Q4804922"},"geometry":{"type":"Point","coordinates":[-82.5498,35.5946]}},{"type":"Feature","properties":{"id":"wd-Q4852844","name":"Baltimore County Police Department","kind":"law-enforcement","country":"United States","wikidata":"http://www.wikidata.org/entity/Q4852844"},"geometry":{"type":"Point","coordinates":[-76.58972222,39.40016667]}},{"type":"Feature","properties":{"id":"wd-Q4881722","name":"Bel Air Police Department","kind":"law-enforcement","country":"United States","wikidata":"http://www.wikidata.org/entity/Q4881722"},"geometry":{"type":"Point","coordinates":[-76.34826667,39.53880278]}},{"type":"Feature","properties":{"id":"wd-Q4892083","name":"Berkeley Police Department","kind":"law-enforcement","country":"United States","wikidata":"http://www.wikidata.org/entity/Q4892083"},"geometry":{"type":"Point","coordinates":[-122.2705,37.86988]}},{"type":"Feature","properties":{"id":"wd-Q4899559","name":"Beverly Hills Police Department","kind":"law-enforcement","country":"United States","wikidata":"http://www.wikidata.org/entity/Q4899559"},"geometry":{"type":"Point","coordinates":[-118.4005,34.0736]}},{"type":"Feature","properties":{"id":"wd-Q4911956","name":"Billings Police Department","kind":"law-enforcement","country":"United States","wikidata":"http://www.wikidata.org/entity/Q4911956"},"geometry":{"type":"Point","coordinates":[-108.505902,45.783757]}},{"type":"Feature","properties":{"id":"wd-Q4914248","name":"Binghamton Police Department","kind":"law-enforcement","country":"United States","wikidata":"http://www.wikidata.org/entity/Q4914248"},"geometry":{"type":"Point","coordinates":[-75.9119,42.0964]}},{"type":"Feature","properties":{"id":"wd-Q5019700","name":"Calgary Police Service","kind":"law-enforcement","country":"Canada","wikidata":"http://www.wikidata.org/entity/Q5019700"},"geometry":{"type":"Point","coordinates":[-113.97063992,51.098546142]}},{"type":"Feature","properties":{"id":"wd-Q5025496","name":"Cambridge Police Department","kind":"law-enforcement","country":"United States","wikidata":"http://www.wikidata.org/entity/Q5025496"},"geometry":{"type":"Point","coordinates":[-71.0858,42.3675]}},{"type":"Feature","properties":{"id":"wd-Q5116088","name":"Chula Vista Police Department","kind":"law-enforcement","country":"United States","wikidata":"http://www.wikidata.org/entity/Q5116088"},"geometry":{"type":"Point","coordinates":[-117.0843,32.6409]}},{"type":"Feature","properties":{"id":"wd-Q5174847","name":"Costa Mesa Police Department","kind":"law-enforcement","country":"United States","wikidata":"http://www.wikidata.org/entity/Q5174847"},"geometry":{"type":"Point","coordinates":[-117.9024,33.66389]}},{"type":"Feature","properties":{"id":"wd-Q5175515","name":"Cottage Grove Police Department","kind":"law-enforcement","country":"United States","wikidata":"http://www.wikidata.org/entity/Q5175515"},"geometry":{"type":"Point","coordinates":[-123.06376,43.79751]}},{"type":"Feature","properties":{"id":"wd-Q5193723","name":"Culver City Police Department","kind":"law-enforcement","country":"United States","wikidata":"http://www.wikidata.org/entity/Q5193723"},"geometry":{"type":"Point","coordinates":[-118.3962,34.02161]}},{"type":"Feature","properties":{"id":"wd-Q5503196","name":"Fresno Police Department","kind":"law-enforcement","country":"United States","wikidata":"http://www.wikidata.org/entity/Q5503196"},"geometry":{"type":"Point","coordinates":[-119.7855,36.74084]}},{"type":"Feature","properties":{"id":"wd-Q5508299","name":"Fullerton Police Department","kind":"law-enforcement","country":"United States","wikidata":"http://www.wikidata.org/entity/Q5508299"},"geometry":{"type":"Point","coordinates":[-117.928173639,33.870654156]}},{"type":"Feature","properties":{"id":"wd-Q5522429","name":"Gardena Police Department","kind":"law-enforcement","country":"United States","wikidata":"http://www.wikidata.org/entity/Q5522429"},"geometry":{"type":"Point","coordinates":[-118.307,33.88379]}},{"type":"Feature","properties":{"id":"wd-Q5603702","name":"Greenbelt Police Department","kind":"law-enforcement","country":"United States","wikidata":"http://www.wikidata.org/entity/Q5603702"},"geometry":{"type":"Point","coordinates":[-76.8917,39.0064]}},{"type":"Feature","properties":{"id":"wd-Q5676622","name":"Harvard University Police Department","kind":"law-enforcement","country":"","wikidata":"http://www.wikidata.org/entity/Q5676622"},"geometry":{"type":"Point","coordinates":[-71.11218333,42.36894444]}},{"type":"Feature","properties":{"id":"wd-Q5712744","name":"Hempstead Village Police Department","kind":"law-enforcement","country":"United States","wikidata":"http://www.wikidata.org/entity/Q5712744"},"geometry":{"type":"Point","coordinates":[-73.62277778,40.71027778]}},{"type":"Feature","properties":{"id":"wd-Q5755230","name":"High Court of Cassation and Justice","kind":"law-enforcement","country":"Romania","wikidata":"http://www.wikidata.org/entity/Q5755230"},"geometry":{"type":"Point","coordinates":[26.105677,44.439613]}},{"type":"Feature","properties":{"id":"wd-Q5763584","name":"Hillsboro Police Department","kind":"law-enforcement","country":"United States","wikidata":"http://www.wikidata.org/entity/Q5763584"},"geometry":{"type":"Point","coordinates":[-122.973,45.5208]}},{"type":"Feature","properties":{"id":"wd-Q5882875","name":"Hollywood Police Department","kind":"law-enforcement","country":"United States","wikidata":"http://www.wikidata.org/entity/Q5882875"},"geometry":{"type":"Point","coordinates":[-80.1748,26.0105]}},{"type":"Feature","properties":{"id":"wd-Q5919370","name":"Howard County Police Department","kind":"law-enforcement","country":"United States","wikidata":"http://www.wikidata.org/entity/Q5919370"},"geometry":{"type":"Point","coordinates":[-76.80638889,39.27638889]}},{"type":"Feature","properties":{"id":"wd-Q6580207","name":"San Diego Police Department","kind":"law-enforcement","country":"United States","wikidata":"http://www.wikidata.org/entity/Q6580207"},"geometry":{"type":"Point","coordinates":[-117.1617,32.71568]}},{"type":"Feature","properties":{"id":"wd-Q6670662","name":"London Police Service","kind":"law-enforcement","country":"Canada","wikidata":"http://www.wikidata.org/entity/Q6670662"},"geometry":{"type":"Point","coordinates":[-81.2318,42.9887]}},{"type":"Feature","properties":{"id":"wd-Q6672324","name":"Long Beach Police Department","kind":"law-enforcement","country":"United States","wikidata":"http://www.wikidata.org/entity/Q6672324"},"geometry":{"type":"Point","coordinates":[-73.66604444,40.58943056]}},{"type":"Feature","properties":{"id":"wd-Q6672428","name":"Long Branch Police Department","kind":"law-enforcement","country":"United States","wikidata":"http://www.wikidata.org/entity/Q6672428"},"geometry":{"type":"Point","coordinates":[-73.9931,40.303]}},{"type":"Feature","properties":{"id":"wd-Q6682328","name":"Los Angeles School Police Department","kind":"law-enforcement","country":"United States","wikidata":"http://www.wikidata.org/entity/Q6682328"},"geometry":{"type":"Point","coordinates":[-118.2454,34.05357]}},{"type":"Feature","properties":{"id":"wd-Q6682757","name":"Los Gatos/Monte Sereno Police Department","kind":"law-enforcement","country":"United States","wikidata":"http://www.wikidata.org/entity/Q6682757"},"geometry":{"type":"Point","coordinates":[-121.9793,37.22131]}},{"type":"Feature","properties":{"id":"wd-Q6708393","name":"Lynbrook Police Department","kind":"law-enforcement","country":"United States","wikidata":"http://www.wikidata.org/entity/Q6708393"},"geometry":{"type":"Point","coordinates":[-73.6753,40.6575]}},{"type":"Feature","properties":{"id":"wd-Q6798159","name":"Maywood Police Department","kind":"law-enforcement","country":"United States","wikidata":"http://www.wikidata.org/entity/Q6798159"},"geometry":{"type":"Point","coordinates":[-118.157807,34.034368]}},{"type":"Feature","properties":{"id":"wd-Q6815857","name":"Memphis Police Department","kind":"law-enforcement","country":"United States","wikidata":"http://www.wikidata.org/entity/Q6815857"},"geometry":{"type":"Point","coordinates":[-90.0505,35.1496]}},{"type":"Feature","properties":{"id":"wd-Q6861797","name":"Milwaukee Police Department","kind":"law-enforcement","country":"United States","wikidata":"http://www.wikidata.org/entity/Q6861797"},"geometry":{"type":"Point","coordinates":[-87.921261,43.04268]}},{"type":"Feature","properties":{"id":"wd-Q6911998","name":"Morganza Police Department","kind":"law-enforcement","country":"United States","wikidata":"http://www.wikidata.org/entity/Q6911998"},"geometry":{"type":"Point","coordinates":[-91.5881,30.729]}},{"type":"Feature","properties":{"id":"wd-Q6924399","name":"Mount Vernon Police Department","kind":"law-enforcement","country":"United States","wikidata":"http://www.wikidata.org/entity/Q6924399"},"geometry":{"type":"Point","coordinates":[-73.838405,40.912797]}},{"type":"Feature","properties":{"id":"wd-Q7074042","name":"Oakland Police Department","kind":"law-enforcement","country":"United States","wikidata":"http://www.wikidata.org/entity/Q7074042"},"geometry":{"type":"Point","coordinates":[-122.2731,37.80508]}},{"type":"Feature","properties":{"id":"wd-Q7089438","name":"Omaha Police Department","kind":"law-enforcement","country":"United States","wikidata":"http://www.wikidata.org/entity/Q7089438"},"geometry":{"type":"Point","coordinates":[-95.935,41.25527778]}},{"type":"Feature","properties":{"id":"wd-Q7103162","name":"Orlando Police Department","kind":"law-enforcement","country":"United States","wikidata":"http://www.wikidata.org/entity/Q7103162"},"geometry":{"type":"Point","coordinates":[-81.383455,28.541285]}},{"type":"Feature","properties":{"id":"wd-Q7163488","name":"Pennridge Regional Police","kind":"law-enforcement","country":"United States","wikidata":"http://www.wikidata.org/entity/Q7163488"},"geometry":{"type":"Point","coordinates":[-75.3181,40.3736]}},{"type":"Feature","properties":{"id":"wd-Q7306487","name":"Redwood City Police Department","kind":"law-enforcement","country":"United States","wikidata":"http://www.wikidata.org/entity/Q7306487"},"geometry":{"type":"Point","coordinates":[-122.2277,37.4845]}},{"type":"Feature","properties":{"id":"wd-Q7355633","name":"Rockville City Police Department","kind":"law-enforcement","country":"United States","wikidata":"http://www.wikidata.org/entity/Q7355633"},"geometry":{"type":"Point","coordinates":[-77.15321,39.0839]}},{"type":"Feature","properties":{"id":"wd-Q7397012","name":"Sacramento Police Department","kind":"law-enforcement","country":"United States","wikidata":"http://www.wikidata.org/entity/Q7397012"},"geometry":{"type":"Point","coordinates":[-121.4908,38.57944]}},{"type":"Feature","properties":{"id":"wd-Q7404798","name":"Salisbury Police Department","kind":"law-enforcement","country":"United States","wikidata":"http://www.wikidata.org/entity/Q7404798"},"geometry":{"type":"Point","coordinates":[-75.60944444,38.36805556]}},{"type":"Feature","properties":{"id":"wd-Q7414475","name":"San Jose Police Department","kind":"law-enforcement","country":"United States","wikidata":"http://www.wikidata.org/entity/Q7414475"},"geometry":{"type":"Point","coordinates":[-121.8854,37.33865]}},{"type":"Feature","properties":{"id":"wd-Q7423242","name":"Sarasota Police Department","kind":"law-enforcement","country":"United States","wikidata":"http://www.wikidata.org/entity/Q7423242"},"geometry":{"type":"Point","coordinates":[-82.52900307,27.334898902]}},{"type":"Feature","properties":{"id":"wd-Q7425670","name":"Saskatoon Police Service","kind":"law-enforcement","country":"Canada","wikidata":"http://www.wikidata.org/entity/Q7425670"},"geometry":{"type":"Point","coordinates":[-106.66670092,52.134382963]}},{"type":"Feature","properties":{"id":"wd-Q7448731","name":"Selma Police Department","kind":"law-enforcement","country":"United States","wikidata":"http://www.wikidata.org/entity/Q7448731"},"geometry":{"type":"Point","coordinates":[-119.6108,36.56754]}},{"type":"Feature","properties":{"id":"wd-Q7644888","name":"Supreme Court of Cassation of Bulgaria","kind":"law-enforcement","country":"Bulgaria","wikidata":"http://www.wikidata.org/entity/Q7644888"},"geometry":{"type":"Point","coordinates":[23.3202351,42.6955118]}},{"type":"Feature","properties":{"id":"wd-Q10526700","name":"Court of Appeal for Southern Norrland","kind":"law-enforcement","country":"Sweden","wikidata":"http://www.wikidata.org/entity/Q10526700"},"geometry":{"type":"Point","coordinates":[17.29401,62.39148]}},{"type":"Feature","properties":{"id":"wd-Q10713240","name":"Vaasa Court of Appeal","kind":"law-enforcement","country":"Finland","wikidata":"http://www.wikidata.org/entity/Q10713240"},"geometry":{"type":"Point","coordinates":[21.60317547,63.09419589]}},{"type":"Feature","properties":{"id":"wd-Q10728269","name":"Court of Appeal for Eastern Finland","kind":"law-enforcement","country":"Finland","wikidata":"http://www.wikidata.org/entity/Q10728269"},"geometry":{"type":"Point","coordinates":[28.738502,60.709772]}},{"type":"Feature","properties":{"id":"wd-Q17347004","name":"Supreme court of Kosovo","kind":"law-enforcement","country":"Kosovo","wikidata":"http://www.wikidata.org/entity/Q17347004"},"geometry":{"type":"Point","coordinates":[21.1667,42.6667]}},{"type":"Feature","properties":{"id":"wd-Q17625370","name":"Court of Appeal of Liège","kind":"law-enforcement","country":"Belgium","wikidata":"http://www.wikidata.org/entity/Q17625370"},"geometry":{"type":"Point","coordinates":[5.573441983,50.645870238]}},{"type":"Feature","properties":{"id":"wd-Q20032809","name":"Q20032809","kind":"law-enforcement","country":"Poland","wikidata":"http://www.wikidata.org/entity/Q20032809"},"geometry":{"type":"Point","coordinates":[18.476273,54.380683]}},{"type":"Feature","properties":{"id":"wd-Q20551987","name":"Military Police","kind":"law-enforcement","country":"Albania","wikidata":"http://www.wikidata.org/entity/Q20551987"},"geometry":{"type":"Point","coordinates":[19.714546,41.413379]}},{"type":"Feature","properties":{"id":"wd-Q70884975","name":"Brigade Hoog Risico Beveiliging","kind":"law-enforcement","country":"Netherlands","wikidata":"http://www.wikidata.org/entity/Q70884975"},"geometry":{"type":"Point","coordinates":[4.326559,52.097818]}},{"type":"Feature","properties":{"id":"wd-Q106920034","name":"Court of Appeal of Brussels","kind":"law-enforcement","country":"Belgium","wikidata":"http://www.wikidata.org/entity/Q106920034"},"geometry":{"type":"Point","coordinates":[4.352079398,50.836701477]}},{"type":"Feature","properties":{"id":"wd-Q109310768","name":"Ghent Court of Appeal","kind":"law-enforcement","country":"Belgium","wikidata":"http://www.wikidata.org/entity/Q109310768"},"geometry":{"type":"Point","coordinates":[3.720717379,51.049954253]}},{"type":"Feature","properties":{"id":"wd-Q109314665","name":"Court of Appeal of Mons","kind":"law-enforcement","country":"Belgium","wikidata":"http://www.wikidata.org/entity/Q109314665"},"geometry":{"type":"Point","coordinates":[3.958438562,50.457320039]}},{"type":"Feature","properties":{"id":"wd-Q74737","name":"Sendai High Court","kind":"law-enforcement","country":"Japan","wikidata":"http://www.wikidata.org/entity/Q74737"},"geometry":{"type":"Point","coordinates":[140.86844444,38.25675]}},{"type":"Feature","properties":{"id":"wd-Q74748","name":"Sapporo High Court","kind":"law-enforcement","country":"Japan","wikidata":"http://www.wikidata.org/entity/Q74748"},"geometry":{"type":"Point","coordinates":[141.34009167,43.05974722]}},{"type":"Feature","properties":{"id":"wd-Q74996","name":"Ōsaka High Court","kind":"law-enforcement","country":"Japan","wikidata":"http://www.wikidata.org/entity/Q74996"},"geometry":{"type":"Point","coordinates":[135.50403056,34.69581944]}},{"type":"Feature","properties":{"id":"wd-Q82679","name":"Tōkyō High Court","kind":"law-enforcement","country":"Japan","wikidata":"http://www.wikidata.org/entity/Q82679"},"geometry":{"type":"Point","coordinates":[139.75276111,35.67508333]}},{"type":"Feature","properties":{"id":"wd-Q130502","name":"Punjab and Haryana High Court","kind":"law-enforcement","country":"India","wikidata":"http://www.wikidata.org/entity/Q130502"},"geometry":{"type":"Point","coordinates":[76.8066,30.7573]}},{"type":"Feature","properties":{"id":"wd-Q458882","name":"Hungarian Police","kind":"law-enforcement","country":"Hungary","wikidata":"http://www.wikidata.org/entity/Q458882"},"geometry":{"type":"Point","coordinates":[19.069538888,47.532872222]}},{"type":"Feature","properties":{"id":"wd-Q684093","name":"Kriminalpolizei","kind":"law-enforcement","country":"Nazi Germany","wikidata":"http://www.wikidata.org/entity/Q684093"},"geometry":{"type":"Point","coordinates":[13.3825,52.5072]}},{"type":"Feature","properties":{"id":"wd-Q695852","name":"Bombay High Court","kind":"law-enforcement","country":"India","wikidata":"http://www.wikidata.org/entity/Q695852"},"geometry":{"type":"Point","coordinates":[72.830461111,18.931183333]}},{"type":"Feature","properties":{"id":"wd-Q1026391","name":"Calcutta High Court","kind":"law-enforcement","country":"India","wikidata":"http://www.wikidata.org/entity/Q1026391"},"geometry":{"type":"Point","coordinates":[88.34333333,22.56833333]}},{"type":"Feature","properties":{"id":"wd-Q1135546","name":"Court of Appeal of Milan","kind":"law-enforcement","country":"Italy","wikidata":"http://www.wikidata.org/entity/Q1135546"},"geometry":{"type":"Point","coordinates":[9.20136383,45.46223283]}},{"type":"Feature","properties":{"id":"wd-Q1137754","name":"Court of Appeal of New Zealand","kind":"law-enforcement","country":"New Zealand","wikidata":"http://www.wikidata.org/entity/Q1137754"},"geometry":{"type":"Point","coordinates":[174.77815,-41.27721667]}},{"type":"Feature","properties":{"id":"wd-Q1148514","name":"Brunei International Airport","kind":"law-enforcement","country":"Brunei","wikidata":"http://www.wikidata.org/entity/Q1148514"},"geometry":{"type":"Point","coordinates":[114.933611111,4.945277777]}},{"type":"Feature","properties":{"id":"wd-Q1184183","name":"Delhi High Court","kind":"law-enforcement","country":"India","wikidata":"http://www.wikidata.org/entity/Q1184183"},"geometry":{"type":"Point","coordinates":[77.236199,28.608953]}},{"type":"Feature","properties":{"id":"wd-Q1319833","name":"Ottawa Macdonald-Cartier International Airport","kind":"law-enforcement","country":"Canada","wikidata":"http://www.wikidata.org/entity/Q1319833"},"geometry":{"type":"Point","coordinates":[-75.6672,45.3225]}},{"type":"Feature","properties":{"id":"wd-Q1322792","name":"Palais Thiac","kind":"law-enforcement","country":"France","wikidata":"http://www.wikidata.org/entity/Q1322792"},"geometry":{"type":"Point","coordinates":[-0.579444,44.8364]}},{"type":"Feature","properties":{"id":"wd-Q1415342","name":"Michigan Supreme Court","kind":"law-enforcement","country":"United States","wikidata":"http://www.wikidata.org/entity/Q1415342"},"geometry":{"type":"Point","coordinates":[-84.5654,42.7337]}},{"type":"Feature","properties":{"id":"wd-Q1431353","name":"Gan International Airport","kind":"law-enforcement","country":"Maldives","wikidata":"http://www.wikidata.org/entity/Q1431353"},"geometry":{"type":"Point","coordinates":[73.155555555,-0.693333333]}},{"type":"Feature","properties":{"id":"wd-Q1593550","name":"Orissa High Court","kind":"law-enforcement","country":"India","wikidata":"http://www.wikidata.org/entity/Q1593550"},"geometry":{"type":"Point","coordinates":[85.8589,20.465]}},{"type":"Feature","properties":{"id":"wd-Q1729128","name":"Police Department of the Ministry of the Interior","kind":"law-enforcement","country":"Lithuania","wikidata":"http://www.wikidata.org/entity/Q1729128"},"geometry":{"type":"Point","coordinates":[25.2579,54.6980267]}},{"type":"Feature","properties":{"id":"wd-Q1768233","name":"Iowa Supreme Court","kind":"law-enforcement","country":"United States","wikidata":"http://www.wikidata.org/entity/Q1768233"},"geometry":{"type":"Point","coordinates":[-93.601193,41.588273]}},{"type":"Feature","properties":{"id":"wd-Q1772201","name":"United States Court of Appeals for the Armed Forces","kind":"law-enforcement","country":"United States","wikidata":"http://www.wikidata.org/entity/Q1772201"},"geometry":{"type":"Point","coordinates":[-77.004444444,38.890555555]}},{"type":"Feature","properties":{"id":"wd-Q2002625","name":"Massachusetts Supreme Judicial Court","kind":"law-enforcement","country":"United States","wikidata":"http://www.wikidata.org/entity/Q2002625"},"geometry":{"type":"Point","coordinates":[-71.0609,42.3592]}},{"type":"Feature","properties":{"id":"wd-Q2009688","name":"Appellate Court of the Canton of Bern","kind":"law-enforcement","country":"Switzerland","wikidata":"http://www.wikidata.org/entity/Q2009688"},"geometry":{"type":"Point","coordinates":[7.43599444,46.94935833]}},{"type":"Feature","properties":{"id":"wd-Q2113741","name":"Minnesota Supreme Court","kind":"law-enforcement","country":"United States","wikidata":"http://www.wikidata.org/entity/Q2113741"},"geometry":{"type":"Point","coordinates":[-93.100277777,44.954444444]}},{"type":"Feature","properties":{"id":"wd-Q2343572","name":"Himachal Pradesh High Court","kind":"law-enforcement","country":"India","wikidata":"http://www.wikidata.org/entity/Q2343572"},"geometry":{"type":"Point","coordinates":[77.175,31.1]}},{"type":"Feature","properties":{"id":"wd-Q2398783","name":"Supreme Court of Virginia","kind":"law-enforcement","country":"United States","wikidata":"http://www.wikidata.org/entity/Q2398783"},"geometry":{"type":"Point","coordinates":[-77.4356,37.5394]}},{"type":"Feature","properties":{"id":"wd-Q2493768","name":"Supreme Court of Missouri","kind":"law-enforcement","country":"United States","wikidata":"http://www.wikidata.org/entity/Q2493768"},"geometry":{"type":"Point","coordinates":[-92.173966944,38.577968055]}},{"type":"Feature","properties":{"id":"wd-Q2629503","name":"Supreme Court of California","kind":"law-enforcement","country":"United States","wikidata":"http://www.wikidata.org/entity/Q2629503"},"geometry":{"type":"Point","coordinates":[-122.4178,37.7806]}},{"type":"Feature","properties":{"id":"wd-Q2785145","name":"Supreme Court of Pennsylvania","kind":"law-enforcement","country":"United States","wikidata":"http://www.wikidata.org/entity/Q2785145"},"geometry":{"type":"Point","coordinates":[-76.883333333,40.264555555]}},{"type":"Feature","properties":{"id":"wd-Q3001105","name":"Supreme Court of Florida","kind":"law-enforcement","country":"United States","wikidata":"http://www.wikidata.org/entity/Q3001105"},"geometry":{"type":"Point","coordinates":[-84.2836,30.4381]}},{"type":"Feature","properties":{"id":"wd-Q3001109","name":"Illinois Supreme Court","kind":"law-enforcement","country":"United States","wikidata":"http://www.wikidata.org/entity/Q3001109"},"geometry":{"type":"Point","coordinates":[-89.6527,39.7979]}},{"type":"Feature","properties":{"id":"wd-Q3001113","name":"Utah Supreme Court","kind":"law-enforcement","country":"United States","wikidata":"http://www.wikidata.org/entity/Q3001113"},"geometry":{"type":"Point","coordinates":[-111.889,40.7595]}},{"type":"Feature","properties":{"id":"wd-Q3001117","name":"New Hampshire Supreme Court","kind":"law-enforcement","country":"United States","wikidata":"http://www.wikidata.org/entity/Q3001117"},"geometry":{"type":"Point","coordinates":[-71.521111,43.211667]}},{"type":"Feature","properties":{"id":"wd-Q3001120","name":"Supreme Court of New Jersey","kind":"law-enforcement","country":"United States","wikidata":"http://www.wikidata.org/entity/Q3001120"},"geometry":{"type":"Point","coordinates":[-74.7641,40.2136]}},{"type":"Feature","properties":{"id":"wd-Q3001121","name":"Vermont Supreme Court","kind":"law-enforcement","country":"United States","wikidata":"http://www.wikidata.org/entity/Q3001121"},"geometry":{"type":"Point","coordinates":[-72.57975,44.26166]}},{"type":"Feature","properties":{"id":"wd-Q3135363","name":"High Court of Singapore","kind":"law-enforcement","country":"Singapore","wikidata":"http://www.wikidata.org/entity/Q3135363"},"geometry":{"type":"Point","coordinates":[103.85,1.28989]}},{"type":"Feature","properties":{"id":"wd-Q3274178","name":"Kingston/Norman Rogers Airport","kind":"law-enforcement","country":"Canada","wikidata":"http://www.wikidata.org/entity/Q3274178"},"geometry":{"type":"Point","coordinates":[-76.596944444,44.225277777]}},{"type":"Feature","properties":{"id":"wd-Q3276107","name":"Telangana High Court","kind":"law-enforcement","country":"India","wikidata":"http://www.wikidata.org/entity/Q3276107"},"geometry":{"type":"Point","coordinates":[78.472039,17.369181]}},{"type":"Feature","properties":{"id":"wd-Q3347290","name":"Rapid Action Battalion","kind":"law-enforcement","country":"Bangladesh","wikidata":"http://www.wikidata.org/entity/Q3347290"},"geometry":{"type":"Point","coordinates":[90.399158,23.857213]}},{"type":"Feature","properties":{"id":"wd-Q3349334","name":"Gauhati High Court","kind":"law-enforcement","country":"India","wikidata":"http://www.wikidata.org/entity/Q3349334"},"geometry":{"type":"Point","coordinates":[91.7514,26.1913]}},{"type":"Feature","properties":{"id":"wd-Q3502265","name":"Sudbury Airport","kind":"law-enforcement","country":"Canada","wikidata":"http://www.wikidata.org/entity/Q3502265"},"geometry":{"type":"Point","coordinates":[-80.7978,46.6256]}},{"type":"Feature","properties":{"id":"wd-Q3522623","name":"Kerala High Court","kind":"law-enforcement","country":"India","wikidata":"http://www.wikidata.org/entity/Q3522623"},"geometry":{"type":"Point","coordinates":[76.275,9.986111111]}},{"type":"Feature","properties":{"id":"wd-Q3522720","name":"Allahabad High Court","kind":"law-enforcement","country":"India","wikidata":"http://www.wikidata.org/entity/Q3522720"},"geometry":{"type":"Point","coordinates":[81.82055556,25.45305556]}},{"type":"Feature","properties":{"id":"wd-Q3523473","name":"Chhattisgarh High Court","kind":"law-enforcement","country":"India","wikidata":"http://www.wikidata.org/entity/Q3523473"},"geometry":{"type":"Point","coordinates":[82.0969,22.0182]}},{"type":"Feature","properties":{"id":"wd-Q3532381","name":"Uttarakhand High Court","kind":"law-enforcement","country":"India","wikidata":"http://www.wikidata.org/entity/Q3532381"},"geometry":{"type":"Point","coordinates":[79.4477,29.3958]}},{"type":"Feature","properties":{"id":"wd-Q3532601","name":"Madhya Pradesh High Court","kind":"law-enforcement","country":"India","wikidata":"http://www.wikidata.org/entity/Q3532601"},"geometry":{"type":"Point","coordinates":[79.938611111,23.160555555]}},{"type":"Feature","properties":{"id":"wd-Q3532643","name":"Patna High Court","kind":"law-enforcement","country":"India","wikidata":"http://www.wikidata.org/entity/Q3532643"},"geometry":{"type":"Point","coordinates":[85.125,25.60888889]}},{"type":"Feature","properties":{"id":"wd-Q3532653","name":"Rajasthan High Court","kind":"law-enforcement","country":"India","wikidata":"http://www.wikidata.org/entity/Q3532653"},"geometry":{"type":"Point","coordinates":[73.035172,26.292246]}},{"type":"Feature","properties":{"id":"wd-Q3532728","name":"Sikkim High Court","kind":"law-enforcement","country":"India","wikidata":"http://www.wikidata.org/entity/Q3532728"},"geometry":{"type":"Point","coordinates":[88.6146,27.3319]}},{"type":"Feature","properties":{"id":"wd-Q3532946","name":"Gujarat High Court","kind":"law-enforcement","country":"India","wikidata":"http://www.wikidata.org/entity/Q3532946"},"geometry":{"type":"Point","coordinates":[72.5244,23.0802]}},{"type":"Feature","properties":{"id":"wd-Q3533032","name":"Jharkhand High Court","kind":"law-enforcement","country":"India","wikidata":"http://www.wikidata.org/entity/Q3533032"},"geometry":{"type":"Point","coordinates":[85.32397,23.33961]}},{"type":"Feature","properties":{"id":"wd-Q3560672","name":"Virginia Department of Corrections","kind":"law-enforcement","country":"United States","wikidata":"http://www.wikidata.org/entity/Q3560672"},"geometry":{"type":"Point","coordinates":[-77.44,37.54]}},{"type":"Feature","properties":{"id":"wd-Q3694687","name":"Minnesota Court of Appeals","kind":"law-enforcement","country":"United States","wikidata":"http://www.wikidata.org/entity/Q3694687"},"geometry":{"type":"Point","coordinates":[-93.1003,44.9544]}},{"type":"Feature","properties":{"id":"wd-Q3694688","name":"Texas Court of Criminal Appeals","kind":"law-enforcement","country":"United States","wikidata":"http://www.wikidata.org/entity/Q3694688"},"geometry":{"type":"Point","coordinates":[-97.74126667,30.27632222]}},{"type":"Feature","properties":{"id":"wd-Q3708994","name":"Central Directorate for Anti-Drug Services","kind":"law-enforcement","country":"Italy","wikidata":"http://www.wikidata.org/entity/Q3708994"},"geometry":{"type":"Point","coordinates":[12.596111111,41.836388888]}},{"type":"Feature","properties":{"id":"wd-Q4139164","name":"Moscow Oblast Police","kind":"law-enforcement","country":"Russia","wikidata":"http://www.wikidata.org/entity/Q4139164"},"geometry":{"type":"Point","coordinates":[37.609038,55.756254]}},{"type":"Feature","properties":{"id":"wd-Q4167888","name":"Washington Supreme Court","kind":"law-enforcement","country":"United States","wikidata":"http://www.wikidata.org/entity/Q4167888"},"geometry":{"type":"Point","coordinates":[-122.905,47.0369]}},{"type":"Feature","properties":{"id":"wd-Q4309637","name":"Q4309637","kind":"law-enforcement","country":"Russian Empire","wikidata":"http://www.wikidata.org/entity/Q4309637"},"geometry":{"type":"Point","coordinates":[30.306111111,59.948611111]}},{"type":"Feature","properties":{"id":"wd-Q4370215","name":"Albanian Police","kind":"law-enforcement","country":"Albania","wikidata":"http://www.wikidata.org/entity/Q4370215"},"geometry":{"type":"Point","coordinates":[19.81332016,41.32423019]}},{"type":"Feature","properties":{"id":"wd-Q4705352","name":"Alabama Supreme Court","kind":"law-enforcement","country":"United States","wikidata":"http://www.wikidata.org/entity/Q4705352"},"geometry":{"type":"Point","coordinates":[-86.304333333,32.376944444]}},{"type":"Feature","properties":{"id":"wd-Q4731233","name":"Allegany County Sheriff's Office","kind":"law-enforcement","country":"United States","wikidata":"http://www.wikidata.org/entity/Q4731233"},"geometry":{"type":"Point","coordinates":[-78.81875,39.60805556]}},{"type":"Feature","properties":{"id":"wd-Q4750889","name":"Anaheim Police Department","kind":"law-enforcement","country":"United States","wikidata":"http://www.wikidata.org/entity/Q4750889"},"geometry":{"type":"Point","coordinates":[-117.9152,33.83286]}},{"type":"Feature","properties":{"id":"wd-Q4781000","name":"Supreme Court of the State of New York, Appellate Division, First Judicial Department","kind":"law-enforcement","country":"United States","wikidata":"http://www.wikidata.org/entity/Q4781000"},"geometry":{"type":"Point","coordinates":[-73.986666666,40.742222222]}},{"type":"Feature","properties":{"id":"wd-Q4791452","name":"Arizona Supreme Court","kind":"law-enforcement","country":"United States","wikidata":"http://www.wikidata.org/entity/Q4791452"},"geometry":{"type":"Point","coordinates":[-112.092,33.4475]}},{"type":"Feature","properties":{"id":"wd-Q4791883","name":"Arkansas Supreme Court","kind":"law-enforcement","country":"United States","wikidata":"http://www.wikidata.org/entity/Q4791883"},"geometry":{"type":"Point","coordinates":[-92.290972222,34.745166666]}},{"type":"Feature","properties":{"id":"wd-Q4793927","name":"Armstrong County Sheriff's Office","kind":"law-enforcement","country":"United States","wikidata":"http://www.wikidata.org/entity/Q4793927"},"geometry":{"type":"Point","coordinates":[-101.360107,35.110396]}},{"type":"Feature","properties":{"id":"wd-Q4813453","name":"Athens-Clarke County Police Department","kind":"law-enforcement","country":"United States","wikidata":"http://www.wikidata.org/entity/Q4813453"},"geometry":{"type":"Point","coordinates":[-83.3283,33.9422]}},{"type":"Feature","properties":{"id":"wd-Q4819290","name":"Auburn Police Department","kind":"law-enforcement","country":"United States","wikidata":"http://www.wikidata.org/entity/Q4819290"},"geometry":{"type":"Point","coordinates":[-121.0789,38.8962]}},{"type":"Feature","properties":{"id":"wd-Q4834641","name":"Bay Area Rapid Transit Police Department","kind":"law-enforcement","country":"United States","wikidata":"http://www.wikidata.org/entity/Q4834641"},"geometry":{"type":"Point","coordinates":[-122.2731,37.80508]}},{"type":"Feature","properties":{"id":"wd-Q4849312","name":"Bakersfield Police Department","kind":"law-enforcement","country":"United States","wikidata":"http://www.wikidata.org/entity/Q4849312"},"geometry":{"type":"Point","coordinates":[-119.0189,35.36723]}},{"type":"Feature","properties":{"id":"wd-Q4992107","name":"Supreme Court of Hawaii","kind":"law-enforcement","country":"Republic of Hawaii","wikidata":"http://www.wikidata.org/entity/Q4992107"},"geometry":{"type":"Point","coordinates":[-157.8599,21.3054]}},{"type":"Feature","properties":{"id":"wd-Q5148967","name":"Colorado Supreme Court","kind":"law-enforcement","country":"United States","wikidata":"http://www.wikidata.org/entity/Q5148967"},"geometry":{"type":"Point","coordinates":[-104.987,39.7381]}},{"type":"Feature","properties":{"id":"wd-Q5161630","name":"Connecticut Supreme Court","kind":"law-enforcement","country":"United States","wikidata":"http://www.wikidata.org/entity/Q5161630"},"geometry":{"type":"Point","coordinates":[-72.682972,41.762525]}},{"type":"Feature","properties":{"id":"wd-Q5178325","name":"Court of Appeal of Malaysia","kind":"law-enforcement","country":"Malaysia","wikidata":"http://www.wikidata.org/entity/Q5178325"},"geometry":{"type":"Point","coordinates":[101.683694444,2.917]}},{"type":"Feature","properties":{"id":"wd-Q5178333","name":"Court of Appeals of Virginia","kind":"law-enforcement","country":"United States","wikidata":"http://www.wikidata.org/entity/Q5178333"},"geometry":{"type":"Point","coordinates":[-77.435555555,37.539444444]}},{"type":"Feature","properties":{"id":"wd-Q5253374","name":"Delaware Supreme Court","kind":"law-enforcement","country":"United States","wikidata":"http://www.wikidata.org/entity/Q5253374"},"geometry":{"type":"Point","coordinates":[-75.5461,39.7433]}},{"type":"Feature","properties":{"id":"wd-Q5283409","name":"District of Columbia Court of Appeals","kind":"law-enforcement","country":"United States","wikidata":"http://www.wikidata.org/entity/Q5283409"},"geometry":{"type":"Point","coordinates":[-77.017777777,38.895277777]}},{"type":"Feature","properties":{"id":"wd-Q5477599","name":"Kentucky Supreme Court","kind":"law-enforcement","country":"United States","wikidata":"http://www.wikidata.org/entity/Q5477599"},"geometry":{"type":"Point","coordinates":[-84.8753,38.1868]}},{"type":"Feature","properties":{"id":"wd-Q5547431","name":"Georgia Court of Appeals","kind":"law-enforcement","country":"United States","wikidata":"http://www.wikidata.org/entity/Q5547431"},"geometry":{"type":"Point","coordinates":[-84.3873292,33.7461278]}},{"type":"Feature","properties":{"id":"wd-Q5987471","name":"Idaho Supreme Court","kind":"law-enforcement","country":"United States","wikidata":"http://www.wikidata.org/entity/Q5987471"},"geometry":{"type":"Point","coordinates":[-116.197,43.616]}},{"type":"Feature","properties":{"id":"wd-Q6023438","name":"Indiana State Police","kind":"law-enforcement","country":"United States","wikidata":"http://www.wikidata.org/entity/Q6023438"},"geometry":{"type":"Point","coordinates":[-86.16492222,39.76884167]}},{"type":"Feature","properties":{"id":"wd-Q6365113","name":"Kansas Supreme Court","kind":"law-enforcement","country":"United States","wikidata":"http://www.wikidata.org/entity/Q6365113"},"geometry":{"type":"Point","coordinates":[-95.679068,39.045536]}},{"type":"Feature","properties":{"id":"wd-Q6689316","name":"Louisiana Supreme Court","kind":"law-enforcement","country":"United States","wikidata":"http://www.wikidata.org/entity/Q6689316"},"geometry":{"type":"Point","coordinates":[-90.066004,29.955706]}},{"type":"Feature","properties":{"id":"wd-Q6736522","name":"Maine Supreme Judicial Court","kind":"law-enforcement","country":"United States","wikidata":"http://www.wikidata.org/entity/Q6736522"},"geometry":{"type":"Point","coordinates":[-70.2537,43.6592]}},{"type":"Feature","properties":{"id":"wd-Q6781254","name":"Maryland-National Capital Park Police Montgomery County Division","kind":"law-enforcement","country":"United States","wikidata":"http://www.wikidata.org/entity/Q6781254"},"geometry":{"type":"Point","coordinates":[-77.0462877,39.0649435]}},{"type":"Feature","properties":{"id":"wd-Q6781295","name":"Supreme Court of Maryland","kind":"law-enforcement","country":"United States","wikidata":"http://www.wikidata.org/entity/Q6781295"},"geometry":{"type":"Point","coordinates":[-76.491666666,38.979444444]}},{"type":"Feature","properties":{"id":"wd-Q6784179","name":"Massachusetts Appeals Court","kind":"law-enforcement","country":"United States","wikidata":"http://www.wikidata.org/entity/Q6784179"},"geometry":{"type":"Point","coordinates":[-71.06116,42.359343]}},{"type":"Feature","properties":{"id":"wd-Q6984792","name":"Nebraska Supreme Court","kind":"law-enforcement","country":"United States","wikidata":"http://www.wikidata.org/entity/Q6984792"},"geometry":{"type":"Point","coordinates":[-96.699587,40.80809]}},{"type":"Feature","properties":{"id":"wd-Q7054626","name":"North Carolina Supreme Court","kind":"law-enforcement","country":"United States","wikidata":"http://www.wikidata.org/entity/Q7054626"},"geometry":{"type":"Point","coordinates":[-78.6385,35.7794]}},{"type":"Feature","properties":{"id":"wd-Q7055070","name":"North Dakota Supreme Court","kind":"law-enforcement","country":"United States","wikidata":"http://www.wikidata.org/entity/Q7055070"},"geometry":{"type":"Point","coordinates":[-100.782582966,46.820758753]}},{"type":"Feature","properties":{"id":"wd-Q7082395","name":"Oklahoma Supreme Court","kind":"law-enforcement","country":"United States","wikidata":"http://www.wikidata.org/entity/Q7082395"},"geometry":{"type":"Point","coordinates":[-97.503372,35.492282]}},{"type":"Feature","properties":{"id":"wd-Q7634557","name":"Suffolk County Park Police","kind":"law-enforcement","country":"United States","wikidata":"http://www.wikidata.org/entity/Q7634557"},"geometry":{"type":"Point","coordinates":[-72.637966404,40.921511673]}},{"type":"Feature","properties":{"id":"wd-Q17014172","name":"Polícia Judiciária","kind":"law-enforcement","country":"Portugal","wikidata":"http://www.wikidata.org/entity/Q17014172"},"geometry":{"type":"Point","coordinates":[-9.143083333,38.729011111]}},{"type":"Feature","properties":{"id":"wd-Q1312559","name":"Tokyo Metropolitan Police Department","kind":"law-enforcement","country":"Japan","wikidata":"http://www.wikidata.org/entity/Q1312559"},"geometry":{"type":"Point","coordinates":[139.752305555,35.677027777]}},{"type":"Feature","properties":{"id":"wd-Q1521097","name":"Toronto Police Service","kind":"law-enforcement","country":"Canada","wikidata":"http://www.wikidata.org/entity/Q1521097"},"geometry":{"type":"Point","coordinates":[-79.385254852,43.661549769]}},{"type":"Feature","properties":{"id":"wd-Q4804887","name":"Hokkaido Prefectural Police","kind":"law-enforcement","country":"Japan","wikidata":"http://www.wikidata.org/entity/Q4804887"},"geometry":{"type":"Point","coordinates":[141.346144444,43.063205555]}},{"type":"Feature","properties":{"id":"wd-Q8003844","name":"William & Mary Police","kind":"law-enforcement","country":"United States","wikidata":"http://www.wikidata.org/entity/Q8003844"},"geometry":{"type":"Point","coordinates":[-76.7179,37.2679]}},{"type":"Feature","properties":{"id":"wd-Q8024189","name":"Windham County Sheriff's Department","kind":"law-enforcement","country":"United States","wikidata":"http://www.wikidata.org/entity/Q8024189"},"geometry":{"type":"Point","coordinates":[-72.6542,42.9859]}},{"type":"Feature","properties":{"id":"wd-Q9352857","name":"Court of Appeal in Rzeszów","kind":"law-enforcement","country":"Poland","wikidata":"http://www.wikidata.org/entity/Q9352857"},"geometry":{"type":"Point","coordinates":[22.00659055,50.040667869]}},{"type":"Feature","properties":{"id":"wd-Q9352859","name":"Court of Appeal in Białystok","kind":"law-enforcement","country":"Poland","wikidata":"http://www.wikidata.org/entity/Q9352859"},"geometry":{"type":"Point","coordinates":[23.1707,53.1274]}},{"type":"Feature","properties":{"id":"wd-Q11081257","name":"Singapore Police Force","kind":"law-enforcement","country":"Singapore","wikidata":"http://www.wikidata.org/entity/Q11081257"},"geometry":{"type":"Point","coordinates":[103.845344444,1.324322222]}},{"type":"Feature","properties":{"id":"wd-Q11357854","name":"Mie Prefectural Police","kind":"law-enforcement","country":"Japan","wikidata":"http://www.wikidata.org/entity/Q11357854"},"geometry":{"type":"Point","coordinates":[136.5085,34.726444]}},{"type":"Feature","properties":{"id":"wd-Q11375295","name":"Kyoto Prefectural Police","kind":"law-enforcement","country":"Japan","wikidata":"http://www.wikidata.org/entity/Q11375295"},"geometry":{"type":"Point","coordinates":[135.756111111,35.022222222]}},{"type":"Feature","properties":{"id":"wd-Q11384774","name":"Saga Prefectural Police","kind":"law-enforcement","country":"Japan","wikidata":"http://www.wikidata.org/entity/Q11384774"},"geometry":{"type":"Point","coordinates":[130.298055555,33.250919444]}},{"type":"Feature","properties":{"id":"wd-Q11393163","name":"Hyogo Prefectural Police","kind":"law-enforcement","country":"Japan","wikidata":"http://www.wikidata.org/entity/Q11393163"},"geometry":{"type":"Point","coordinates":[135.184030555,34.689969444]}},{"type":"Feature","properties":{"id":"wd-Q11403059","name":"Hokkaido Hakodate Area Police Headquarters","kind":"law-enforcement","country":"Japan","wikidata":"http://www.wikidata.org/entity/Q11403059"},"geometry":{"type":"Point","coordinates":[140.751972222,41.796]}},{"type":"Feature","properties":{"id":"wd-Q11406401","name":"Chiba Prefectural Police","kind":"law-enforcement","country":"Japan","wikidata":"http://www.wikidata.org/entity/Q11406401"},"geometry":{"type":"Point","coordinates":[139.943968,35.896446]}},{"type":"Feature","properties":{"id":"wd-Q11417487","name":"Wakayama Prefectural Police","kind":"law-enforcement","country":"Japan","wikidata":"http://www.wikidata.org/entity/Q11417487"},"geometry":{"type":"Point","coordinates":[135.16675,34.226111]}},{"type":"Feature","properties":{"id":"wd-Q11426807","name":"Saitama Prefectural Police","kind":"law-enforcement","country":"Japan","wikidata":"http://www.wikidata.org/entity/Q11426807"},"geometry":{"type":"Point","coordinates":[139.648611,35.857806]}},{"type":"Feature","properties":{"id":"wd-Q11432914","name":"Oita Prefectural Police","kind":"law-enforcement","country":"Japan","wikidata":"http://www.wikidata.org/entity/Q11432914"},"geometry":{"type":"Point","coordinates":[131.612675,33.238933333]}},{"type":"Feature","properties":{"id":"wd-Q11441226","name":"Osaka Prefectural Police","kind":"law-enforcement","country":"Japan","wikidata":"http://www.wikidata.org/entity/Q11441226"},"geometry":{"type":"Point","coordinates":[135.520389,34.683972]}},{"type":"Feature","properties":{"id":"wd-Q11441571","name":"Osaka Customs","kind":"law-enforcement","country":"Japan","wikidata":"http://www.wikidata.org/entity/Q11441571"},"geometry":{"type":"Point","coordinates":[135.430611111,34.653305555]}},{"type":"Feature","properties":{"id":"wd-Q11445244","name":"Nara Prefectural Police","kind":"law-enforcement","country":"Japan","wikidata":"http://www.wikidata.org/entity/Q11445244"},"geometry":{"type":"Point","coordinates":[135.833919444,34.686158333]}},{"type":"Feature","properties":{"id":"wd-Q11453797","name":"Miyagi Prefectural Police","kind":"law-enforcement","country":"Japan","wikidata":"http://www.wikidata.org/entity/Q11453797"},"geometry":{"type":"Point","coordinates":[140.873,38.268722]}},{"type":"Feature","properties":{"id":"wd-Q11454486","name":"Miyazaki Prefectural Police","kind":"law-enforcement","country":"Japan","wikidata":"http://www.wikidata.org/entity/Q11454486"},"geometry":{"type":"Point","coordinates":[131.427219444,31.910152777]}},{"type":"Feature","properties":{"id":"wd-Q11456555","name":"Toyama Prefectural Police","kind":"law-enforcement","country":"Japan","wikidata":"http://www.wikidata.org/entity/Q11456555"},"geometry":{"type":"Point","coordinates":[137.210278,36.694722]}},{"type":"Feature","properties":{"id":"wd-Q11467117","name":"Yamaguchi Prefectural Police","kind":"law-enforcement","country":"Japan","wikidata":"http://www.wikidata.org/entity/Q11467117"},"geometry":{"type":"Point","coordinates":[131.469527777,34.185805555]}},{"type":"Feature","properties":{"id":"wd-Q11468579","name":"Yamagata Prefectural Police","kind":"law-enforcement","country":"Japan","wikidata":"http://www.wikidata.org/entity/Q11468579"},"geometry":{"type":"Point","coordinates":[140.365083333,38.240444444]}},{"type":"Feature","properties":{"id":"wd-Q11469747","name":"Yamanashi Prefectural Police","kind":"law-enforcement","country":"Japan","wikidata":"http://www.wikidata.org/entity/Q11469747"},"geometry":{"type":"Point","coordinates":[138.568769444,35.663716666]}},{"type":"Feature","properties":{"id":"wd-Q11471581","name":"Gifu Police","kind":"law-enforcement","country":"Japan","wikidata":"http://www.wikidata.org/entity/Q11471581"},"geometry":{"type":"Point","coordinates":[136.720669444,35.391183333]}},{"type":"Feature","properties":{"id":"wd-Q11472360","name":"Okayama Prefectural Police","kind":"law-enforcement","country":"Japan","wikidata":"http://www.wikidata.org/entity/Q11472360"},"geometry":{"type":"Point","coordinates":[133.934097222,34.661027777]}},{"type":"Feature","properties":{"id":"wd-Q11474796","name":"Iwate Prefectural Police","kind":"law-enforcement","country":"Japan","wikidata":"http://www.wikidata.org/entity/Q11474796"},"geometry":{"type":"Point","coordinates":[141.150667,39.702833]}},{"type":"Feature","properties":{"id":"wd-Q11476532","name":"Shimane Prefectural Police","kind":"law-enforcement","country":"Japan","wikidata":"http://www.wikidata.org/entity/Q11476532"},"geometry":{"type":"Point","coordinates":[133.0505,35.4705]}},{"type":"Feature","properties":{"id":"wd-Q11484897","name":"Hiroshima Prefectural Police","kind":"law-enforcement","country":"Japan","wikidata":"http://www.wikidata.org/entity/Q11484897"},"geometry":{"type":"Point","coordinates":[132.461205555,34.39615]}},{"type":"Feature","properties":{"id":"wd-Q11489998","name":"Tokushima Prefectural Police","kind":"law-enforcement","country":"Japan","wikidata":"http://www.wikidata.org/entity/Q11489998"},"geometry":{"type":"Point","coordinates":[134.560143,34.064954]}},{"type":"Feature","properties":{"id":"wd-Q11493680","name":"Ehime Prefectural Police","kind":"law-enforcement","country":"Japan","wikidata":"http://www.wikidata.org/entity/Q11493680"},"geometry":{"type":"Point","coordinates":[132.762922222,33.839041666]}},{"type":"Feature","properties":{"id":"wd-Q11494360","name":"Aichi Prefectural Police","kind":"law-enforcement","country":"Japan","wikidata":"http://www.wikidata.org/entity/Q11494360"},"geometry":{"type":"Point","coordinates":[136.901138888,35.180527777]}},{"type":"Feature","properties":{"id":"wd-Q11495635","name":"Narita International Airport Police Station","kind":"law-enforcement","country":"Japan","wikidata":"http://www.wikidata.org/entity/Q11495635"},"geometry":{"type":"Point","coordinates":[140.386667,35.768889]}},{"type":"Feature","properties":{"id":"wd-Q11503160","name":"Niigata Prefectural Police","kind":"law-enforcement","country":"Japan","wikidata":"http://www.wikidata.org/entity/Q11503160"},"geometry":{"type":"Point","coordinates":[139.022806,37.901694]}},{"type":"Feature","properties":{"id":"wd-Q11525071","name":"Tokyo Airport Police Station","kind":"law-enforcement","country":"Japan","wikidata":"http://www.wikidata.org/entity/Q11525071"},"geometry":{"type":"Point","coordinates":[139.784138888,35.555111111]}},{"type":"Feature","properties":{"id":"wd-Q11535305","name":"Tochigi Prefectural Police","kind":"law-enforcement","country":"Japan","wikidata":"http://www.wikidata.org/entity/Q11535305"},"geometry":{"type":"Point","coordinates":[139.883,36.566722]}},{"type":"Feature","properties":{"id":"wd-Q11552843","name":"Okinawa Prefectural Police","kind":"law-enforcement","country":"Japan","wikidata":"http://www.wikidata.org/entity/Q11552843"},"geometry":{"type":"Point","coordinates":[127.681111111,26.211555555]}},{"type":"Feature","properties":{"id":"wd-Q11564697","name":"Shiga Prefectural Police","kind":"law-enforcement","country":"Japan","wikidata":"http://www.wikidata.org/entity/Q11564697"},"geometry":{"type":"Point","coordinates":[135.873028,35.0075]}},{"type":"Feature","properties":{"id":"wd-Q11568332","name":"Kumamoto Prefectural Police","kind":"law-enforcement","country":"Japan","wikidata":"http://www.wikidata.org/entity/Q11568332"},"geometry":{"type":"Point","coordinates":[130.74135,32.790281111]}},{"type":"Feature","properties":{"id":"wd-Q11586044","name":"Ishikawa Prefectural Police","kind":"law-enforcement","country":"Japan","wikidata":"http://www.wikidata.org/entity/Q11586044"},"geometry":{"type":"Point","coordinates":[136.626314,36.593855]}},{"type":"Feature","properties":{"id":"wd-Q11589230","name":"Kanagawa Prefectural Police Department","kind":"law-enforcement","country":"Japan","wikidata":"http://www.wikidata.org/entity/Q11589230"},"geometry":{"type":"Point","coordinates":[139.641027777,35.449916666]}},{"type":"Feature","properties":{"id":"wd-Q11590195","name":"Kobe Customs","kind":"law-enforcement","country":"Japan","wikidata":"http://www.wikidata.org/entity/Q11590195"},"geometry":{"type":"Point","coordinates":[135.198278055,34.684943888]}},{"type":"Feature","properties":{"id":"wd-Q11591504","name":"Fukui Prefectural Police","kind":"law-enforcement","country":"Japan","wikidata":"http://www.wikidata.org/entity/Q11591504"},"geometry":{"type":"Point","coordinates":[136.221022,36.064974]}},{"type":"Feature","properties":{"id":"wd-Q11592629","name":"Fukuoka Prefectural Police","kind":"law-enforcement","country":"Japan","wikidata":"http://www.wikidata.org/entity/Q11592629"},"geometry":{"type":"Point","coordinates":[130.419306,33.607611]}},{"type":"Feature","properties":{"id":"wd-Q12601151","name":"Seoul High Court","kind":"law-enforcement","country":"South Korea","wikidata":"http://www.wikidata.org/entity/Q12601151"},"geometry":{"type":"Point","coordinates":[127.011463888,37.496077777]}},{"type":"Feature","properties":{"id":"wd-Q12779324","name":"Prison and Court Guard Service","kind":"law-enforcement","country":"Slovakia","wikidata":"http://www.wikidata.org/entity/Q12779324"},"geometry":{"type":"Point","coordinates":[17.128782,48.147872]}},{"type":"Feature","properties":{"id":"wd-Q14683932","name":"Sebastopol Police Department","kind":"law-enforcement","country":"United States","wikidata":"http://www.wikidata.org/entity/Q14683932"},"geometry":{"type":"Point","coordinates":[-122.82333333,38.40444444]}},{"type":"Feature","properties":{"id":"wd-Q14691848","name":"St. Landry Parish Sheriff's Office","kind":"law-enforcement","country":"United States","wikidata":"http://www.wikidata.org/entity/Q14691848"},"geometry":{"type":"Point","coordinates":[-92.0841,30.5341]}},{"type":"Feature","properties":{"id":"wd-Q14709080","name":"Multnomah County Sheriff's Office Search and Rescue","kind":"law-enforcement","country":"United States","wikidata":"http://www.wikidata.org/entity/Q14709080"},"geometry":{"type":"Point","coordinates":[-122.538,45.5263]}},{"type":"Feature","properties":{"id":"wd-Q14915769","name":"Q14915769","kind":"law-enforcement","country":"Slovakia","wikidata":"http://www.wikidata.org/entity/Q14915769"},"geometry":{"type":"Point","coordinates":[17.12451,48.163461]}},{"type":"Feature","properties":{"id":"wd-Q15242890","name":"Los Angeles County District Attorney","kind":"law-enforcement","country":"United States","wikidata":"http://www.wikidata.org/entity/Q15242890"},"geometry":{"type":"Point","coordinates":[-118.2454,34.05357]}},{"type":"Feature","properties":{"id":"wd-Q16097617","name":"Busan High Court","kind":"law-enforcement","country":"South Korea","wikidata":"http://www.wikidata.org/entity/Q16097617"},"geometry":{"type":"Point","coordinates":[129.073236111,35.192611111]}},{"type":"Feature","properties":{"id":"wd-Q16852283","name":"Carmel Police Department","kind":"law-enforcement","country":"United States","wikidata":"http://www.wikidata.org/entity/Q16852283"},"geometry":{"type":"Point","coordinates":[-121.9244,36.55443]}},{"type":"Feature","properties":{"id":"wd-Q16984988","name":"St. Louis Department of Public Safety","kind":"law-enforcement","country":"United States","wikidata":"http://www.wikidata.org/entity/Q16984988"},"geometry":{"type":"Point","coordinates":[-90.199402,38.627003]}},{"type":"Feature","properties":{"id":"wd-Q17035148","name":"Long Beach Police Department","kind":"law-enforcement","country":"United States","wikidata":"http://www.wikidata.org/entity/Q17035148"},"geometry":{"type":"Point","coordinates":[-118.1924,33.76672]}},{"type":"Feature","properties":{"id":"wd-Q17108191","name":"Stockton Police Department","kind":"law-enforcement","country":"United States","wikidata":"http://www.wikidata.org/entity/Q17108191"},"geometry":{"type":"Point","coordinates":[-121.2905,37.95373]}},{"type":"Feature","properties":{"id":"wd-Q17182570","name":"Arcadia Police Department","kind":"law-enforcement","country":"United States","wikidata":"http://www.wikidata.org/entity/Q17182570"},"geometry":{"type":"Point","coordinates":[-118.0386,34.13641]}},{"type":"Feature","properties":{"id":"wd-Q17332595","name":"Santa Monica Police Department","kind":"law-enforcement","country":"United States","wikidata":"http://www.wikidata.org/entity/Q17332595"},"geometry":{"type":"Point","coordinates":[-118.4923,34.01158]}},{"type":"Feature","properties":{"id":"wd-Q17509441","name":"San Marino Police Department","kind":"law-enforcement","country":"United States","wikidata":"http://www.wikidata.org/entity/Q17509441"},"geometry":{"type":"Point","coordinates":[-118.105,34.12215]}},{"type":"Feature","properties":{"id":"wd-Q18392019","name":"Sierra Madre Police Department","kind":"law-enforcement","country":"United States","wikidata":"http://www.wikidata.org/entity/Q18392019"},"geometry":{"type":"Point","coordinates":[-118.0572,34.16187]}}]}